🚀 Shopify Bundle App server running on port 5000
📱 Frontend URL: http://localhost:3000
🏪 Shopify Store: labeldc-estore.myshopify.com
Found components for "(@Debina Bonnerjee) Stripe Technicolour Coord Set": [ 'top', 'bottom', 'accessory', 'dress' ]
Found components for "(@Debina Bonnerjee) Stripe Technicolour Coord Set": [ 'top', 'bottom', 'accessory', 'dress' ]
Processing set product with ID: 7698929287362
Starting to process set product with ID: 7698929287362
Fetched product: (@Debina Bonnerjee) Stripe Technicolour Coord Set
Found components for "(@Debina Bonnerjee) Stripe Technicolour Coord Set": [ 'top', 'bottom', 'accessory', 'dress' ]
Found components for "(@Debina Bonnerjee) Stripe Technicolour Coord Set": [ 'top', 'bottom', 'accessory', 'dress' ]
Detected 2 piece set with components: [ 'Top', 'Bottom' ]
Price split: 5999.00 -> 2499.00, 3500.00
Found components for "(@Debina Bonnerjee) Stripe Technicolour Coord Set": [ 'top', 'bottom', 'accessory', 'dress' ]
Generating components for "(@Debina Bonnerjee) Stripe Technicolour Coord Set": [ 'Top', 'Bottom' ]
Generated 2 component products
Creating component 1/2: (@Debina Bonnerjee) Stripe Technicolour Coord Top
Successfully created component: (@Debina Bonnerjee) Stripe Technicolour Coord Top (ID: 8157879992514)
Creating component 2/2: (@Debina Bonnerjee) Stripe Technicolour Coord Bottom
Successfully created component: (@Debina Bonnerjee) Stripe Technicolour Coord Bottom (ID: 8157880090818)
Successfully created all 2 component products
Creating bundle configuration...
Found components for "(@Debina Bonnerjee) Stripe Technicolour Coord Set": [ 'top', 'bottom', 'accessory', 'dress' ]
Bundle configuration created successfully
Finding all set products...
Fetching all products from Shopify...
Found 250 total products, filtering for sets...
Found 110 set products, checking processed status...
Found components for "(@CurlyTales) White Chikan Set": [ 'top', 'bottom', 'accessory', 'dress' ]
Product (@CurlyTales) White Chikan Set already processed (component Top exists)
Found components for "(@Debina Bonnerjee) Stripe Technicolour Coord Set": [ 'top', 'bottom', 'accessory', 'dress' ]
Product (@Debina Bonnerjee) Stripe Technicolour Coord Set already processed (component Top exists)
Found components for "(@Masoom Minawala) Black Co ord Set - Geometric 3 Piece Set": [ 'top', 'bottom', 'jacket', 'accessory', 'dress' ]
Product (@Masoom Minawala) Black Co ord Set - Geometric 3 Piece Set already processed (component Top exists)
Found components for "(@ThatBohoGirl) Lime Green Coord Set - Three Piece Set": [ 'top', 'bottom', 'accessory' ]
Found components for "(@Yasmin Karachiwala) Creamy Charcoal Drape 3 Piece Set": [ 'top', 'bottom', 'dress', 'cape' ]
Found components for "(Divyanka Tripathi) Gold Black Striped Kaftan Set": [ 'top', 'bottom', 'dress', 'kaftan' ]
Found components for "(DivyankaTripathi) Three Piece Off-White Drape Pant Set with Handbag": [ 'top', 'bottom', 'accessory' ]
Found components for "(Kajol) Tie Dye Green Drape Sari Kurta Set": [ 'top', 'bottom', 'dupatta', 'dress', 'saree' ]
Found components for "A line White Suit Set": [ 'top', 'bottom', 'dupatta', 'dress' ]
Found components for "Alia Bhatt (limited edition) Red Blue Coord Set": [ 'jacket', 'accessory', 'dress', 'saree' ]
Found components for "All White Blazer Set": [ 'top', 'bottom', 'jacket' ]
Found components for "Antique Silver Polish Choker Necklace Set": [ 'accessory' ]
Found components for "Bandhini Pathani Set": [ 'top', 'dress' ]
Found components for "Beadwork White Black Suit Set": [ 'top', 'bottom', 'dupatta', 'dress' ]
Found components for "Beige Coord Set with Necklace": [ 'top', 'bottom', 'accessory', 'dress' ]
Found components for "Beige Kaftan Set": [ 'bottom', 'dress', 'kaftan' ]
Finding all set products...
Fetching all products from Shopify...
Found components for "Beige Maroon Shirt Lehenga Set": [ 'top', 'lehenga', 'dress' ]
Found 250 total products, filtering for sets...
Found 110 set products, checking processed status...
Found components for "(@CurlyTales) White Chikan Set": [ 'top', 'bottom', 'accessory', 'dress' ]
Product (@CurlyTales) White Chikan Set already processed (component Top exists)
Found components for "(@Debina Bonnerjee) Stripe Technicolour Coord Set": [ 'top', 'bottom', 'accessory', 'dress' ]
Product Beige Maroon Shirt Lehenga Set already processed (component Lehenga exists)
Found components for "Beige Mirror Work Coord Set": [ 'top', 'bottom' ]
Product (@Debina Bonnerjee) Stripe Technicolour Coord Set already processed (component Top exists)
Found components for "(@Masoom Minawala) Black Co ord Set - Geometric 3 Piece Set": [ 'top', 'bottom', 'jacket', 'accessory', 'dress' ]
Found components for "Beige Waistcoat Set": [ 'top', 'bottom', 'jacket' ]
Product (@Masoom Minawala) Black Co ord Set - Geometric 3 Piece Set already processed (component Top exists)
Found components for "(@ThatBohoGirl) Lime Green Coord Set - Three Piece Set": [ 'top', 'bottom', 'accessory' ]
Found components for "Black 3 Piece Coord Set - Neckpiece included": [ 'top', 'bottom', 'dress' ]
Found components for "(@Yasmin Karachiwala) Creamy Charcoal Drape 3 Piece Set": [ 'top', 'bottom', 'dress', 'cape' ]
Found components for "Black And Red Coord Set": [ 'jacket', 'dress' ]
Found components for "(Divyanka Tripathi) Gold Black Striped Kaftan Set": [ 'top', 'bottom', 'dress', 'kaftan' ]
Product Black And Red Coord Set already processed (component Jacket exists)
Found components for "Black and Red Kaftan Dhoti Set": [ 'bottom', 'kaftan' ]
Product Black and Red Kaftan Dhoti Set already processed (component Kaftan exists)
Found components for "Black and Red Three Piece Dhoti Set": [ 'top', 'bottom', 'jacket' ]
Found components for "(DivyankaTripathi) Three Piece Off-White Drape Pant Set with Handbag": [ 'top', 'bottom', 'accessory' ]
Product Black and Red Three Piece Dhoti Set already processed (component Jacket exists)
Found components for "Black and White Elephant Four Piece Set": [ 'top', 'bottom', 'jacket', 'dupatta', 'accessory' ]
Product Black and White Elephant Four Piece Set already processed (component Jacket exists)
Found components for "Black and Yellow Coord Set": [ 'top', 'bottom' ]
Found components for "(Kajol) Tie Dye Green Drape Sari Kurta Set": [ 'top', 'bottom', 'dupatta', 'dress', 'saree' ]
Found components for "Black Banarasi Suit Set": [ 'top', 'bottom', 'dupatta', 'dress' ]
Found components for "A line White Suit Set": [ 'top', 'bottom', 'dupatta', 'dress' ]
Found components for "Black Brown Pathani Set": [ 'top' ]
Found components for "Alia Bhatt (limited edition) Red Blue Coord Set": [ 'jacket', 'accessory', 'dress', 'saree' ]
Found components for "Black Coord Set With Hanging Tassels": [ 'top', 'bottom', 'kaftan' ]
Found components for "All White Blazer Set": [ 'top', 'bottom', 'jacket' ]
Found components for "Black Floral Dhoti Set": [ 'top', 'bottom', 'dress' ]
Found components for "Black Grey Off Shoulder Coord Set": [ 'top', 'bottom', 'dress' ]
Found components for "Antique Silver Polish Choker Necklace Set": [ 'accessory' ]
Found components for "Black Motif Banarasi Kurta Set": [ 'top', 'bottom', 'dupatta', 'dress' ]
Found components for "Bandhini Pathani Set": [ 'top', 'dress' ]
Testing Shopify connection...
Store: labeldc-estore.myshopify.com
Token: shpat_830b...
Found components for "Black Pakistani Suit Set": [ 'top', 'bottom', 'dupatta', 'dress' ]
Found components for "Beadwork White Black Suit Set": [ 'top', 'bottom', 'dupatta', 'dress' ]
Found components for "Black Pathani Dhoti Banjara Potli Set": [ 'top', 'bottom', 'accessory' ]
Testing Shopify connection...
Store: labeldc-estore.myshopify.com
Token: shpat_830b...
Found components for "Black Pathani Set - Best Pathani Suit for Women": [ 'top', 'bottom' ]
Found components for "Beige Coord Set with Necklace": [ 'top', 'bottom', 'accessory', 'dress' ]
Found components for "Beige Kaftan Set": [ 'bottom', 'dress', 'kaftan' ]
Found components for "Black Peach Waist Coat Set": [ 'top', 'bottom', 'jacket' ]
Found components for "Beige Maroon Shirt Lehenga Set": [ 'top', 'lehenga', 'dress' ]
Found components for "Black Sharara Set": [ 'top', 'bottom', 'dupatta' ]
Found components for "Black Shell Skirt Sari - Two Piece Set": [ 'top', 'bottom', 'saree' ]
Product Beige Maroon Shirt Lehenga Set already processed (component Lehenga exists)
Found components for "Beige Mirror Work Coord Set": [ 'top', 'bottom' ]
Found components for "Black Slit Dress And Jacket Set": [ 'jacket', 'dress' ]
Found components for "Beige Waistcoat Set": [ 'top', 'bottom', 'jacket' ]
Product Black Slit Dress And Jacket Set already processed (component Jacket exists)
Found components for "Black Spaghetti Dhoti Set": [ 'top', 'bottom', 'dupatta' ]
Found components for "Black 3 Piece Coord Set - Neckpiece included": [ 'top', 'bottom', 'dress' ]
Found components for "Black White Embroidery Coord Set - Two Piece": [ 'top', 'bottom', 'accessory', 'dress' ]
Found components for "Black And Red Coord Set": [ 'jacket', 'dress' ]
Found components for "Black White Half Jumpsuit Jacket Set": [ 'jacket', 'accessory', 'dress', 'jumpsuit' ]
Product Black And Red Coord Set already processed (component Jacket exists)
Found components for "Black and Red Kaftan Dhoti Set": [ 'bottom', 'kaftan' ]
Product Black White Half Jumpsuit Jacket Set already processed (component Jacket exists)
Found components for "Black White Spaghetti Sharara Set": [ 'top', 'bottom', 'dupatta', 'dress' ]
Product Black and Red Kaftan Dhoti Set already processed (component Kaftan exists)
Found components for "Black and Red Three Piece Dhoti Set": [ 'top', 'bottom', 'jacket' ]
Found components for "Black White Zipper Coord Set": [ 'top', 'bottom', 'kaftan' ]
Product Black and Red Three Piece Dhoti Set already processed (component Jacket exists)
Found components for "Black and White Elephant Four Piece Set": [ 'top', 'bottom', 'jacket', 'dupatta', 'accessory' ]
Product Black and White Elephant Four Piece Set already processed (component Jacket exists)
Found components for "Black and Yellow Coord Set": [ 'top', 'bottom' ]
Found components for "Black Banarasi Suit Set": [ 'top', 'bottom', 'dupatta', 'dress' ]
Found components for "Blue Abstract Waist Coat Set": [ 'top', 'bottom', 'jacket' ]
Found components for "Blue Bandhani Banarasi  Kurta Set": [ 'top', 'bottom', 'dupatta', 'dress' ]
Found components for "Black Brown Pathani Set": [ 'top' ]
Found components for "Blue Blazer Set": [ 'bottom', 'jacket' ]
Found components for "Black Coord Set With Hanging Tassels": [ 'top', 'bottom', 'kaftan' ]
Found components for "Black Floral Dhoti Set": [ 'top', 'bottom', 'dress' ]
Found components for "Blue Bralette Kurta Set": [ 'top', 'bottom' ]
Found components for "Black Grey Off Shoulder Coord Set": [ 'top', 'bottom', 'dress' ]
Found components for "Blue Card Print Coord Set with Handbag": [ 'top', 'bottom', 'accessory' ]
Found components for "Black Motif Banarasi Kurta Set": [ 'top', 'bottom', 'dupatta', 'dress' ]
Found components for "Blue Evil Eye Shubh Labh Set - Accessory": [ 'accessory' ]
Found components for "Black Pakistani Suit Set": [ 'top', 'bottom', 'dupatta', 'dress' ]
Product Blue Evil Eye Shubh Labh Set - Accessory already processed (component Accessory exists)
Found components for "Blue Flared Pants With Patchwork Corset Top": [ 'top', 'bottom' ]
Found components for "Black Pathani Dhoti Banjara Potli Set": [ 'top', 'bottom', 'accessory' ]
Product Blue Flared Pants With Patchwork Corset Top already processed (component Top exists)
Found components for "Blue Flower Off White Coord Set": [ 'top', 'bottom', 'dress' ]
Found components for "Black Pathani Set - Best Pathani Suit for Women": [ 'top', 'bottom' ]
Found components for "Blue Flower Suit Set": [ 'dress' ]
Found components for "Black Peach Waist Coat Set": [ 'top', 'bottom', 'jacket' ]
Found components for "Blue Gold Jumpsuit Jacket Set": [ 'jacket', 'jumpsuit' ]
Found components for "Black Sharara Set": [ 'top', 'bottom', 'dupatta' ]
Found components for "Black Shell Skirt Sari - Two Piece Set": [ 'top', 'bottom', 'saree' ]
Product Blue Gold Jumpsuit Jacket Set already processed (component Jacket exists)
Found components for "Blue Green Farshi Set": [ 'top', 'bottom' ]
Found components for "Black Slit Dress And Jacket Set": [ 'jacket', 'dress' ]
Product Black Slit Dress And Jacket Set already processed (component Jacket exists)
Found components for "Black Spaghetti Dhoti Set": [ 'top', 'bottom', 'dupatta' ]
Found components for "Blue Half Kaftan Coord Set": [ 'top', 'bottom', 'kaftan' ]
Found components for "Black White Embroidery Coord Set - Two Piece": [ 'top', 'bottom', 'accessory', 'dress' ]
Found components for "Black White Half Jumpsuit Jacket Set": [ 'jacket', 'accessory', 'dress', 'jumpsuit' ]
Found components for "Blue Kurta Jacket Set": [ 'top', 'bottom', 'jacket', 'dress' ]
Product Black White Half Jumpsuit Jacket Set already processed (component Jacket exists)
Found components for "Black White Spaghetti Sharara Set": [ 'top', 'bottom', 'dupatta', 'dress' ]
Product Blue Kurta Jacket Set already processed (component Jacket exists)
Found components for "Blue Kurta Pallazo Set": [ 'top', 'bottom', 'dress' ]
Found components for "Blue Lotus Coord Set": [ 'top', 'bottom', 'dress', 'kaftan' ]
Found components for "Black White Zipper Coord Set": [ 'top', 'bottom', 'kaftan' ]
Found components for "Blue Organza Anarkali Kurta Set": [ 'top', 'bottom', 'dupatta', 'dress' ]
Found components for "Blue Pink Embroidery 3 Piece Set- Pant, Jacket, Blouse": [ 'top', 'bottom', 'jacket', 'dress', 'cape' ]
Found components for "Blue Abstract Waist Coat Set": [ 'top', 'bottom', 'jacket' ]
Found components for "Blue Bandhani Banarasi  Kurta Set": [ 'top', 'bottom', 'dupatta', 'dress' ]
Product Blue Pink Embroidery 3 Piece Set- Pant, Jacket, Blouse already processed (component Jacket exists)
Found components for "Blue Pink Sharara Set": [ 'top', 'bottom', 'dupatta', 'dress' ]
Found components for "Blue Blazer Set": [ 'bottom', 'jacket' ]
Found components for "Blue Polka Off Shoulder Coord Set": [ 'top', 'bottom', 'dress', 'kaftan' ]
Found components for "Blue Bralette Kurta Set": [ 'top', 'bottom' ]
Found components for "Blue Red Suit Set": [ 'top', 'bottom', 'dupatta', 'dress' ]
Found components for "Blue Card Print Coord Set with Handbag": [ 'top', 'bottom', 'accessory' ]
Found components for "Blue Shell Skirt Sari - Two Piece Set": [ 'top', 'bottom', 'saree' ]
Found components for "Blue Evil Eye Shubh Labh Set - Accessory": [ 'accessory' ]
Found components for "Blue Slit Kurta Pant Set": [ 'top', 'bottom', 'dress' ]
Found components for "Blue Spaghetti Sharara Set": [ 'bottom' ]
Product Blue Evil Eye Shubh Labh Set - Accessory already processed (component Accessory exists)
Found components for "Blue Flared Pants With Patchwork Corset Top": [ 'top', 'bottom' ]
Product Blue Flared Pants With Patchwork Corset Top already processed (component Top exists)
Found components for "Blue Flower Off White Coord Set": [ 'top', 'bottom', 'dress' ]
Found components for "Blue Wave Pocket Co ord Set": [ 'top', 'bottom', 'dress' ]
Found components for "Blue White Doodle - Three Piece Coord Set": [ 'top', 'bottom', 'dress', 'kaftan' ]
Found components for "Blue Flower Suit Set": [ 'dress' ]
Found components for "Blue Wrap Around Coord Set": [ 'top', 'bottom', 'accessory', 'dress', 'wrap' ]
Found components for "Blue Gold Jumpsuit Jacket Set": [ 'jacket', 'jumpsuit' ]
Product Blue Gold Jumpsuit Jacket Set already processed (component Jacket exists)
Found components for "Blue Green Farshi Set": [ 'top', 'bottom' ]
Found components for "Blue Yellow Four Piece Potli Set": [ 'top', 'bottom', 'dupatta', 'accessory', 'dress' ]
Found components for "Blue Zig Zag Coord Set": [ 'top', 'bottom' ]
Found components for "Blue Half Kaftan Coord Set": [ 'top', 'bottom', 'kaftan' ]
Found components for "Blue Zipper Coord Set": [ 'top', 'bottom', 'kaftan' ]
Found components for "Blue Kurta Jacket Set": [ 'top', 'bottom', 'jacket', 'dress' ]
Found components for "Blush Pink Motif Banarasi Kurta Set": [ 'top', 'bottom', 'dupatta', 'dress' ]
Found components for "Blush Pink Sharara Set": [ 'top', 'bottom', 'dupatta', 'dress' ]
Product Blue Kurta Jacket Set already processed (component Jacket exists)
Found components for "Blue Kurta Pallazo Set": [ 'top', 'bottom', 'dress' ]
Found components for "Boho Black Coord Set": [ 'top', 'bottom', 'dress' ]
Found components for "Blue Lotus Coord Set": [ 'top', 'bottom', 'dress', 'kaftan' ]
Found components for "Boho Fringe Pink White Set": [ 'top', 'bottom', 'dress' ]
Found components for "Bottle Green Bandhani Jacquard Kurta Set": [ 'top', 'bottom', 'dupatta', 'dress' ]
Found components for "Blue Organza Anarkali Kurta Set": [ 'top', 'bottom', 'dupatta', 'dress' ]
Found components for "Blue Pink Embroidery 3 Piece Set- Pant, Jacket, Blouse": [ 'top', 'bottom', 'jacket', 'dress', 'cape' ]
Product Blue Pink Embroidery 3 Piece Set- Pant, Jacket, Blouse already processed (component Jacket exists)
Found components for "Blue Pink Sharara Set": [ 'top', 'bottom', 'dupatta', 'dress' ]
Found components for "Bottle Green Crepe Coord Set": [ 'top', 'bottom', 'accessory', 'dress' ]
Found components for "Blue Polka Off Shoulder Coord Set": [ 'top', 'bottom', 'dress', 'kaftan' ]
Found components for "Brass Kundan Pooja Thali 7 Pc Set - Accessory": [ 'accessory' ]
Found components for "Blue Red Suit Set": [ 'top', 'bottom', 'dupatta', 'dress' ]
Found components for "Blue Shell Skirt Sari - Two Piece Set": [ 'top', 'bottom', 'saree' ]
Product Brass Kundan Pooja Thali 7 Pc Set - Accessory already processed (component Accessory exists)
Found components for "Brass Laxmi Charan Diya Set (Pair of 2) - Accessory": [ 'accessory' ]
Found components for "Blue Slit Kurta Pant Set": [ 'top', 'bottom', 'dress' ]
Product Brass Laxmi Charan Diya Set (Pair of 2) - Accessory already processed (component Accessory exists)
Found components for "Brown & Orange Four Piece Sharara Set": [ 'top', 'bottom', 'dupatta', 'accessory', 'dress' ]
Found components for "Brown Coord Set": [ 'top', 'bottom', 'dress' ]
Found components for "Blue Spaghetti Sharara Set": [ 'bottom' ]
Found components for "Brown Cream Kaftan Coord Set": [ 'top', 'bottom', 'kaftan' ]
Found components for "Blue Wave Pocket Co ord Set": [ 'top', 'bottom', 'dress' ]
Found components for "Brown High Low Coord Set": [ 'top', 'bottom' ]
Found components for "Blue White Doodle - Three Piece Coord Set": [ 'top', 'bottom', 'dress', 'kaftan' ]
Found components for "Brown Lehenga Set": [ 'top', 'dupatta', 'lehenga', 'dress' ]
Found components for "Blue Wrap Around Coord Set": [ 'top', 'bottom', 'accessory', 'dress', 'wrap' ]
Found components for "Blue Yellow Four Piece Potli Set": [ 'top', 'bottom', 'dupatta', 'accessory', 'dress' ]
Found components for "Blue Zig Zag Coord Set": [ 'top', 'bottom' ]
Found components for "Brownwood Kaftan Set": [ 'bottom', 'dress', 'kaftan' ]
Found components for "Blue Zipper Coord Set": [ 'top', 'bottom', 'kaftan' ]
Found components for "Champagne Brown Shell Coord Set": [ 'top', 'bottom' ]
Found components for "Blush Pink Motif Banarasi Kurta Set": [ 'top', 'bottom', 'dupatta', 'dress' ]
Found components for "Champagne Pink Abstract Waist Coat Set": [ 'top', 'bottom', 'jacket' ]
Found components for "Blush Pink Sharara Set": [ 'top', 'bottom', 'dupatta', 'dress' ]
Found components for "Checks Black Coord Set": [ 'top', 'bottom', 'dress' ]
Found components for "Boho Black Coord Set": [ 'top', 'bottom', 'dress' ]
Found components for "Checks Black Kurta Pant Set": [ 'top', 'bottom' ]
Found components for "Boho Fringe Pink White Set": [ 'top', 'bottom', 'dress' ]
Found components for "Checks Navy Blue Coord Set": [ 'top', 'bottom', 'dress' ]
Found components for "Bottle Green Bandhani Jacquard Kurta Set": [ 'top', 'bottom', 'dupatta', 'dress' ]
Found components for "Bottle Green Crepe Coord Set": [ 'top', 'bottom', 'accessory', 'dress' ]
Found components for "Checks Three Piece Set": [ 'top', 'bottom', 'jacket', 'accessory', 'dress' ]
Found components for "Brass Kundan Pooja Thali 7 Pc Set - Accessory": [ 'accessory' ]
Found components for "Checks White Drape Kurta Pant Set": [ 'top', 'bottom', 'accessory', 'dress' ]
Product Brass Kundan Pooja Thali 7 Pc Set - Accessory already processed (component Accessory exists)
Found components for "Brass Laxmi Charan Diya Set (Pair of 2) - Accessory": [ 'accessory' ]
Found components for "Cheetah Coord Set": [ 'top', 'bottom', 'dress' ]
Found components for "Cobalt Blue Coord Set": [ 'top', 'bottom', 'dupatta', 'dress' ]
Found components for "Colourful Three Piece Set": [ 'top', 'bottom', 'jacket', 'dress' ]
Product Brass Laxmi Charan Diya Set (Pair of 2) - Accessory already processed (component Accessory exists)
Found components for "Brown & Orange Four Piece Sharara Set": [ 'top', 'bottom', 'dupatta', 'accessory', 'dress' ]
Found components for "Cotton Candy Pink Coord Set": [ 'top', 'bottom', 'dress', 'cape' ]
Found components for "Brown Coord Set": [ 'top', 'bottom', 'dress' ]
Found components for "Cream and Red Mirror Work Suit Set": [ 'top', 'bottom' ]
Found components for "Brown Cream Kaftan Coord Set": [ 'top', 'bottom', 'kaftan' ]
Found components for "Cream Black Cotton Kurta Set": [ 'top', 'bottom', 'dupatta', 'dress' ]
Found components for "Brown High Low Coord Set": [ 'top', 'bottom' ]
Found components for "Cream Floral Linen Jacquard Kurta Set": [ 'top', 'bottom', 'dupatta', 'dress' ]
Found components for "Brown Lehenga Set": [ 'top', 'dupatta', 'lehenga', 'dress' ]
Found components for "Crepe Hot Pink Gold Spaghetti Sharara Set": [ 'top', 'bottom', 'dupatta' ]
Found components for "Brownwood Kaftan Set": [ 'bottom', 'dress', 'kaftan' ]
Found components for "Crepe Maroon Kaftan Dhoti Set": [ 'top', 'bottom', 'dress', 'kaftan' ]
Found components for "Champagne Brown Shell Coord Set": [ 'top', 'bottom' ]
Found components for "Crepe Shell Yellow Pink Kurta Dhoti Set": [ 'top', 'bottom', 'accessory', 'dress' ]
Found components for "Champagne Pink Abstract Waist Coat Set": [ 'top', 'bottom', 'jacket' ]
Found components for "Cube Blue Dhoti Skirt Jacket Coord Set": [ 'top', 'bottom', 'jacket' ]
Found components for "Cutwork Beige 3 Piece Coord Set": [ 'top', 'bottom', 'jacket', 'dress' ]
Found components for "Checks Black Coord Set": [ 'top', 'bottom', 'dress' ]
Found components for "Cutwork Embroidery Green Kurta Set": [ 'top', 'bottom', 'accessory' ]
Found components for "Checks Black Kurta Pant Set": [ 'top', 'bottom' ]
Found components for "Cutwork Embroidery Grey Kurta Set": [ 'top', 'bottom', 'accessory' ]
Found components for "Checks Navy Blue Coord Set": [ 'top', 'bottom', 'dress' ]
Found components for "Dark Navy Blue Kaftan Coord Set": [ 'top', 'bottom', 'dress', 'kaftan' ]
Found components for "Checks Three Piece Set": [ 'top', 'bottom', 'jacket', 'accessory', 'dress' ]
Found components for "Dark Red Blazer Skirt Set": [ 'top', 'bottom', 'jacket', 'dress' ]
Found components for "Checks White Drape Kurta Pant Set": [ 'top', 'bottom', 'accessory', 'dress' ]
Found components for "Cheetah Coord Set": [ 'top', 'bottom', 'dress' ]
Found components for "Dark Red Pathani Set": [ 'top', 'bottom' ]
Found components for "Cobalt Blue Coord Set": [ 'top', 'bottom', 'dupatta', 'dress' ]
93 set products are unprocessed
Found components for "(@ThatBohoGirl) Lime Green Coord Set - Three Piece Set": [ 'top', 'bottom', 'accessory' ]
Found components for "(@Yasmin Karachiwala) Creamy Charcoal Drape 3 Piece Set": [ 'top', 'bottom', 'dress', 'cape' ]
Found components for "(Divyanka Tripathi) Gold Black Striped Kaftan Set": [ 'top', 'bottom', 'dress', 'kaftan' ]
Found components for "(DivyankaTripathi) Three Piece Off-White Drape Pant Set with Handbag": [ 'top', 'bottom', 'accessory' ]
Found components for "(Kajol) Tie Dye Green Drape Sari Kurta Set": [ 'top', 'bottom', 'dupatta', 'dress', 'saree' ]
Found components for "A line White Suit Set": [ 'top', 'bottom', 'dupatta', 'dress' ]
Found components for "Alia Bhatt (limited edition) Red Blue Coord Set": [ 'jacket', 'accessory', 'dress', 'saree' ]
Found components for "All White Blazer Set": [ 'top', 'bottom', 'jacket' ]
Found components for "Antique Silver Polish Choker Necklace Set": [ 'accessory' ]
Found components for "Bandhini Pathani Set": [ 'top', 'dress' ]
Found components for "Beadwork White Black Suit Set": [ 'top', 'bottom', 'dupatta', 'dress' ]
Found components for "Beige Coord Set with Necklace": [ 'top', 'bottom', 'accessory', 'dress' ]
Found components for "Beige Kaftan Set": [ 'bottom', 'dress', 'kaftan' ]
Found components for "Beige Mirror Work Coord Set": [ 'top', 'bottom' ]
Found components for "Beige Waistcoat Set": [ 'top', 'bottom', 'jacket' ]
Found components for "Black 3 Piece Coord Set - Neckpiece included": [ 'top', 'bottom', 'dress' ]
Found components for "Black and Yellow Coord Set": [ 'top', 'bottom' ]
Found components for "Black Banarasi Suit Set": [ 'top', 'bottom', 'dupatta', 'dress' ]
Found components for "Black Brown Pathani Set": [ 'top' ]
Found components for "Black Coord Set With Hanging Tassels": [ 'top', 'bottom', 'kaftan' ]
Found components for "Black Floral Dhoti Set": [ 'top', 'bottom', 'dress' ]
Found components for "Black Grey Off Shoulder Coord Set": [ 'top', 'bottom', 'dress' ]
Found components for "Black Motif Banarasi Kurta Set": [ 'top', 'bottom', 'dupatta', 'dress' ]
Found components for "Black Pakistani Suit Set": [ 'top', 'bottom', 'dupatta', 'dress' ]
Found components for "Black Pathani Dhoti Banjara Potli Set": [ 'top', 'bottom', 'accessory' ]
Found components for "Black Pathani Set - Best Pathani Suit for Women": [ 'top', 'bottom' ]
Found components for "Black Peach Waist Coat Set": [ 'top', 'bottom', 'jacket' ]
Found components for "Black Sharara Set": [ 'top', 'bottom', 'dupatta' ]
Found components for "Black Shell Skirt Sari - Two Piece Set": [ 'top', 'bottom', 'saree' ]
Found components for "Black Spaghetti Dhoti Set": [ 'top', 'bottom', 'dupatta' ]
Found components for "Black White Embroidery Coord Set - Two Piece": [ 'top', 'bottom', 'accessory', 'dress' ]
Found components for "Black White Spaghetti Sharara Set": [ 'top', 'bottom', 'dupatta', 'dress' ]
Found components for "Black White Zipper Coord Set": [ 'top', 'bottom', 'kaftan' ]
Found components for "Blue Abstract Waist Coat Set": [ 'top', 'bottom', 'jacket' ]
Found components for "Blue Bandhani Banarasi  Kurta Set": [ 'top', 'bottom', 'dupatta', 'dress' ]
Found components for "Blue Blazer Set": [ 'bottom', 'jacket' ]
Found components for "Blue Bralette Kurta Set": [ 'top', 'bottom' ]
Found components for "Blue Card Print Coord Set with Handbag": [ 'top', 'bottom', 'accessory' ]
Found components for "Blue Flower Off White Coord Set": [ 'top', 'bottom', 'dress' ]
Found components for "Blue Flower Suit Set": [ 'dress' ]
Found components for "Blue Green Farshi Set": [ 'top', 'bottom' ]
Found components for "Blue Half Kaftan Coord Set": [ 'top', 'bottom', 'kaftan' ]
Found components for "Blue Kurta Pallazo Set": [ 'top', 'bottom', 'dress' ]
Found components for "Blue Lotus Coord Set": [ 'top', 'bottom', 'dress', 'kaftan' ]
Found components for "Blue Organza Anarkali Kurta Set": [ 'top', 'bottom', 'dupatta', 'dress' ]
Found components for "Blue Pink Sharara Set": [ 'top', 'bottom', 'dupatta', 'dress' ]
Found components for "Blue Polka Off Shoulder Coord Set": [ 'top', 'bottom', 'dress', 'kaftan' ]
Found components for "Blue Red Suit Set": [ 'top', 'bottom', 'dupatta', 'dress' ]
Found components for "Blue Shell Skirt Sari - Two Piece Set": [ 'top', 'bottom', 'saree' ]
Found components for "Blue Slit Kurta Pant Set": [ 'top', 'bottom', 'dress' ]
Found components for "Blue Spaghetti Sharara Set": [ 'bottom' ]
Found components for "Blue Wave Pocket Co ord Set": [ 'top', 'bottom', 'dress' ]
Found components for "Blue White Doodle - Three Piece Coord Set": [ 'top', 'bottom', 'dress', 'kaftan' ]
Found components for "Blue Wrap Around Coord Set": [ 'top', 'bottom', 'accessory', 'dress', 'wrap' ]
Found components for "Blue Yellow Four Piece Potli Set": [ 'top', 'bottom', 'dupatta', 'accessory', 'dress' ]
Found components for "Blue Zig Zag Coord Set": [ 'top', 'bottom' ]
Found components for "Blue Zipper Coord Set": [ 'top', 'bottom', 'kaftan' ]
Found components for "Blush Pink Motif Banarasi Kurta Set": [ 'top', 'bottom', 'dupatta', 'dress' ]
Found components for "Blush Pink Sharara Set": [ 'top', 'bottom', 'dupatta', 'dress' ]
Found components for "Boho Black Coord Set": [ 'top', 'bottom', 'dress' ]
Found components for "Boho Fringe Pink White Set": [ 'top', 'bottom', 'dress' ]
Found components for "Bottle Green Bandhani Jacquard Kurta Set": [ 'top', 'bottom', 'dupatta', 'dress' ]
Found components for "Bottle Green Crepe Coord Set": [ 'top', 'bottom', 'accessory', 'dress' ]
Found components for "Brown & Orange Four Piece Sharara Set": [ 'top', 'bottom', 'dupatta', 'accessory', 'dress' ]
Found components for "Brown Coord Set": [ 'top', 'bottom', 'dress' ]
Found components for "Brown Cream Kaftan Coord Set": [ 'top', 'bottom', 'kaftan' ]
Found components for "Brown High Low Coord Set": [ 'top', 'bottom' ]
Found components for "Brown Lehenga Set": [ 'top', 'dupatta', 'lehenga', 'dress' ]
Found components for "Brownwood Kaftan Set": [ 'bottom', 'dress', 'kaftan' ]
Found components for "Champagne Brown Shell Coord Set": [ 'top', 'bottom' ]
Found components for "Champagne Pink Abstract Waist Coat Set": [ 'top', 'bottom', 'jacket' ]
Found components for "Checks Black Coord Set": [ 'top', 'bottom', 'dress' ]
Found components for "Checks Black Kurta Pant Set": [ 'top', 'bottom' ]
Found components for "Checks Navy Blue Coord Set": [ 'top', 'bottom', 'dress' ]
Found components for "Checks Three Piece Set": [ 'top', 'bottom', 'jacket', 'accessory', 'dress' ]
Found components for "Checks White Drape Kurta Pant Set": [ 'top', 'bottom', 'accessory', 'dress' ]
Found components for "Cheetah Coord Set": [ 'top', 'bottom', 'dress' ]
Found components for "Cobalt Blue Coord Set": [ 'top', 'bottom', 'dupatta', 'dress' ]
Found components for "Colourful Three Piece Set": [ 'top', 'bottom', 'jacket', 'dress' ]
Found components for "Cotton Candy Pink Coord Set": [ 'top', 'bottom', 'dress', 'cape' ]
Found components for "Cream and Red Mirror Work Suit Set": [ 'top', 'bottom' ]
Found components for "Cream Black Cotton Kurta Set": [ 'top', 'bottom', 'dupatta', 'dress' ]
Found components for "Cream Floral Linen Jacquard Kurta Set": [ 'top', 'bottom', 'dupatta', 'dress' ]
Found components for "Crepe Hot Pink Gold Spaghetti Sharara Set": [ 'top', 'bottom', 'dupatta' ]
Found components for "Crepe Maroon Kaftan Dhoti Set": [ 'top', 'bottom', 'dress', 'kaftan' ]
Found components for "Crepe Shell Yellow Pink Kurta Dhoti Set": [ 'top', 'bottom', 'accessory', 'dress' ]
Found components for "Cube Blue Dhoti Skirt Jacket Coord Set": [ 'top', 'bottom', 'jacket' ]
Found components for "Cutwork Beige 3 Piece Coord Set": [ 'top', 'bottom', 'jacket', 'dress' ]
Found components for "Cutwork Embroidery Green Kurta Set": [ 'top', 'bottom', 'accessory' ]
Found components for "Cutwork Embroidery Grey Kurta Set": [ 'top', 'bottom', 'accessory' ]
Found components for "Dark Navy Blue Kaftan Coord Set": [ 'top', 'bottom', 'dress', 'kaftan' ]
Found components for "Dark Red Blazer Skirt Set": [ 'top', 'bottom', 'jacket', 'dress' ]
Found components for "Dark Red Pathani Set": [ 'top', 'bottom' ]
Found components for "Colourful Three Piece Set": [ 'top', 'bottom', 'jacket', 'dress' ]
Found components for "Cotton Candy Pink Coord Set": [ 'top', 'bottom', 'dress', 'cape' ]
Found components for "Cream and Red Mirror Work Suit Set": [ 'top', 'bottom' ]
Found components for "Cream Black Cotton Kurta Set": [ 'top', 'bottom', 'dupatta', 'dress' ]
Found components for "Cream Floral Linen Jacquard Kurta Set": [ 'top', 'bottom', 'dupatta', 'dress' ]
Found components for "Crepe Hot Pink Gold Spaghetti Sharara Set": [ 'top', 'bottom', 'dupatta' ]
Found components for "Crepe Maroon Kaftan Dhoti Set": [ 'top', 'bottom', 'dress', 'kaftan' ]
Found components for "Crepe Shell Yellow Pink Kurta Dhoti Set": [ 'top', 'bottom', 'accessory', 'dress' ]
Found components for "Cube Blue Dhoti Skirt Jacket Coord Set": [ 'top', 'bottom', 'jacket' ]
Found components for "Cutwork Beige 3 Piece Coord Set": [ 'top', 'bottom', 'jacket', 'dress' ]
Found components for "Cutwork Embroidery Green Kurta Set": [ 'top', 'bottom', 'accessory' ]
Found components for "Cutwork Embroidery Grey Kurta Set": [ 'top', 'bottom', 'accessory' ]
Found components for "Dark Navy Blue Kaftan Coord Set": [ 'top', 'bottom', 'dress', 'kaftan' ]
Found components for "Dark Red Blazer Skirt Set": [ 'top', 'bottom', 'jacket', 'dress' ]
Found components for "Dark Red Pathani Set": [ 'top', 'bottom' ]
93 set products are unprocessed
Found components for "(@ThatBohoGirl) Lime Green Coord Set - Three Piece Set": [ 'top', 'bottom', 'accessory' ]
Found components for "(@Yasmin Karachiwala) Creamy Charcoal Drape 3 Piece Set": [ 'top', 'bottom', 'dress', 'cape' ]
Found components for "(Divyanka Tripathi) Gold Black Striped Kaftan Set": [ 'top', 'bottom', 'dress', 'kaftan' ]
Found components for "(DivyankaTripathi) Three Piece Off-White Drape Pant Set with Handbag": [ 'top', 'bottom', 'accessory' ]
Found components for "(Kajol) Tie Dye Green Drape Sari Kurta Set": [ 'top', 'bottom', 'dupatta', 'dress', 'saree' ]
Found components for "A line White Suit Set": [ 'top', 'bottom', 'dupatta', 'dress' ]
Found components for "Alia Bhatt (limited edition) Red Blue Coord Set": [ 'jacket', 'accessory', 'dress', 'saree' ]
Found components for "All White Blazer Set": [ 'top', 'bottom', 'jacket' ]
Found components for "Antique Silver Polish Choker Necklace Set": [ 'accessory' ]
Found components for "Bandhini Pathani Set": [ 'top', 'dress' ]
Found components for "Beadwork White Black Suit Set": [ 'top', 'bottom', 'dupatta', 'dress' ]
Found components for "Beige Coord Set with Necklace": [ 'top', 'bottom', 'accessory', 'dress' ]
Found components for "Beige Kaftan Set": [ 'bottom', 'dress', 'kaftan' ]
Found components for "Beige Mirror Work Coord Set": [ 'top', 'bottom' ]
Found components for "Beige Waistcoat Set": [ 'top', 'bottom', 'jacket' ]
Found components for "Black 3 Piece Coord Set - Neckpiece included": [ 'top', 'bottom', 'dress' ]
Found components for "Black and Yellow Coord Set": [ 'top', 'bottom' ]
Found components for "Black Banarasi Suit Set": [ 'top', 'bottom', 'dupatta', 'dress' ]
Found components for "Black Brown Pathani Set": [ 'top' ]
Found components for "Black Coord Set With Hanging Tassels": [ 'top', 'bottom', 'kaftan' ]
Found components for "Black Floral Dhoti Set": [ 'top', 'bottom', 'dress' ]
Found components for "Black Grey Off Shoulder Coord Set": [ 'top', 'bottom', 'dress' ]
Found components for "Black Motif Banarasi Kurta Set": [ 'top', 'bottom', 'dupatta', 'dress' ]
Found components for "Black Pakistani Suit Set": [ 'top', 'bottom', 'dupatta', 'dress' ]
Found components for "Black Pathani Dhoti Banjara Potli Set": [ 'top', 'bottom', 'accessory' ]
Found components for "Black Pathani Set - Best Pathani Suit for Women": [ 'top', 'bottom' ]
Found components for "Black Peach Waist Coat Set": [ 'top', 'bottom', 'jacket' ]
Found components for "Black Sharara Set": [ 'top', 'bottom', 'dupatta' ]
Found components for "Black Shell Skirt Sari - Two Piece Set": [ 'top', 'bottom', 'saree' ]
Found components for "Black Spaghetti Dhoti Set": [ 'top', 'bottom', 'dupatta' ]
Found components for "Black White Embroidery Coord Set - Two Piece": [ 'top', 'bottom', 'accessory', 'dress' ]
Found components for "Black White Spaghetti Sharara Set": [ 'top', 'bottom', 'dupatta', 'dress' ]
Found components for "Black White Zipper Coord Set": [ 'top', 'bottom', 'kaftan' ]
Found components for "Blue Abstract Waist Coat Set": [ 'top', 'bottom', 'jacket' ]
Found components for "Blue Bandhani Banarasi  Kurta Set": [ 'top', 'bottom', 'dupatta', 'dress' ]
Found components for "Blue Blazer Set": [ 'bottom', 'jacket' ]
Found components for "Blue Bralette Kurta Set": [ 'top', 'bottom' ]
Found components for "Blue Card Print Coord Set with Handbag": [ 'top', 'bottom', 'accessory' ]
Found components for "Blue Flower Off White Coord Set": [ 'top', 'bottom', 'dress' ]
Found components for "Blue Flower Suit Set": [ 'dress' ]
Found components for "Blue Green Farshi Set": [ 'top', 'bottom' ]
Found components for "Blue Half Kaftan Coord Set": [ 'top', 'bottom', 'kaftan' ]
Found components for "Blue Kurta Pallazo Set": [ 'top', 'bottom', 'dress' ]
Found components for "Blue Lotus Coord Set": [ 'top', 'bottom', 'dress', 'kaftan' ]
Found components for "Blue Organza Anarkali Kurta Set": [ 'top', 'bottom', 'dupatta', 'dress' ]
Found components for "Blue Pink Sharara Set": [ 'top', 'bottom', 'dupatta', 'dress' ]
Found components for "Blue Polka Off Shoulder Coord Set": [ 'top', 'bottom', 'dress', 'kaftan' ]
Found components for "Blue Red Suit Set": [ 'top', 'bottom', 'dupatta', 'dress' ]
Found components for "Blue Shell Skirt Sari - Two Piece Set": [ 'top', 'bottom', 'saree' ]
Found components for "Blue Slit Kurta Pant Set": [ 'top', 'bottom', 'dress' ]
Found components for "Blue Spaghetti Sharara Set": [ 'bottom' ]
Found components for "Blue Wave Pocket Co ord Set": [ 'top', 'bottom', 'dress' ]
Found components for "Blue White Doodle - Three Piece Coord Set": [ 'top', 'bottom', 'dress', 'kaftan' ]
Found components for "Blue Wrap Around Coord Set": [ 'top', 'bottom', 'accessory', 'dress', 'wrap' ]
Found components for "Blue Yellow Four Piece Potli Set": [ 'top', 'bottom', 'dupatta', 'accessory', 'dress' ]
Found components for "Blue Zig Zag Coord Set": [ 'top', 'bottom' ]
Found components for "Blue Zipper Coord Set": [ 'top', 'bottom', 'kaftan' ]
Found components for "Blush Pink Motif Banarasi Kurta Set": [ 'top', 'bottom', 'dupatta', 'dress' ]
Found components for "Blush Pink Sharara Set": [ 'top', 'bottom', 'dupatta', 'dress' ]
Found components for "Boho Black Coord Set": [ 'top', 'bottom', 'dress' ]
Found components for "Boho Fringe Pink White Set": [ 'top', 'bottom', 'dress' ]
Found components for "Bottle Green Bandhani Jacquard Kurta Set": [ 'top', 'bottom', 'dupatta', 'dress' ]
Found components for "Bottle Green Crepe Coord Set": [ 'top', 'bottom', 'accessory', 'dress' ]
Found components for "Brown & Orange Four Piece Sharara Set": [ 'top', 'bottom', 'dupatta', 'accessory', 'dress' ]
Found components for "Brown Coord Set": [ 'top', 'bottom', 'dress' ]
Found components for "Brown Cream Kaftan Coord Set": [ 'top', 'bottom', 'kaftan' ]
Found components for "Brown High Low Coord Set": [ 'top', 'bottom' ]
Found components for "Brown Lehenga Set": [ 'top', 'dupatta', 'lehenga', 'dress' ]
Found components for "Brownwood Kaftan Set": [ 'bottom', 'dress', 'kaftan' ]
Found components for "Champagne Brown Shell Coord Set": [ 'top', 'bottom' ]
Found components for "Champagne Pink Abstract Waist Coat Set": [ 'top', 'bottom', 'jacket' ]
Found components for "Checks Black Coord Set": [ 'top', 'bottom', 'dress' ]
Found components for "Checks Black Kurta Pant Set": [ 'top', 'bottom' ]
Found components for "Checks Navy Blue Coord Set": [ 'top', 'bottom', 'dress' ]
Found components for "Checks Three Piece Set": [ 'top', 'bottom', 'jacket', 'accessory', 'dress' ]
Found components for "Checks White Drape Kurta Pant Set": [ 'top', 'bottom', 'accessory', 'dress' ]
Found components for "Cheetah Coord Set": [ 'top', 'bottom', 'dress' ]
Found components for "Cobalt Blue Coord Set": [ 'top', 'bottom', 'dupatta', 'dress' ]
Found components for "Colourful Three Piece Set": [ 'top', 'bottom', 'jacket', 'dress' ]
Found components for "Cotton Candy Pink Coord Set": [ 'top', 'bottom', 'dress', 'cape' ]
Found components for "Cream and Red Mirror Work Suit Set": [ 'top', 'bottom' ]
Found components for "Cream Black Cotton Kurta Set": [ 'top', 'bottom', 'dupatta', 'dress' ]
Found components for "Cream Floral Linen Jacquard Kurta Set": [ 'top', 'bottom', 'dupatta', 'dress' ]
Found components for "Crepe Hot Pink Gold Spaghetti Sharara Set": [ 'top', 'bottom', 'dupatta' ]
Found components for "Crepe Maroon Kaftan Dhoti Set": [ 'top', 'bottom', 'dress', 'kaftan' ]
Found components for "Crepe Shell Yellow Pink Kurta Dhoti Set": [ 'top', 'bottom', 'accessory', 'dress' ]
Found components for "Cube Blue Dhoti Skirt Jacket Coord Set": [ 'top', 'bottom', 'jacket' ]
Found components for "Cutwork Beige 3 Piece Coord Set": [ 'top', 'bottom', 'jacket', 'dress' ]
Found components for "Cutwork Embroidery Green Kurta Set": [ 'top', 'bottom', 'accessory' ]
Found components for "Cutwork Embroidery Grey Kurta Set": [ 'top', 'bottom', 'accessory' ]
Found components for "Dark Navy Blue Kaftan Coord Set": [ 'top', 'bottom', 'dress', 'kaftan' ]
Found components for "Dark Red Blazer Skirt Set": [ 'top', 'bottom', 'jacket', 'dress' ]
Found components for "Dark Red Pathani Set": [ 'top', 'bottom' ]
Finding all set products...
Fetching all products from Shopify...
Found 250 total products, filtering for sets...
Found 110 set products, checking processed status...
Found components for "(@CurlyTales) White Chikan Set": [ 'top', 'bottom', 'accessory', 'dress' ]
Product (@CurlyTales) White Chikan Set already processed (component Top exists)
Found components for "(@Debina Bonnerjee) Stripe Technicolour Coord Set": [ 'top', 'bottom', 'accessory', 'dress' ]
Product (@Debina Bonnerjee) Stripe Technicolour Coord Set already processed (component Top exists)
Found components for "(@Masoom Minawala) Black Co ord Set - Geometric 3 Piece Set": [ 'top', 'bottom', 'jacket', 'accessory', 'dress' ]
Product (@Masoom Minawala) Black Co ord Set - Geometric 3 Piece Set already processed (component Top exists)
Found components for "(@ThatBohoGirl) Lime Green Coord Set - Three Piece Set": [ 'top', 'bottom', 'accessory' ]
Found components for "(@Yasmin Karachiwala) Creamy Charcoal Drape 3 Piece Set": [ 'top', 'bottom', 'dress', 'cape' ]
Found components for "(Divyanka Tripathi) Gold Black Striped Kaftan Set": [ 'top', 'bottom', 'dress', 'kaftan' ]
Found components for "(DivyankaTripathi) Three Piece Off-White Drape Pant Set with Handbag": [ 'top', 'bottom', 'accessory' ]
Found components for "(Kajol) Tie Dye Green Drape Sari Kurta Set": [ 'top', 'bottom', 'dupatta', 'dress', 'saree' ]
Found components for "A line White Suit Set": [ 'top', 'bottom', 'dupatta', 'dress' ]
Found components for "Alia Bhatt (limited edition) Red Blue Coord Set": [ 'jacket', 'accessory', 'dress', 'saree' ]
Found components for "All White Blazer Set": [ 'top', 'bottom', 'jacket' ]
Found components for "Antique Silver Polish Choker Necklace Set": [ 'accessory' ]
Found components for "Bandhini Pathani Set": [ 'top', 'dress' ]
Found components for "Beadwork White Black Suit Set": [ 'top', 'bottom', 'dupatta', 'dress' ]
Found components for "Beige Coord Set with Necklace": [ 'top', 'bottom', 'accessory', 'dress' ]
Found components for "Beige Kaftan Set": [ 'bottom', 'dress', 'kaftan' ]
Found components for "Beige Maroon Shirt Lehenga Set": [ 'top', 'lehenga', 'dress' ]
Product Beige Maroon Shirt Lehenga Set already processed (component Lehenga exists)
Found components for "Beige Mirror Work Coord Set": [ 'top', 'bottom' ]
Found components for "Beige Waistcoat Set": [ 'top', 'bottom', 'jacket' ]
Found components for "Black 3 Piece Coord Set - Neckpiece included": [ 'top', 'bottom', 'dress' ]
Found components for "Black And Red Coord Set": [ 'jacket', 'dress' ]
Product Black And Red Coord Set already processed (component Jacket exists)
Found components for "Black and Red Kaftan Dhoti Set": [ 'bottom', 'kaftan' ]
Product Black and Red Kaftan Dhoti Set already processed (component Kaftan exists)
Found components for "Black and Red Three Piece Dhoti Set": [ 'top', 'bottom', 'jacket' ]
Product Black and Red Three Piece Dhoti Set already processed (component Jacket exists)
Found components for "Black and White Elephant Four Piece Set": [ 'top', 'bottom', 'jacket', 'dupatta', 'accessory' ]
Product Black and White Elephant Four Piece Set already processed (component Jacket exists)
Found components for "Black and Yellow Coord Set": [ 'top', 'bottom' ]
Found components for "Black Banarasi Suit Set": [ 'top', 'bottom', 'dupatta', 'dress' ]
Found components for "Black Brown Pathani Set": [ 'top' ]
Found components for "Black Coord Set With Hanging Tassels": [ 'top', 'bottom', 'kaftan' ]
Found components for "Black Floral Dhoti Set": [ 'top', 'bottom', 'dress' ]
Found components for "Black Grey Off Shoulder Coord Set": [ 'top', 'bottom', 'dress' ]
Found components for "Black Motif Banarasi Kurta Set": [ 'top', 'bottom', 'dupatta', 'dress' ]
Found components for "Black Pakistani Suit Set": [ 'top', 'bottom', 'dupatta', 'dress' ]
Found components for "Black Pathani Dhoti Banjara Potli Set": [ 'top', 'bottom', 'accessory' ]
Found components for "Black Pathani Set - Best Pathani Suit for Women": [ 'top', 'bottom' ]
Found components for "Black Peach Waist Coat Set": [ 'top', 'bottom', 'jacket' ]
Found components for "Black Sharara Set": [ 'top', 'bottom', 'dupatta' ]
Found components for "Black Shell Skirt Sari - Two Piece Set": [ 'top', 'bottom', 'saree' ]
Found components for "Black Slit Dress And Jacket Set": [ 'jacket', 'dress' ]
Product Black Slit Dress And Jacket Set already processed (component Jacket exists)
Found components for "Black Spaghetti Dhoti Set": [ 'top', 'bottom', 'dupatta' ]
Found components for "Black White Embroidery Coord Set - Two Piece": [ 'top', 'bottom', 'accessory', 'dress' ]
Found components for "Black White Half Jumpsuit Jacket Set": [ 'jacket', 'accessory', 'dress', 'jumpsuit' ]
Product Black White Half Jumpsuit Jacket Set already processed (component Jacket exists)
Found components for "Black White Spaghetti Sharara Set": [ 'top', 'bottom', 'dupatta', 'dress' ]
Found components for "Black White Zipper Coord Set": [ 'top', 'bottom', 'kaftan' ]
Found components for "Blue Abstract Waist Coat Set": [ 'top', 'bottom', 'jacket' ]
Found components for "Blue Bandhani Banarasi  Kurta Set": [ 'top', 'bottom', 'dupatta', 'dress' ]
Found components for "Blue Blazer Set": [ 'bottom', 'jacket' ]
Found components for "Blue Bralette Kurta Set": [ 'top', 'bottom' ]
Found components for "Blue Card Print Coord Set with Handbag": [ 'top', 'bottom', 'accessory' ]
Found components for "Blue Evil Eye Shubh Labh Set - Accessory": [ 'accessory' ]
Product Blue Evil Eye Shubh Labh Set - Accessory already processed (component Accessory exists)
Found components for "Blue Flared Pants With Patchwork Corset Top": [ 'top', 'bottom' ]
Product Blue Flared Pants With Patchwork Corset Top already processed (component Top exists)
Found components for "Blue Flower Off White Coord Set": [ 'top', 'bottom', 'dress' ]
Found components for "Blue Flower Suit Set": [ 'dress' ]
Found components for "Blue Gold Jumpsuit Jacket Set": [ 'jacket', 'jumpsuit' ]
Product Blue Gold Jumpsuit Jacket Set already processed (component Jacket exists)
Found components for "Blue Green Farshi Set": [ 'top', 'bottom' ]
Found components for "Blue Half Kaftan Coord Set": [ 'top', 'bottom', 'kaftan' ]
Found components for "Blue Kurta Jacket Set": [ 'top', 'bottom', 'jacket', 'dress' ]
Product Blue Kurta Jacket Set already processed (component Jacket exists)
Found components for "Blue Kurta Pallazo Set": [ 'top', 'bottom', 'dress' ]
Found components for "Blue Lotus Coord Set": [ 'top', 'bottom', 'dress', 'kaftan' ]
Found components for "Blue Organza Anarkali Kurta Set": [ 'top', 'bottom', 'dupatta', 'dress' ]
Found components for "Blue Pink Embroidery 3 Piece Set- Pant, Jacket, Blouse": [ 'top', 'bottom', 'jacket', 'dress', 'cape' ]
Product Blue Pink Embroidery 3 Piece Set- Pant, Jacket, Blouse already processed (component Jacket exists)
Found components for "Blue Pink Sharara Set": [ 'top', 'bottom', 'dupatta', 'dress' ]
Found components for "Blue Polka Off Shoulder Coord Set": [ 'top', 'bottom', 'dress', 'kaftan' ]
Found components for "Blue Red Suit Set": [ 'top', 'bottom', 'dupatta', 'dress' ]
Found components for "Blue Shell Skirt Sari - Two Piece Set": [ 'top', 'bottom', 'saree' ]
Found components for "Blue Slit Kurta Pant Set": [ 'top', 'bottom', 'dress' ]
Found components for "Blue Spaghetti Sharara Set": [ 'bottom' ]
Found components for "Blue Wave Pocket Co ord Set": [ 'top', 'bottom', 'dress' ]
Found components for "Blue White Doodle - Three Piece Coord Set": [ 'top', 'bottom', 'dress', 'kaftan' ]
Found components for "Blue Wrap Around Coord Set": [ 'top', 'bottom', 'accessory', 'dress', 'wrap' ]
Found components for "Blue Yellow Four Piece Potli Set": [ 'top', 'bottom', 'dupatta', 'accessory', 'dress' ]
Found components for "Blue Zig Zag Coord Set": [ 'top', 'bottom' ]
Found components for "Blue Zipper Coord Set": [ 'top', 'bottom', 'kaftan' ]
Found components for "Blush Pink Motif Banarasi Kurta Set": [ 'top', 'bottom', 'dupatta', 'dress' ]
Found components for "Blush Pink Sharara Set": [ 'top', 'bottom', 'dupatta', 'dress' ]
Found components for "Boho Black Coord Set": [ 'top', 'bottom', 'dress' ]
Found components for "Boho Fringe Pink White Set": [ 'top', 'bottom', 'dress' ]
Found components for "Bottle Green Bandhani Jacquard Kurta Set": [ 'top', 'bottom', 'dupatta', 'dress' ]
Found components for "Bottle Green Crepe Coord Set": [ 'top', 'bottom', 'accessory', 'dress' ]
Found components for "Brass Kundan Pooja Thali 7 Pc Set - Accessory": [ 'accessory' ]
Product Brass Kundan Pooja Thali 7 Pc Set - Accessory already processed (component Accessory exists)
Found components for "Brass Laxmi Charan Diya Set (Pair of 2) - Accessory": [ 'accessory' ]
Product Brass Laxmi Charan Diya Set (Pair of 2) - Accessory already processed (component Accessory exists)
Found components for "Brown & Orange Four Piece Sharara Set": [ 'top', 'bottom', 'dupatta', 'accessory', 'dress' ]
Found components for "Brown Coord Set": [ 'top', 'bottom', 'dress' ]
Found components for "Brown Cream Kaftan Coord Set": [ 'top', 'bottom', 'kaftan' ]
Found components for "Brown High Low Coord Set": [ 'top', 'bottom' ]
Found components for "Brown Lehenga Set": [ 'top', 'dupatta', 'lehenga', 'dress' ]
Found components for "Brownwood Kaftan Set": [ 'bottom', 'dress', 'kaftan' ]
Found components for "Champagne Brown Shell Coord Set": [ 'top', 'bottom' ]
Found components for "Champagne Pink Abstract Waist Coat Set": [ 'top', 'bottom', 'jacket' ]
Found components for "Checks Black Coord Set": [ 'top', 'bottom', 'dress' ]
Found components for "Checks Black Kurta Pant Set": [ 'top', 'bottom' ]
Found components for "Checks Navy Blue Coord Set": [ 'top', 'bottom', 'dress' ]
Found components for "Checks Three Piece Set": [ 'top', 'bottom', 'jacket', 'accessory', 'dress' ]
Found components for "Checks White Drape Kurta Pant Set": [ 'top', 'bottom', 'accessory', 'dress' ]
Found components for "Cheetah Coord Set": [ 'top', 'bottom', 'dress' ]
Found components for "Cobalt Blue Coord Set": [ 'top', 'bottom', 'dupatta', 'dress' ]
Found components for "Colourful Three Piece Set": [ 'top', 'bottom', 'jacket', 'dress' ]
Found components for "Cotton Candy Pink Coord Set": [ 'top', 'bottom', 'dress', 'cape' ]
Found components for "Cream and Red Mirror Work Suit Set": [ 'top', 'bottom' ]
Found components for "Cream Black Cotton Kurta Set": [ 'top', 'bottom', 'dupatta', 'dress' ]
Found components for "Cream Floral Linen Jacquard Kurta Set": [ 'top', 'bottom', 'dupatta', 'dress' ]
Found components for "Crepe Hot Pink Gold Spaghetti Sharara Set": [ 'top', 'bottom', 'dupatta' ]
Found components for "Crepe Maroon Kaftan Dhoti Set": [ 'top', 'bottom', 'dress', 'kaftan' ]
Found components for "Crepe Shell Yellow Pink Kurta Dhoti Set": [ 'top', 'bottom', 'accessory', 'dress' ]
Found components for "Cube Blue Dhoti Skirt Jacket Coord Set": [ 'top', 'bottom', 'jacket' ]
Found components for "Cutwork Beige 3 Piece Coord Set": [ 'top', 'bottom', 'jacket', 'dress' ]
Found components for "Cutwork Embroidery Green Kurta Set": [ 'top', 'bottom', 'accessory' ]
Found components for "Cutwork Embroidery Grey Kurta Set": [ 'top', 'bottom', 'accessory' ]
Found components for "Dark Navy Blue Kaftan Coord Set": [ 'top', 'bottom', 'dress', 'kaftan' ]
Found components for "Dark Red Blazer Skirt Set": [ 'top', 'bottom', 'jacket', 'dress' ]
Found components for "Dark Red Pathani Set": [ 'top', 'bottom' ]
93 set products are unprocessed
Found components for "(@ThatBohoGirl) Lime Green Coord Set - Three Piece Set": [ 'top', 'bottom', 'accessory' ]
Found components for "(@Yasmin Karachiwala) Creamy Charcoal Drape 3 Piece Set": [ 'top', 'bottom', 'dress', 'cape' ]
Found components for "(Divyanka Tripathi) Gold Black Striped Kaftan Set": [ 'top', 'bottom', 'dress', 'kaftan' ]
Found components for "(DivyankaTripathi) Three Piece Off-White Drape Pant Set with Handbag": [ 'top', 'bottom', 'accessory' ]
Found components for "(Kajol) Tie Dye Green Drape Sari Kurta Set": [ 'top', 'bottom', 'dupatta', 'dress', 'saree' ]
Found components for "A line White Suit Set": [ 'top', 'bottom', 'dupatta', 'dress' ]
Found components for "Alia Bhatt (limited edition) Red Blue Coord Set": [ 'jacket', 'accessory', 'dress', 'saree' ]
Found components for "All White Blazer Set": [ 'top', 'bottom', 'jacket' ]
Found components for "Antique Silver Polish Choker Necklace Set": [ 'accessory' ]
Found components for "Bandhini Pathani Set": [ 'top', 'dress' ]
Found components for "Beadwork White Black Suit Set": [ 'top', 'bottom', 'dupatta', 'dress' ]
Found components for "Beige Coord Set with Necklace": [ 'top', 'bottom', 'accessory', 'dress' ]
Found components for "Beige Kaftan Set": [ 'bottom', 'dress', 'kaftan' ]
Found components for "Beige Mirror Work Coord Set": [ 'top', 'bottom' ]
Found components for "Beige Waistcoat Set": [ 'top', 'bottom', 'jacket' ]
Found components for "Black 3 Piece Coord Set - Neckpiece included": [ 'top', 'bottom', 'dress' ]
Found components for "Black and Yellow Coord Set": [ 'top', 'bottom' ]
Found components for "Black Banarasi Suit Set": [ 'top', 'bottom', 'dupatta', 'dress' ]
Found components for "Black Brown Pathani Set": [ 'top' ]
Found components for "Black Coord Set With Hanging Tassels": [ 'top', 'bottom', 'kaftan' ]
Found components for "Black Floral Dhoti Set": [ 'top', 'bottom', 'dress' ]
Found components for "Black Grey Off Shoulder Coord Set": [ 'top', 'bottom', 'dress' ]
Found components for "Black Motif Banarasi Kurta Set": [ 'top', 'bottom', 'dupatta', 'dress' ]
Found components for "Black Pakistani Suit Set": [ 'top', 'bottom', 'dupatta', 'dress' ]
Found components for "Black Pathani Dhoti Banjara Potli Set": [ 'top', 'bottom', 'accessory' ]
Found components for "Black Pathani Set - Best Pathani Suit for Women": [ 'top', 'bottom' ]
Found components for "Black Peach Waist Coat Set": [ 'top', 'bottom', 'jacket' ]
Found components for "Black Sharara Set": [ 'top', 'bottom', 'dupatta' ]
Found components for "Black Shell Skirt Sari - Two Piece Set": [ 'top', 'bottom', 'saree' ]
Found components for "Black Spaghetti Dhoti Set": [ 'top', 'bottom', 'dupatta' ]
Found components for "Black White Embroidery Coord Set - Two Piece": [ 'top', 'bottom', 'accessory', 'dress' ]
Found components for "Black White Spaghetti Sharara Set": [ 'top', 'bottom', 'dupatta', 'dress' ]
Found components for "Black White Zipper Coord Set": [ 'top', 'bottom', 'kaftan' ]
Found components for "Blue Abstract Waist Coat Set": [ 'top', 'bottom', 'jacket' ]
Found components for "Blue Bandhani Banarasi  Kurta Set": [ 'top', 'bottom', 'dupatta', 'dress' ]
Found components for "Blue Blazer Set": [ 'bottom', 'jacket' ]
Found components for "Blue Bralette Kurta Set": [ 'top', 'bottom' ]
Found components for "Blue Card Print Coord Set with Handbag": [ 'top', 'bottom', 'accessory' ]
Found components for "Blue Flower Off White Coord Set": [ 'top', 'bottom', 'dress' ]
Found components for "Blue Flower Suit Set": [ 'dress' ]
Found components for "Blue Green Farshi Set": [ 'top', 'bottom' ]
Found components for "Blue Half Kaftan Coord Set": [ 'top', 'bottom', 'kaftan' ]
Found components for "Blue Kurta Pallazo Set": [ 'top', 'bottom', 'dress' ]
Found components for "Blue Lotus Coord Set": [ 'top', 'bottom', 'dress', 'kaftan' ]
Found components for "Blue Organza Anarkali Kurta Set": [ 'top', 'bottom', 'dupatta', 'dress' ]
Found components for "Blue Pink Sharara Set": [ 'top', 'bottom', 'dupatta', 'dress' ]
Found components for "Blue Polka Off Shoulder Coord Set": [ 'top', 'bottom', 'dress', 'kaftan' ]
Found components for "Blue Red Suit Set": [ 'top', 'bottom', 'dupatta', 'dress' ]
Found components for "Blue Shell Skirt Sari - Two Piece Set": [ 'top', 'bottom', 'saree' ]
Found components for "Blue Slit Kurta Pant Set": [ 'top', 'bottom', 'dress' ]
Found components for "Blue Spaghetti Sharara Set": [ 'bottom' ]
Found components for "Blue Wave Pocket Co ord Set": [ 'top', 'bottom', 'dress' ]
Found components for "Blue White Doodle - Three Piece Coord Set": [ 'top', 'bottom', 'dress', 'kaftan' ]
Found components for "Blue Wrap Around Coord Set": [ 'top', 'bottom', 'accessory', 'dress', 'wrap' ]
Found components for "Blue Yellow Four Piece Potli Set": [ 'top', 'bottom', 'dupatta', 'accessory', 'dress' ]
Found components for "Blue Zig Zag Coord Set": [ 'top', 'bottom' ]
Found components for "Blue Zipper Coord Set": [ 'top', 'bottom', 'kaftan' ]
Found components for "Blush Pink Motif Banarasi Kurta Set": [ 'top', 'bottom', 'dupatta', 'dress' ]
Found components for "Blush Pink Sharara Set": [ 'top', 'bottom', 'dupatta', 'dress' ]
Found components for "Boho Black Coord Set": [ 'top', 'bottom', 'dress' ]
Found components for "Boho Fringe Pink White Set": [ 'top', 'bottom', 'dress' ]
Found components for "Bottle Green Bandhani Jacquard Kurta Set": [ 'top', 'bottom', 'dupatta', 'dress' ]
Found components for "Bottle Green Crepe Coord Set": [ 'top', 'bottom', 'accessory', 'dress' ]
Found components for "Brown & Orange Four Piece Sharara Set": [ 'top', 'bottom', 'dupatta', 'accessory', 'dress' ]
Found components for "Brown Coord Set": [ 'top', 'bottom', 'dress' ]
Found components for "Brown Cream Kaftan Coord Set": [ 'top', 'bottom', 'kaftan' ]
Found components for "Brown High Low Coord Set": [ 'top', 'bottom' ]
Found components for "Brown Lehenga Set": [ 'top', 'dupatta', 'lehenga', 'dress' ]
Found components for "Brownwood Kaftan Set": [ 'bottom', 'dress', 'kaftan' ]
Found components for "Champagne Brown Shell Coord Set": [ 'top', 'bottom' ]
Found components for "Champagne Pink Abstract Waist Coat Set": [ 'top', 'bottom', 'jacket' ]
Found components for "Checks Black Coord Set": [ 'top', 'bottom', 'dress' ]
Found components for "Checks Black Kurta Pant Set": [ 'top', 'bottom' ]
Found components for "Checks Navy Blue Coord Set": [ 'top', 'bottom', 'dress' ]
Found components for "Checks Three Piece Set": [ 'top', 'bottom', 'jacket', 'accessory', 'dress' ]
Found components for "Checks White Drape Kurta Pant Set": [ 'top', 'bottom', 'accessory', 'dress' ]
Found components for "Cheetah Coord Set": [ 'top', 'bottom', 'dress' ]
Found components for "Cobalt Blue Coord Set": [ 'top', 'bottom', 'dupatta', 'dress' ]
Found components for "Colourful Three Piece Set": [ 'top', 'bottom', 'jacket', 'dress' ]
Found components for "Cotton Candy Pink Coord Set": [ 'top', 'bottom', 'dress', 'cape' ]
Found components for "Cream and Red Mirror Work Suit Set": [ 'top', 'bottom' ]
Found components for "Cream Black Cotton Kurta Set": [ 'top', 'bottom', 'dupatta', 'dress' ]
Found components for "Cream Floral Linen Jacquard Kurta Set": [ 'top', 'bottom', 'dupatta', 'dress' ]
Found components for "Crepe Hot Pink Gold Spaghetti Sharara Set": [ 'top', 'bottom', 'dupatta' ]
Found components for "Crepe Maroon Kaftan Dhoti Set": [ 'top', 'bottom', 'dress', 'kaftan' ]
Found components for "Crepe Shell Yellow Pink Kurta Dhoti Set": [ 'top', 'bottom', 'accessory', 'dress' ]
Found components for "Cube Blue Dhoti Skirt Jacket Coord Set": [ 'top', 'bottom', 'jacket' ]
Found components for "Cutwork Beige 3 Piece Coord Set": [ 'top', 'bottom', 'jacket', 'dress' ]
Found components for "Cutwork Embroidery Green Kurta Set": [ 'top', 'bottom', 'accessory' ]
Found components for "Cutwork Embroidery Grey Kurta Set": [ 'top', 'bottom', 'accessory' ]
Found components for "Dark Navy Blue Kaftan Coord Set": [ 'top', 'bottom', 'dress', 'kaftan' ]
Found components for "Dark Red Blazer Skirt Set": [ 'top', 'bottom', 'jacket', 'dress' ]
Found components for "Dark Red Pathani Set": [ 'top', 'bottom' ]
Finding all set products...
Fetching all products from Shopify...
Found 250 total products, filtering for sets...
Found 110 set products, checking processed status...
Found components for "(@CurlyTales) White Chikan Set": [ 'top', 'bottom', 'accessory', 'dress' ]
Product (@CurlyTales) White Chikan Set already processed (component Top exists)
Found components for "(@Debina Bonnerjee) Stripe Technicolour Coord Set": [ 'top', 'bottom', 'accessory', 'dress' ]
Product (@Debina Bonnerjee) Stripe Technicolour Coord Set already processed (component Top exists)
Found components for "(@Masoom Minawala) Black Co ord Set - Geometric 3 Piece Set": [ 'top', 'bottom', 'jacket', 'accessory', 'dress' ]
Product (@Masoom Minawala) Black Co ord Set - Geometric 3 Piece Set already processed (component Top exists)
Found components for "(@ThatBohoGirl) Lime Green Coord Set - Three Piece Set": [ 'top', 'bottom', 'accessory' ]
Found components for "(@Yasmin Karachiwala) Creamy Charcoal Drape 3 Piece Set": [ 'top', 'bottom', 'dress', 'cape' ]
Finding all set products...
Fetching all products from Shopify...
Found 250 total products, filtering for sets...
Found 110 set products, checking processed status...
Found components for "(@CurlyTales) White Chikan Set": [ 'top', 'bottom', 'accessory', 'dress' ]
Found components for "(Divyanka Tripathi) Gold Black Striped Kaftan Set": [ 'top', 'bottom', 'dress', 'kaftan' ]
Product (@CurlyTales) White Chikan Set already processed (component Top exists)
Found components for "(@Debina Bonnerjee) Stripe Technicolour Coord Set": [ 'top', 'bottom', 'accessory', 'dress' ]
Found components for "(DivyankaTripathi) Three Piece Off-White Drape Pant Set with Handbag": [ 'top', 'bottom', 'accessory' ]
Product (@Debina Bonnerjee) Stripe Technicolour Coord Set already processed (component Top exists)
Found components for "(@Masoom Minawala) Black Co ord Set - Geometric 3 Piece Set": [ 'top', 'bottom', 'jacket', 'accessory', 'dress' ]
Found components for "(Kajol) Tie Dye Green Drape Sari Kurta Set": [ 'top', 'bottom', 'dupatta', 'dress', 'saree' ]
Product (@Masoom Minawala) Black Co ord Set - Geometric 3 Piece Set already processed (component Top exists)
Found components for "(@ThatBohoGirl) Lime Green Coord Set - Three Piece Set": [ 'top', 'bottom', 'accessory' ]
Found components for "A line White Suit Set": [ 'top', 'bottom', 'dupatta', 'dress' ]
Found components for "(@Yasmin Karachiwala) Creamy Charcoal Drape 3 Piece Set": [ 'top', 'bottom', 'dress', 'cape' ]
Found components for "Alia Bhatt (limited edition) Red Blue Coord Set": [ 'jacket', 'accessory', 'dress', 'saree' ]
Found components for "(Divyanka Tripathi) Gold Black Striped Kaftan Set": [ 'top', 'bottom', 'dress', 'kaftan' ]
Found components for "All White Blazer Set": [ 'top', 'bottom', 'jacket' ]
Found components for "Antique Silver Polish Choker Necklace Set": [ 'accessory' ]
Found components for "(DivyankaTripathi) Three Piece Off-White Drape Pant Set with Handbag": [ 'top', 'bottom', 'accessory' ]
Found components for "(Kajol) Tie Dye Green Drape Sari Kurta Set": [ 'top', 'bottom', 'dupatta', 'dress', 'saree' ]
Found components for "Bandhini Pathani Set": [ 'top', 'dress' ]
Found components for "Beadwork White Black Suit Set": [ 'top', 'bottom', 'dupatta', 'dress' ]
Found components for "A line White Suit Set": [ 'top', 'bottom', 'dupatta', 'dress' ]
Found components for "Beige Coord Set with Necklace": [ 'top', 'bottom', 'accessory', 'dress' ]
Found components for "Beige Kaftan Set": [ 'bottom', 'dress', 'kaftan' ]
Found components for "Alia Bhatt (limited edition) Red Blue Coord Set": [ 'jacket', 'accessory', 'dress', 'saree' ]
Found components for "Beige Maroon Shirt Lehenga Set": [ 'top', 'lehenga', 'dress' ]
Found components for "All White Blazer Set": [ 'top', 'bottom', 'jacket' ]
Product Beige Maroon Shirt Lehenga Set already processed (component Lehenga exists)
Found components for "Beige Mirror Work Coord Set": [ 'top', 'bottom' ]
Found components for "Antique Silver Polish Choker Necklace Set": [ 'accessory' ]
Found components for "Beige Waistcoat Set": [ 'top', 'bottom', 'jacket' ]
Found components for "Bandhini Pathani Set": [ 'top', 'dress' ]
Found components for "Black 3 Piece Coord Set - Neckpiece included": [ 'top', 'bottom', 'dress' ]
Found components for "Beadwork White Black Suit Set": [ 'top', 'bottom', 'dupatta', 'dress' ]
Found components for "Black And Red Coord Set": [ 'jacket', 'dress' ]
Found components for "Beige Coord Set with Necklace": [ 'top', 'bottom', 'accessory', 'dress' ]
Found components for "Beige Kaftan Set": [ 'bottom', 'dress', 'kaftan' ]
Product Black And Red Coord Set already processed (component Jacket exists)
Found components for "Black and Red Kaftan Dhoti Set": [ 'bottom', 'kaftan' ]
Product Black and Red Kaftan Dhoti Set already processed (component Kaftan exists)
Found components for "Black and Red Three Piece Dhoti Set": [ 'top', 'bottom', 'jacket' ]
Found components for "Beige Maroon Shirt Lehenga Set": [ 'top', 'lehenga', 'dress' ]
Product Beige Maroon Shirt Lehenga Set already processed (component Lehenga exists)
Found components for "Beige Mirror Work Coord Set": [ 'top', 'bottom' ]
Found components for "Beige Waistcoat Set": [ 'top', 'bottom', 'jacket' ]
Product Black and Red Three Piece Dhoti Set already processed (component Jacket exists)
Found components for "Black and White Elephant Four Piece Set": [ 'top', 'bottom', 'jacket', 'dupatta', 'accessory' ]
Found components for "Black 3 Piece Coord Set - Neckpiece included": [ 'top', 'bottom', 'dress' ]
Product Black and White Elephant Four Piece Set already processed (component Jacket exists)
Found components for "Black and Yellow Coord Set": [ 'top', 'bottom' ]
Found components for "Black And Red Coord Set": [ 'jacket', 'dress' ]
Found components for "Black Banarasi Suit Set": [ 'top', 'bottom', 'dupatta', 'dress' ]
Found components for "Black Brown Pathani Set": [ 'top' ]
Product Black And Red Coord Set already processed (component Jacket exists)
Found components for "Black and Red Kaftan Dhoti Set": [ 'bottom', 'kaftan' ]
Found components for "Black Coord Set With Hanging Tassels": [ 'top', 'bottom', 'kaftan' ]
Product Black and Red Kaftan Dhoti Set already processed (component Kaftan exists)
Found components for "Black and Red Three Piece Dhoti Set": [ 'top', 'bottom', 'jacket' ]
Found components for "Black Floral Dhoti Set": [ 'top', 'bottom', 'dress' ]
Product Black and Red Three Piece Dhoti Set already processed (component Jacket exists)
Found components for "Black and White Elephant Four Piece Set": [ 'top', 'bottom', 'jacket', 'dupatta', 'accessory' ]
Found components for "Black Grey Off Shoulder Coord Set": [ 'top', 'bottom', 'dress' ]
Product Black and White Elephant Four Piece Set already processed (component Jacket exists)
Found components for "Black and Yellow Coord Set": [ 'top', 'bottom' ]
Found components for "Black Motif Banarasi Kurta Set": [ 'top', 'bottom', 'dupatta', 'dress' ]
Found components for "Black Banarasi Suit Set": [ 'top', 'bottom', 'dupatta', 'dress' ]
Found components for "Black Brown Pathani Set": [ 'top' ]
Found components for "Black Pakistani Suit Set": [ 'top', 'bottom', 'dupatta', 'dress' ]
Testing Shopify connection...
Store: labeldc-estore.myshopify.com
Token: shpat_830b...
Found components for "Black Coord Set With Hanging Tassels": [ 'top', 'bottom', 'kaftan' ]
Found components for "Black Pathani Dhoti Banjara Potli Set": [ 'top', 'bottom', 'accessory' ]
Found components for "Black Floral Dhoti Set": [ 'top', 'bottom', 'dress' ]
Testing Shopify connection...
Store: labeldc-estore.myshopify.com
Token: shpat_830b...
Found components for "Black Pathani Set - Best Pathani Suit for Women": [ 'top', 'bottom' ]
Found components for "Black Grey Off Shoulder Coord Set": [ 'top', 'bottom', 'dress' ]
Found components for "Black Peach Waist Coat Set": [ 'top', 'bottom', 'jacket' ]
Found components for "Black Motif Banarasi Kurta Set": [ 'top', 'bottom', 'dupatta', 'dress' ]
Found components for "Black Sharara Set": [ 'top', 'bottom', 'dupatta' ]
Found components for "Black Pakistani Suit Set": [ 'top', 'bottom', 'dupatta', 'dress' ]
Found components for "Black Shell Skirt Sari - Two Piece Set": [ 'top', 'bottom', 'saree' ]
Found components for "Black Pathani Dhoti Banjara Potli Set": [ 'top', 'bottom', 'accessory' ]
Found components for "Black Slit Dress And Jacket Set": [ 'jacket', 'dress' ]
Found components for "Black Pathani Set - Best Pathani Suit for Women": [ 'top', 'bottom' ]
Product Black Slit Dress And Jacket Set already processed (component Jacket exists)
Found components for "Black Spaghetti Dhoti Set": [ 'top', 'bottom', 'dupatta' ]
Found components for "Black Peach Waist Coat Set": [ 'top', 'bottom', 'jacket' ]
Found components for "Black White Embroidery Coord Set - Two Piece": [ 'top', 'bottom', 'accessory', 'dress' ]
Found components for "Black Sharara Set": [ 'top', 'bottom', 'dupatta' ]
Found components for "Black White Half Jumpsuit Jacket Set": [ 'jacket', 'accessory', 'dress', 'jumpsuit' ]
Product Black White Half Jumpsuit Jacket Set already processed (component Jacket exists)
Found components for "Black White Spaghetti Sharara Set": [ 'top', 'bottom', 'dupatta', 'dress' ]
Found components for "Black Shell Skirt Sari - Two Piece Set": [ 'top', 'bottom', 'saree' ]
Found components for "Black White Zipper Coord Set": [ 'top', 'bottom', 'kaftan' ]
Found components for "Black Slit Dress And Jacket Set": [ 'jacket', 'dress' ]
Found components for "Blue Abstract Waist Coat Set": [ 'top', 'bottom', 'jacket' ]
Product Black Slit Dress And Jacket Set already processed (component Jacket exists)
Found components for "Black Spaghetti Dhoti Set": [ 'top', 'bottom', 'dupatta' ]
Found components for "Blue Bandhani Banarasi  Kurta Set": [ 'top', 'bottom', 'dupatta', 'dress' ]
Found components for "Black White Embroidery Coord Set - Two Piece": [ 'top', 'bottom', 'accessory', 'dress' ]
Found components for "Blue Blazer Set": [ 'bottom', 'jacket' ]
Found components for "Black White Half Jumpsuit Jacket Set": [ 'jacket', 'accessory', 'dress', 'jumpsuit' ]
Found components for "Blue Bralette Kurta Set": [ 'top', 'bottom' ]
Product Black White Half Jumpsuit Jacket Set already processed (component Jacket exists)
Found components for "Black White Spaghetti Sharara Set": [ 'top', 'bottom', 'dupatta', 'dress' ]
Found components for "Black White Zipper Coord Set": [ 'top', 'bottom', 'kaftan' ]
Found components for "Blue Card Print Coord Set with Handbag": [ 'top', 'bottom', 'accessory' ]
Found components for "Blue Abstract Waist Coat Set": [ 'top', 'bottom', 'jacket' ]
Found components for "Blue Bandhani Banarasi  Kurta Set": [ 'top', 'bottom', 'dupatta', 'dress' ]
Found components for "Blue Evil Eye Shubh Labh Set - Accessory": [ 'accessory' ]
Found components for "Blue Blazer Set": [ 'bottom', 'jacket' ]
Product Blue Evil Eye Shubh Labh Set - Accessory already processed (component Accessory exists)
Found components for "Blue Flared Pants With Patchwork Corset Top": [ 'top', 'bottom' ]
Found components for "Blue Bralette Kurta Set": [ 'top', 'bottom' ]
Product Blue Flared Pants With Patchwork Corset Top already processed (component Top exists)
Found components for "Blue Flower Off White Coord Set": [ 'top', 'bottom', 'dress' ]
Found components for "Blue Card Print Coord Set with Handbag": [ 'top', 'bottom', 'accessory' ]
Found components for "Blue Flower Suit Set": [ 'dress' ]
Found components for "Blue Evil Eye Shubh Labh Set - Accessory": [ 'accessory' ]
Found components for "Blue Gold Jumpsuit Jacket Set": [ 'jacket', 'jumpsuit' ]
Product Blue Evil Eye Shubh Labh Set - Accessory already processed (component Accessory exists)
Found components for "Blue Flared Pants With Patchwork Corset Top": [ 'top', 'bottom' ]
Product Blue Flared Pants With Patchwork Corset Top already processed (component Top exists)
Found components for "Blue Flower Off White Coord Set": [ 'top', 'bottom', 'dress' ]
Product Blue Gold Jumpsuit Jacket Set already processed (component Jacket exists)
Found components for "Blue Green Farshi Set": [ 'top', 'bottom' ]
Found components for "Blue Flower Suit Set": [ 'dress' ]
Found components for "Blue Half Kaftan Coord Set": [ 'top', 'bottom', 'kaftan' ]
Found components for "Blue Gold Jumpsuit Jacket Set": [ 'jacket', 'jumpsuit' ]
Found components for "Blue Kurta Jacket Set": [ 'top', 'bottom', 'jacket', 'dress' ]
Product Blue Gold Jumpsuit Jacket Set already processed (component Jacket exists)
Found components for "Blue Green Farshi Set": [ 'top', 'bottom' ]
Product Blue Kurta Jacket Set already processed (component Jacket exists)
Found components for "Blue Kurta Pallazo Set": [ 'top', 'bottom', 'dress' ]
Found components for "Blue Half Kaftan Coord Set": [ 'top', 'bottom', 'kaftan' ]
Found components for "Blue Lotus Coord Set": [ 'top', 'bottom', 'dress', 'kaftan' ]
Found components for "Blue Kurta Jacket Set": [ 'top', 'bottom', 'jacket', 'dress' ]
Found components for "Blue Organza Anarkali Kurta Set": [ 'top', 'bottom', 'dupatta', 'dress' ]
Product Blue Kurta Jacket Set already processed (component Jacket exists)
Found components for "Blue Kurta Pallazo Set": [ 'top', 'bottom', 'dress' ]
Found components for "Blue Pink Embroidery 3 Piece Set- Pant, Jacket, Blouse": [ 'top', 'bottom', 'jacket', 'dress', 'cape' ]
Found components for "Blue Lotus Coord Set": [ 'top', 'bottom', 'dress', 'kaftan' ]
Product Blue Pink Embroidery 3 Piece Set- Pant, Jacket, Blouse already processed (component Jacket exists)
Found components for "Blue Pink Sharara Set": [ 'top', 'bottom', 'dupatta', 'dress' ]
Found components for "Blue Organza Anarkali Kurta Set": [ 'top', 'bottom', 'dupatta', 'dress' ]
Found components for "Blue Polka Off Shoulder Coord Set": [ 'top', 'bottom', 'dress', 'kaftan' ]
Found components for "Blue Pink Embroidery 3 Piece Set- Pant, Jacket, Blouse": [ 'top', 'bottom', 'jacket', 'dress', 'cape' ]
Found components for "Blue Red Suit Set": [ 'top', 'bottom', 'dupatta', 'dress' ]
Product Blue Pink Embroidery 3 Piece Set- Pant, Jacket, Blouse already processed (component Jacket exists)
Found components for "Blue Pink Sharara Set": [ 'top', 'bottom', 'dupatta', 'dress' ]
Found components for "Blue Polka Off Shoulder Coord Set": [ 'top', 'bottom', 'dress', 'kaftan' ]
Found components for "Blue Shell Skirt Sari - Two Piece Set": [ 'top', 'bottom', 'saree' ]
Found components for "Blue Slit Kurta Pant Set": [ 'top', 'bottom', 'dress' ]
Found components for "Blue Red Suit Set": [ 'top', 'bottom', 'dupatta', 'dress' ]
Found components for "Blue Shell Skirt Sari - Two Piece Set": [ 'top', 'bottom', 'saree' ]
Found components for "Blue Spaghetti Sharara Set": [ 'bottom' ]
Found components for "Blue Slit Kurta Pant Set": [ 'top', 'bottom', 'dress' ]
Found components for "Blue Wave Pocket Co ord Set": [ 'top', 'bottom', 'dress' ]
Found components for "Blue Spaghetti Sharara Set": [ 'bottom' ]
Found components for "Blue White Doodle - Three Piece Coord Set": [ 'top', 'bottom', 'dress', 'kaftan' ]
Found components for "Blue Wave Pocket Co ord Set": [ 'top', 'bottom', 'dress' ]
Found components for "Blue Wrap Around Coord Set": [ 'top', 'bottom', 'accessory', 'dress', 'wrap' ]
Found components for "Blue White Doodle - Three Piece Coord Set": [ 'top', 'bottom', 'dress', 'kaftan' ]
Found components for "Blue Yellow Four Piece Potli Set": [ 'top', 'bottom', 'dupatta', 'accessory', 'dress' ]
Found components for "Blue Wrap Around Coord Set": [ 'top', 'bottom', 'accessory', 'dress', 'wrap' ]
Found components for "Blue Zig Zag Coord Set": [ 'top', 'bottom' ]
Found components for "Blue Yellow Four Piece Potli Set": [ 'top', 'bottom', 'dupatta', 'accessory', 'dress' ]
Found components for "Blue Zipper Coord Set": [ 'top', 'bottom', 'kaftan' ]
Found components for "Blue Zig Zag Coord Set": [ 'top', 'bottom' ]
Found components for "Blush Pink Motif Banarasi Kurta Set": [ 'top', 'bottom', 'dupatta', 'dress' ]
Found components for "Blue Zipper Coord Set": [ 'top', 'bottom', 'kaftan' ]
Found components for "Blush Pink Sharara Set": [ 'top', 'bottom', 'dupatta', 'dress' ]
Found components for "Blush Pink Motif Banarasi Kurta Set": [ 'top', 'bottom', 'dupatta', 'dress' ]
Found components for "Boho Black Coord Set": [ 'top', 'bottom', 'dress' ]
Found components for "Blush Pink Sharara Set": [ 'top', 'bottom', 'dupatta', 'dress' ]
Found components for "Boho Fringe Pink White Set": [ 'top', 'bottom', 'dress' ]
Found components for "Boho Black Coord Set": [ 'top', 'bottom', 'dress' ]
Found components for "Bottle Green Bandhani Jacquard Kurta Set": [ 'top', 'bottom', 'dupatta', 'dress' ]
Found components for "Boho Fringe Pink White Set": [ 'top', 'bottom', 'dress' ]
Found components for "Bottle Green Crepe Coord Set": [ 'top', 'bottom', 'accessory', 'dress' ]
Found components for "Bottle Green Bandhani Jacquard Kurta Set": [ 'top', 'bottom', 'dupatta', 'dress' ]
Found components for "Brass Kundan Pooja Thali 7 Pc Set - Accessory": [ 'accessory' ]
Product Brass Kundan Pooja Thali 7 Pc Set - Accessory already processed (component Accessory exists)
Found components for "Brass Laxmi Charan Diya Set (Pair of 2) - Accessory": [ 'accessory' ]
Product Brass Laxmi Charan Diya Set (Pair of 2) - Accessory already processed (component Accessory exists)
Found components for "Brown & Orange Four Piece Sharara Set": [ 'top', 'bottom', 'dupatta', 'accessory', 'dress' ]
Found components for "Bottle Green Crepe Coord Set": [ 'top', 'bottom', 'accessory', 'dress' ]
Found components for "Brown Coord Set": [ 'top', 'bottom', 'dress' ]
Found components for "Brass Kundan Pooja Thali 7 Pc Set - Accessory": [ 'accessory' ]
Found components for "Brown Cream Kaftan Coord Set": [ 'top', 'bottom', 'kaftan' ]
Product Brass Kundan Pooja Thali 7 Pc Set - Accessory already processed (component Accessory exists)
Found components for "Brass Laxmi Charan Diya Set (Pair of 2) - Accessory": [ 'accessory' ]
Found components for "Brown High Low Coord Set": [ 'top', 'bottom' ]
Product Brass Laxmi Charan Diya Set (Pair of 2) - Accessory already processed (component Accessory exists)
Found components for "Brown & Orange Four Piece Sharara Set": [ 'top', 'bottom', 'dupatta', 'accessory', 'dress' ]
Found components for "Brown Lehenga Set": [ 'top', 'dupatta', 'lehenga', 'dress' ]
Found components for "Brown Coord Set": [ 'top', 'bottom', 'dress' ]
Found components for "Brownwood Kaftan Set": [ 'bottom', 'dress', 'kaftan' ]
Found components for "Brown Cream Kaftan Coord Set": [ 'top', 'bottom', 'kaftan' ]
Found components for "Champagne Brown Shell Coord Set": [ 'top', 'bottom' ]
Found components for "Brown High Low Coord Set": [ 'top', 'bottom' ]
Found components for "Brown Lehenga Set": [ 'top', 'dupatta', 'lehenga', 'dress' ]
Found components for "Champagne Pink Abstract Waist Coat Set": [ 'top', 'bottom', 'jacket' ]
Found components for "Checks Black Coord Set": [ 'top', 'bottom', 'dress' ]
Found components for "Brownwood Kaftan Set": [ 'bottom', 'dress', 'kaftan' ]
Found components for "Champagne Brown Shell Coord Set": [ 'top', 'bottom' ]
Found components for "Checks Black Kurta Pant Set": [ 'top', 'bottom' ]
Found components for "Champagne Pink Abstract Waist Coat Set": [ 'top', 'bottom', 'jacket' ]
Found components for "Checks Navy Blue Coord Set": [ 'top', 'bottom', 'dress' ]
Found components for "Checks Black Coord Set": [ 'top', 'bottom', 'dress' ]
Found components for "Checks Three Piece Set": [ 'top', 'bottom', 'jacket', 'accessory', 'dress' ]
Found components for "Checks Black Kurta Pant Set": [ 'top', 'bottom' ]
Found components for "Checks White Drape Kurta Pant Set": [ 'top', 'bottom', 'accessory', 'dress' ]
Found components for "Checks Navy Blue Coord Set": [ 'top', 'bottom', 'dress' ]
Found components for "Cheetah Coord Set": [ 'top', 'bottom', 'dress' ]
Found components for "Checks Three Piece Set": [ 'top', 'bottom', 'jacket', 'accessory', 'dress' ]
Found components for "Cobalt Blue Coord Set": [ 'top', 'bottom', 'dupatta', 'dress' ]
Found components for "Checks White Drape Kurta Pant Set": [ 'top', 'bottom', 'accessory', 'dress' ]
Found components for "Colourful Three Piece Set": [ 'top', 'bottom', 'jacket', 'dress' ]
Found components for "Cheetah Coord Set": [ 'top', 'bottom', 'dress' ]
Found components for "Cotton Candy Pink Coord Set": [ 'top', 'bottom', 'dress', 'cape' ]
Found components for "Cobalt Blue Coord Set": [ 'top', 'bottom', 'dupatta', 'dress' ]
Found components for "Cream and Red Mirror Work Suit Set": [ 'top', 'bottom' ]
Found components for "Colourful Three Piece Set": [ 'top', 'bottom', 'jacket', 'dress' ]
Found components for "Cream Black Cotton Kurta Set": [ 'top', 'bottom', 'dupatta', 'dress' ]
Found components for "Cotton Candy Pink Coord Set": [ 'top', 'bottom', 'dress', 'cape' ]
Found components for "Cream Floral Linen Jacquard Kurta Set": [ 'top', 'bottom', 'dupatta', 'dress' ]
Found components for "Crepe Hot Pink Gold Spaghetti Sharara Set": [ 'top', 'bottom', 'dupatta' ]
Found components for "Cream and Red Mirror Work Suit Set": [ 'top', 'bottom' ]
Found components for "Crepe Maroon Kaftan Dhoti Set": [ 'top', 'bottom', 'dress', 'kaftan' ]
Found components for "Cream Black Cotton Kurta Set": [ 'top', 'bottom', 'dupatta', 'dress' ]
Found components for "Crepe Shell Yellow Pink Kurta Dhoti Set": [ 'top', 'bottom', 'accessory', 'dress' ]
Found components for "Cream Floral Linen Jacquard Kurta Set": [ 'top', 'bottom', 'dupatta', 'dress' ]
Found components for "Cube Blue Dhoti Skirt Jacket Coord Set": [ 'top', 'bottom', 'jacket' ]
Found components for "Crepe Hot Pink Gold Spaghetti Sharara Set": [ 'top', 'bottom', 'dupatta' ]
Found components for "Cutwork Beige 3 Piece Coord Set": [ 'top', 'bottom', 'jacket', 'dress' ]
Found components for "Crepe Maroon Kaftan Dhoti Set": [ 'top', 'bottom', 'dress', 'kaftan' ]
Finding all set products...
Fetching all products from Shopify...
Found components for "Cutwork Embroidery Green Kurta Set": [ 'top', 'bottom', 'accessory' ]
Found components for "Crepe Shell Yellow Pink Kurta Dhoti Set": [ 'top', 'bottom', 'accessory', 'dress' ]
Found components for "Cutwork Embroidery Grey Kurta Set": [ 'top', 'bottom', 'accessory' ]
Found components for "Cube Blue Dhoti Skirt Jacket Coord Set": [ 'top', 'bottom', 'jacket' ]
Found components for "Dark Navy Blue Kaftan Coord Set": [ 'top', 'bottom', 'dress', 'kaftan' ]
Found 250 total products, filtering for sets...
Found 110 set products, checking processed status...
Found components for "(@CurlyTales) White Chikan Set": [ 'top', 'bottom', 'accessory', 'dress' ]
Found components for "Cutwork Beige 3 Piece Coord Set": [ 'top', 'bottom', 'jacket', 'dress' ]
Found components for "Dark Red Blazer Skirt Set": [ 'top', 'bottom', 'jacket', 'dress' ]
Product (@CurlyTales) White Chikan Set already processed (component Top exists)
Found components for "(@Debina Bonnerjee) Stripe Technicolour Coord Set": [ 'top', 'bottom', 'accessory', 'dress' ]
Found components for "Cutwork Embroidery Green Kurta Set": [ 'top', 'bottom', 'accessory' ]
Found components for "Dark Red Pathani Set": [ 'top', 'bottom' ]
Product (@Debina Bonnerjee) Stripe Technicolour Coord Set already processed (component Top exists)
Found components for "(@Masoom Minawala) Black Co ord Set - Geometric 3 Piece Set": [ 'top', 'bottom', 'jacket', 'accessory', 'dress' ]
Found components for "Cutwork Embroidery Grey Kurta Set": [ 'top', 'bottom', 'accessory' ]
93 set products are unprocessed
Found components for "(@ThatBohoGirl) Lime Green Coord Set - Three Piece Set": [ 'top', 'bottom', 'accessory' ]
Found components for "(@Yasmin Karachiwala) Creamy Charcoal Drape 3 Piece Set": [ 'top', 'bottom', 'dress', 'cape' ]
Found components for "(Divyanka Tripathi) Gold Black Striped Kaftan Set": [ 'top', 'bottom', 'dress', 'kaftan' ]
Found components for "(DivyankaTripathi) Three Piece Off-White Drape Pant Set with Handbag": [ 'top', 'bottom', 'accessory' ]
Found components for "(Kajol) Tie Dye Green Drape Sari Kurta Set": [ 'top', 'bottom', 'dupatta', 'dress', 'saree' ]
Found components for "A line White Suit Set": [ 'top', 'bottom', 'dupatta', 'dress' ]
Found components for "Alia Bhatt (limited edition) Red Blue Coord Set": [ 'jacket', 'accessory', 'dress', 'saree' ]
Found components for "All White Blazer Set": [ 'top', 'bottom', 'jacket' ]
Found components for "Antique Silver Polish Choker Necklace Set": [ 'accessory' ]
Found components for "Bandhini Pathani Set": [ 'top', 'dress' ]
Found components for "Beadwork White Black Suit Set": [ 'top', 'bottom', 'dupatta', 'dress' ]
Found components for "Beige Coord Set with Necklace": [ 'top', 'bottom', 'accessory', 'dress' ]
Found components for "Beige Kaftan Set": [ 'bottom', 'dress', 'kaftan' ]
Found components for "Beige Mirror Work Coord Set": [ 'top', 'bottom' ]
Found components for "Beige Waistcoat Set": [ 'top', 'bottom', 'jacket' ]
Found components for "Black 3 Piece Coord Set - Neckpiece included": [ 'top', 'bottom', 'dress' ]
Found components for "Black and Yellow Coord Set": [ 'top', 'bottom' ]
Found components for "Black Banarasi Suit Set": [ 'top', 'bottom', 'dupatta', 'dress' ]
Found components for "Black Brown Pathani Set": [ 'top' ]
Found components for "Black Coord Set With Hanging Tassels": [ 'top', 'bottom', 'kaftan' ]
Found components for "Black Floral Dhoti Set": [ 'top', 'bottom', 'dress' ]
Found components for "Black Grey Off Shoulder Coord Set": [ 'top', 'bottom', 'dress' ]
Found components for "Black Motif Banarasi Kurta Set": [ 'top', 'bottom', 'dupatta', 'dress' ]
Found components for "Black Pakistani Suit Set": [ 'top', 'bottom', 'dupatta', 'dress' ]
Found components for "Black Pathani Dhoti Banjara Potli Set": [ 'top', 'bottom', 'accessory' ]
Found components for "Black Pathani Set - Best Pathani Suit for Women": [ 'top', 'bottom' ]
Found components for "Black Peach Waist Coat Set": [ 'top', 'bottom', 'jacket' ]
Found components for "Black Sharara Set": [ 'top', 'bottom', 'dupatta' ]
Found components for "Black Shell Skirt Sari - Two Piece Set": [ 'top', 'bottom', 'saree' ]
Found components for "Black Spaghetti Dhoti Set": [ 'top', 'bottom', 'dupatta' ]
Found components for "Black White Embroidery Coord Set - Two Piece": [ 'top', 'bottom', 'accessory', 'dress' ]
Found components for "Black White Spaghetti Sharara Set": [ 'top', 'bottom', 'dupatta', 'dress' ]
Found components for "Black White Zipper Coord Set": [ 'top', 'bottom', 'kaftan' ]
Found components for "Blue Abstract Waist Coat Set": [ 'top', 'bottom', 'jacket' ]
Found components for "Blue Bandhani Banarasi  Kurta Set": [ 'top', 'bottom', 'dupatta', 'dress' ]
Found components for "Blue Blazer Set": [ 'bottom', 'jacket' ]
Found components for "Blue Bralette Kurta Set": [ 'top', 'bottom' ]
Found components for "Blue Card Print Coord Set with Handbag": [ 'top', 'bottom', 'accessory' ]
Found components for "Blue Flower Off White Coord Set": [ 'top', 'bottom', 'dress' ]
Found components for "Blue Flower Suit Set": [ 'dress' ]
Found components for "Blue Green Farshi Set": [ 'top', 'bottom' ]
Found components for "Blue Half Kaftan Coord Set": [ 'top', 'bottom', 'kaftan' ]
Found components for "Blue Kurta Pallazo Set": [ 'top', 'bottom', 'dress' ]
Found components for "Blue Lotus Coord Set": [ 'top', 'bottom', 'dress', 'kaftan' ]
Found components for "Blue Organza Anarkali Kurta Set": [ 'top', 'bottom', 'dupatta', 'dress' ]
Found components for "Blue Pink Sharara Set": [ 'top', 'bottom', 'dupatta', 'dress' ]
Found components for "Blue Polka Off Shoulder Coord Set": [ 'top', 'bottom', 'dress', 'kaftan' ]
Found components for "Blue Red Suit Set": [ 'top', 'bottom', 'dupatta', 'dress' ]
Found components for "Blue Shell Skirt Sari - Two Piece Set": [ 'top', 'bottom', 'saree' ]
Found components for "Blue Slit Kurta Pant Set": [ 'top', 'bottom', 'dress' ]
Found components for "Blue Spaghetti Sharara Set": [ 'bottom' ]
Found components for "Blue Wave Pocket Co ord Set": [ 'top', 'bottom', 'dress' ]
Found components for "Blue White Doodle - Three Piece Coord Set": [ 'top', 'bottom', 'dress', 'kaftan' ]
Found components for "Blue Wrap Around Coord Set": [ 'top', 'bottom', 'accessory', 'dress', 'wrap' ]
Found components for "Blue Yellow Four Piece Potli Set": [ 'top', 'bottom', 'dupatta', 'accessory', 'dress' ]
Found components for "Blue Zig Zag Coord Set": [ 'top', 'bottom' ]
Found components for "Blue Zipper Coord Set": [ 'top', 'bottom', 'kaftan' ]
Found components for "Blush Pink Motif Banarasi Kurta Set": [ 'top', 'bottom', 'dupatta', 'dress' ]
Found components for "Blush Pink Sharara Set": [ 'top', 'bottom', 'dupatta', 'dress' ]
Found components for "Boho Black Coord Set": [ 'top', 'bottom', 'dress' ]
Found components for "Boho Fringe Pink White Set": [ 'top', 'bottom', 'dress' ]
Found components for "Bottle Green Bandhani Jacquard Kurta Set": [ 'top', 'bottom', 'dupatta', 'dress' ]
Found components for "Bottle Green Crepe Coord Set": [ 'top', 'bottom', 'accessory', 'dress' ]
Found components for "Brown & Orange Four Piece Sharara Set": [ 'top', 'bottom', 'dupatta', 'accessory', 'dress' ]
Found components for "Brown Coord Set": [ 'top', 'bottom', 'dress' ]
Found components for "Brown Cream Kaftan Coord Set": [ 'top', 'bottom', 'kaftan' ]
Found components for "Brown High Low Coord Set": [ 'top', 'bottom' ]
Found components for "Brown Lehenga Set": [ 'top', 'dupatta', 'lehenga', 'dress' ]
Found components for "Brownwood Kaftan Set": [ 'bottom', 'dress', 'kaftan' ]
Found components for "Champagne Brown Shell Coord Set": [ 'top', 'bottom' ]
Found components for "Champagne Pink Abstract Waist Coat Set": [ 'top', 'bottom', 'jacket' ]
Found components for "Checks Black Coord Set": [ 'top', 'bottom', 'dress' ]
Found components for "Checks Black Kurta Pant Set": [ 'top', 'bottom' ]
Found components for "Checks Navy Blue Coord Set": [ 'top', 'bottom', 'dress' ]
Found components for "Checks Three Piece Set": [ 'top', 'bottom', 'jacket', 'accessory', 'dress' ]
Found components for "Checks White Drape Kurta Pant Set": [ 'top', 'bottom', 'accessory', 'dress' ]
Found components for "Cheetah Coord Set": [ 'top', 'bottom', 'dress' ]
Found components for "Cobalt Blue Coord Set": [ 'top', 'bottom', 'dupatta', 'dress' ]
Found components for "Colourful Three Piece Set": [ 'top', 'bottom', 'jacket', 'dress' ]
Found components for "Cotton Candy Pink Coord Set": [ 'top', 'bottom', 'dress', 'cape' ]
Found components for "Cream and Red Mirror Work Suit Set": [ 'top', 'bottom' ]
Found components for "Cream Black Cotton Kurta Set": [ 'top', 'bottom', 'dupatta', 'dress' ]
Found components for "Cream Floral Linen Jacquard Kurta Set": [ 'top', 'bottom', 'dupatta', 'dress' ]
Found components for "Crepe Hot Pink Gold Spaghetti Sharara Set": [ 'top', 'bottom', 'dupatta' ]
Found components for "Crepe Maroon Kaftan Dhoti Set": [ 'top', 'bottom', 'dress', 'kaftan' ]
Found components for "Crepe Shell Yellow Pink Kurta Dhoti Set": [ 'top', 'bottom', 'accessory', 'dress' ]
Found components for "Cube Blue Dhoti Skirt Jacket Coord Set": [ 'top', 'bottom', 'jacket' ]
Found components for "Cutwork Beige 3 Piece Coord Set": [ 'top', 'bottom', 'jacket', 'dress' ]
Found components for "Cutwork Embroidery Green Kurta Set": [ 'top', 'bottom', 'accessory' ]
Found components for "Cutwork Embroidery Grey Kurta Set": [ 'top', 'bottom', 'accessory' ]
Found components for "Dark Navy Blue Kaftan Coord Set": [ 'top', 'bottom', 'dress', 'kaftan' ]
Found components for "Dark Red Blazer Skirt Set": [ 'top', 'bottom', 'jacket', 'dress' ]
Found components for "Dark Red Pathani Set": [ 'top', 'bottom' ]
Product (@Masoom Minawala) Black Co ord Set - Geometric 3 Piece Set already processed (component Top exists)
Found components for "(@ThatBohoGirl) Lime Green Coord Set - Three Piece Set": [ 'top', 'bottom', 'accessory' ]
Found components for "Dark Navy Blue Kaftan Coord Set": [ 'top', 'bottom', 'dress', 'kaftan' ]
Found components for "(@Yasmin Karachiwala) Creamy Charcoal Drape 3 Piece Set": [ 'top', 'bottom', 'dress', 'cape' ]
Found components for "(Divyanka Tripathi) Gold Black Striped Kaftan Set": [ 'top', 'bottom', 'dress', 'kaftan' ]
Found components for "Dark Red Blazer Skirt Set": [ 'top', 'bottom', 'jacket', 'dress' ]
Found components for "(DivyankaTripathi) Three Piece Off-White Drape Pant Set with Handbag": [ 'top', 'bottom', 'accessory' ]
Found components for "Dark Red Pathani Set": [ 'top', 'bottom' ]
Found components for "(Kajol) Tie Dye Green Drape Sari Kurta Set": [ 'top', 'bottom', 'dupatta', 'dress', 'saree' ]
Found components for "A line White Suit Set": [ 'top', 'bottom', 'dupatta', 'dress' ]
93 set products are unprocessed
Found components for "(@ThatBohoGirl) Lime Green Coord Set - Three Piece Set": [ 'top', 'bottom', 'accessory' ]
Found components for "(@Yasmin Karachiwala) Creamy Charcoal Drape 3 Piece Set": [ 'top', 'bottom', 'dress', 'cape' ]
Found components for "(Divyanka Tripathi) Gold Black Striped Kaftan Set": [ 'top', 'bottom', 'dress', 'kaftan' ]
Found components for "(DivyankaTripathi) Three Piece Off-White Drape Pant Set with Handbag": [ 'top', 'bottom', 'accessory' ]
Found components for "(Kajol) Tie Dye Green Drape Sari Kurta Set": [ 'top', 'bottom', 'dupatta', 'dress', 'saree' ]
Found components for "A line White Suit Set": [ 'top', 'bottom', 'dupatta', 'dress' ]
Found components for "Alia Bhatt (limited edition) Red Blue Coord Set": [ 'jacket', 'accessory', 'dress', 'saree' ]
Found components for "All White Blazer Set": [ 'top', 'bottom', 'jacket' ]
Found components for "Antique Silver Polish Choker Necklace Set": [ 'accessory' ]
Found components for "Bandhini Pathani Set": [ 'top', 'dress' ]
Found components for "Beadwork White Black Suit Set": [ 'top', 'bottom', 'dupatta', 'dress' ]
Found components for "Beige Coord Set with Necklace": [ 'top', 'bottom', 'accessory', 'dress' ]
Found components for "Beige Kaftan Set": [ 'bottom', 'dress', 'kaftan' ]
Found components for "Beige Mirror Work Coord Set": [ 'top', 'bottom' ]
Found components for "Beige Waistcoat Set": [ 'top', 'bottom', 'jacket' ]
Found components for "Black 3 Piece Coord Set - Neckpiece included": [ 'top', 'bottom', 'dress' ]
Found components for "Black and Yellow Coord Set": [ 'top', 'bottom' ]
Found components for "Black Banarasi Suit Set": [ 'top', 'bottom', 'dupatta', 'dress' ]
Found components for "Black Brown Pathani Set": [ 'top' ]
Found components for "Black Coord Set With Hanging Tassels": [ 'top', 'bottom', 'kaftan' ]
Found components for "Black Floral Dhoti Set": [ 'top', 'bottom', 'dress' ]
Found components for "Black Grey Off Shoulder Coord Set": [ 'top', 'bottom', 'dress' ]
Found components for "Black Motif Banarasi Kurta Set": [ 'top', 'bottom', 'dupatta', 'dress' ]
Found components for "Black Pakistani Suit Set": [ 'top', 'bottom', 'dupatta', 'dress' ]
Found components for "Black Pathani Dhoti Banjara Potli Set": [ 'top', 'bottom', 'accessory' ]
Found components for "Black Pathani Set - Best Pathani Suit for Women": [ 'top', 'bottom' ]
Found components for "Black Peach Waist Coat Set": [ 'top', 'bottom', 'jacket' ]
Found components for "Black Sharara Set": [ 'top', 'bottom', 'dupatta' ]
Found components for "Black Shell Skirt Sari - Two Piece Set": [ 'top', 'bottom', 'saree' ]
Found components for "Black Spaghetti Dhoti Set": [ 'top', 'bottom', 'dupatta' ]
Found components for "Black White Embroidery Coord Set - Two Piece": [ 'top', 'bottom', 'accessory', 'dress' ]
Found components for "Black White Spaghetti Sharara Set": [ 'top', 'bottom', 'dupatta', 'dress' ]
Found components for "Black White Zipper Coord Set": [ 'top', 'bottom', 'kaftan' ]
Found components for "Blue Abstract Waist Coat Set": [ 'top', 'bottom', 'jacket' ]
Found components for "Blue Bandhani Banarasi  Kurta Set": [ 'top', 'bottom', 'dupatta', 'dress' ]
Found components for "Blue Blazer Set": [ 'bottom', 'jacket' ]
Found components for "Blue Bralette Kurta Set": [ 'top', 'bottom' ]
Found components for "Blue Card Print Coord Set with Handbag": [ 'top', 'bottom', 'accessory' ]
Found components for "Blue Flower Off White Coord Set": [ 'top', 'bottom', 'dress' ]
Found components for "Blue Flower Suit Set": [ 'dress' ]
Found components for "Blue Green Farshi Set": [ 'top', 'bottom' ]
Found components for "Blue Half Kaftan Coord Set": [ 'top', 'bottom', 'kaftan' ]
Found components for "Blue Kurta Pallazo Set": [ 'top', 'bottom', 'dress' ]
Found components for "Blue Lotus Coord Set": [ 'top', 'bottom', 'dress', 'kaftan' ]
Found components for "Blue Organza Anarkali Kurta Set": [ 'top', 'bottom', 'dupatta', 'dress' ]
Found components for "Blue Pink Sharara Set": [ 'top', 'bottom', 'dupatta', 'dress' ]
Found components for "Blue Polka Off Shoulder Coord Set": [ 'top', 'bottom', 'dress', 'kaftan' ]
Found components for "Blue Red Suit Set": [ 'top', 'bottom', 'dupatta', 'dress' ]
Found components for "Blue Shell Skirt Sari - Two Piece Set": [ 'top', 'bottom', 'saree' ]
Found components for "Blue Slit Kurta Pant Set": [ 'top', 'bottom', 'dress' ]
Found components for "Blue Spaghetti Sharara Set": [ 'bottom' ]
Found components for "Blue Wave Pocket Co ord Set": [ 'top', 'bottom', 'dress' ]
Found components for "Blue White Doodle - Three Piece Coord Set": [ 'top', 'bottom', 'dress', 'kaftan' ]
Found components for "Blue Wrap Around Coord Set": [ 'top', 'bottom', 'accessory', 'dress', 'wrap' ]
Found components for "Blue Yellow Four Piece Potli Set": [ 'top', 'bottom', 'dupatta', 'accessory', 'dress' ]
Found components for "Blue Zig Zag Coord Set": [ 'top', 'bottom' ]
Found components for "Blue Zipper Coord Set": [ 'top', 'bottom', 'kaftan' ]
Found components for "Blush Pink Motif Banarasi Kurta Set": [ 'top', 'bottom', 'dupatta', 'dress' ]
Found components for "Blush Pink Sharara Set": [ 'top', 'bottom', 'dupatta', 'dress' ]
Found components for "Boho Black Coord Set": [ 'top', 'bottom', 'dress' ]
Found components for "Boho Fringe Pink White Set": [ 'top', 'bottom', 'dress' ]
Found components for "Bottle Green Bandhani Jacquard Kurta Set": [ 'top', 'bottom', 'dupatta', 'dress' ]
Found components for "Bottle Green Crepe Coord Set": [ 'top', 'bottom', 'accessory', 'dress' ]
Found components for "Brown & Orange Four Piece Sharara Set": [ 'top', 'bottom', 'dupatta', 'accessory', 'dress' ]
Found components for "Brown Coord Set": [ 'top', 'bottom', 'dress' ]
Found components for "Brown Cream Kaftan Coord Set": [ 'top', 'bottom', 'kaftan' ]
Found components for "Brown High Low Coord Set": [ 'top', 'bottom' ]
Found components for "Brown Lehenga Set": [ 'top', 'dupatta', 'lehenga', 'dress' ]
Found components for "Brownwood Kaftan Set": [ 'bottom', 'dress', 'kaftan' ]
Found components for "Champagne Brown Shell Coord Set": [ 'top', 'bottom' ]
Found components for "Champagne Pink Abstract Waist Coat Set": [ 'top', 'bottom', 'jacket' ]
Found components for "Checks Black Coord Set": [ 'top', 'bottom', 'dress' ]
Found components for "Checks Black Kurta Pant Set": [ 'top', 'bottom' ]
Found components for "Checks Navy Blue Coord Set": [ 'top', 'bottom', 'dress' ]
Found components for "Checks Three Piece Set": [ 'top', 'bottom', 'jacket', 'accessory', 'dress' ]
Found components for "Checks White Drape Kurta Pant Set": [ 'top', 'bottom', 'accessory', 'dress' ]
Found components for "Cheetah Coord Set": [ 'top', 'bottom', 'dress' ]
Found components for "Cobalt Blue Coord Set": [ 'top', 'bottom', 'dupatta', 'dress' ]
Found components for "Colourful Three Piece Set": [ 'top', 'bottom', 'jacket', 'dress' ]
Found components for "Cotton Candy Pink Coord Set": [ 'top', 'bottom', 'dress', 'cape' ]
Found components for "Cream and Red Mirror Work Suit Set": [ 'top', 'bottom' ]
Found components for "Cream Black Cotton Kurta Set": [ 'top', 'bottom', 'dupatta', 'dress' ]
Found components for "Cream Floral Linen Jacquard Kurta Set": [ 'top', 'bottom', 'dupatta', 'dress' ]
Found components for "Crepe Hot Pink Gold Spaghetti Sharara Set": [ 'top', 'bottom', 'dupatta' ]
Found components for "Crepe Maroon Kaftan Dhoti Set": [ 'top', 'bottom', 'dress', 'kaftan' ]
Found components for "Crepe Shell Yellow Pink Kurta Dhoti Set": [ 'top', 'bottom', 'accessory', 'dress' ]
Found components for "Cube Blue Dhoti Skirt Jacket Coord Set": [ 'top', 'bottom', 'jacket' ]
Found components for "Cutwork Beige 3 Piece Coord Set": [ 'top', 'bottom', 'jacket', 'dress' ]
Found components for "Cutwork Embroidery Green Kurta Set": [ 'top', 'bottom', 'accessory' ]
Found components for "Cutwork Embroidery Grey Kurta Set": [ 'top', 'bottom', 'accessory' ]
Found components for "Dark Navy Blue Kaftan Coord Set": [ 'top', 'bottom', 'dress', 'kaftan' ]
Found components for "Dark Red Blazer Skirt Set": [ 'top', 'bottom', 'jacket', 'dress' ]
Found components for "Dark Red Pathani Set": [ 'top', 'bottom' ]
Found components for "Alia Bhatt (limited edition) Red Blue Coord Set": [ 'jacket', 'accessory', 'dress', 'saree' ]
Found components for "All White Blazer Set": [ 'top', 'bottom', 'jacket' ]
Found components for "Antique Silver Polish Choker Necklace Set": [ 'accessory' ]
Found components for "Bandhini Pathani Set": [ 'top', 'dress' ]
Found components for "Beadwork White Black Suit Set": [ 'top', 'bottom', 'dupatta', 'dress' ]
Found components for "Beige Coord Set with Necklace": [ 'top', 'bottom', 'accessory', 'dress' ]
Found components for "Beige Kaftan Set": [ 'bottom', 'dress', 'kaftan' ]
Found components for "Beige Maroon Shirt Lehenga Set": [ 'top', 'lehenga', 'dress' ]
Product Beige Maroon Shirt Lehenga Set already processed (component Lehenga exists)
Found components for "Beige Mirror Work Coord Set": [ 'top', 'bottom' ]
Found components for "Beige Waistcoat Set": [ 'top', 'bottom', 'jacket' ]
Found components for "Black 3 Piece Coord Set - Neckpiece included": [ 'top', 'bottom', 'dress' ]
Found components for "Black And Red Coord Set": [ 'jacket', 'dress' ]
Product Black And Red Coord Set already processed (component Jacket exists)
Found components for "Black and Red Kaftan Dhoti Set": [ 'bottom', 'kaftan' ]
Product Black and Red Kaftan Dhoti Set already processed (component Kaftan exists)
Found components for "Black and Red Three Piece Dhoti Set": [ 'top', 'bottom', 'jacket' ]
Product Black and Red Three Piece Dhoti Set already processed (component Jacket exists)
Found components for "Black and White Elephant Four Piece Set": [ 'top', 'bottom', 'jacket', 'dupatta', 'accessory' ]
Product Black and White Elephant Four Piece Set already processed (component Jacket exists)
Found components for "Black and Yellow Coord Set": [ 'top', 'bottom' ]
Found components for "Black Banarasi Suit Set": [ 'top', 'bottom', 'dupatta', 'dress' ]
Found components for "Black Brown Pathani Set": [ 'top' ]
Found components for "Black Coord Set With Hanging Tassels": [ 'top', 'bottom', 'kaftan' ]
Found components for "Black Floral Dhoti Set": [ 'top', 'bottom', 'dress' ]
Found components for "Black Grey Off Shoulder Coord Set": [ 'top', 'bottom', 'dress' ]
Found components for "Black Motif Banarasi Kurta Set": [ 'top', 'bottom', 'dupatta', 'dress' ]
Found components for "Black Pakistani Suit Set": [ 'top', 'bottom', 'dupatta', 'dress' ]
Found components for "Black Pathani Dhoti Banjara Potli Set": [ 'top', 'bottom', 'accessory' ]
Found components for "Black Pathani Set - Best Pathani Suit for Women": [ 'top', 'bottom' ]
Found components for "Black Peach Waist Coat Set": [ 'top', 'bottom', 'jacket' ]
Found components for "Black Sharara Set": [ 'top', 'bottom', 'dupatta' ]
Found components for "Black Shell Skirt Sari - Two Piece Set": [ 'top', 'bottom', 'saree' ]
Found components for "Black Slit Dress And Jacket Set": [ 'jacket', 'dress' ]
Product Black Slit Dress And Jacket Set already processed (component Jacket exists)
Found components for "Black Spaghetti Dhoti Set": [ 'top', 'bottom', 'dupatta' ]
Found components for "Black White Embroidery Coord Set - Two Piece": [ 'top', 'bottom', 'accessory', 'dress' ]
Found components for "Black White Half Jumpsuit Jacket Set": [ 'jacket', 'accessory', 'dress', 'jumpsuit' ]
Product Black White Half Jumpsuit Jacket Set already processed (component Jacket exists)
Found components for "Black White Spaghetti Sharara Set": [ 'top', 'bottom', 'dupatta', 'dress' ]
Found components for "Black White Zipper Coord Set": [ 'top', 'bottom', 'kaftan' ]
Found components for "Blue Abstract Waist Coat Set": [ 'top', 'bottom', 'jacket' ]
Found components for "Blue Bandhani Banarasi  Kurta Set": [ 'top', 'bottom', 'dupatta', 'dress' ]
Found components for "Blue Blazer Set": [ 'bottom', 'jacket' ]
Found components for "Blue Bralette Kurta Set": [ 'top', 'bottom' ]
Found components for "Blue Card Print Coord Set with Handbag": [ 'top', 'bottom', 'accessory' ]
Found components for "Blue Evil Eye Shubh Labh Set - Accessory": [ 'accessory' ]
Product Blue Evil Eye Shubh Labh Set - Accessory already processed (component Accessory exists)
Found components for "Blue Flared Pants With Patchwork Corset Top": [ 'top', 'bottom' ]
Product Blue Flared Pants With Patchwork Corset Top already processed (component Top exists)
Found components for "Blue Flower Off White Coord Set": [ 'top', 'bottom', 'dress' ]
Found components for "Blue Flower Suit Set": [ 'dress' ]
Found components for "Blue Gold Jumpsuit Jacket Set": [ 'jacket', 'jumpsuit' ]
Product Blue Gold Jumpsuit Jacket Set already processed (component Jacket exists)
Found components for "Blue Green Farshi Set": [ 'top', 'bottom' ]
Found components for "Blue Half Kaftan Coord Set": [ 'top', 'bottom', 'kaftan' ]
Found components for "Blue Kurta Jacket Set": [ 'top', 'bottom', 'jacket', 'dress' ]
Product Blue Kurta Jacket Set already processed (component Jacket exists)
Found components for "Blue Kurta Pallazo Set": [ 'top', 'bottom', 'dress' ]
Found components for "Blue Lotus Coord Set": [ 'top', 'bottom', 'dress', 'kaftan' ]
Found components for "Blue Organza Anarkali Kurta Set": [ 'top', 'bottom', 'dupatta', 'dress' ]
Found components for "Blue Pink Embroidery 3 Piece Set- Pant, Jacket, Blouse": [ 'top', 'bottom', 'jacket', 'dress', 'cape' ]
Product Blue Pink Embroidery 3 Piece Set- Pant, Jacket, Blouse already processed (component Jacket exists)
Found components for "Blue Pink Sharara Set": [ 'top', 'bottom', 'dupatta', 'dress' ]
Finding all set products...
Fetching all products from Shopify...
Found components for "Blue Polka Off Shoulder Coord Set": [ 'top', 'bottom', 'dress', 'kaftan' ]
Found components for "Blue Red Suit Set": [ 'top', 'bottom', 'dupatta', 'dress' ]
Found 250 total products, filtering for sets...
Found 110 set products, checking processed status...
Found components for "(@CurlyTales) White Chikan Set": [ 'top', 'bottom', 'accessory', 'dress' ]
Found components for "Blue Shell Skirt Sari - Two Piece Set": [ 'top', 'bottom', 'saree' ]
Testing Shopify connection...
Store: labeldc-estore.myshopify.com
Token: shpat_830b...
Product (@CurlyTales) White Chikan Set already processed (component Top exists)
Found components for "(@Debina Bonnerjee) Stripe Technicolour Coord Set": [ 'top', 'bottom', 'accessory', 'dress' ]
Found components for "Blue Slit Kurta Pant Set": [ 'top', 'bottom', 'dress' ]
Found components for "Blue Spaghetti Sharara Set": [ 'bottom' ]
Testing Shopify connection...
Store: labeldc-estore.myshopify.com
Token: shpat_830b...
Product (@Debina Bonnerjee) Stripe Technicolour Coord Set already processed (component Top exists)
Found components for "(@Masoom Minawala) Black Co ord Set - Geometric 3 Piece Set": [ 'top', 'bottom', 'jacket', 'accessory', 'dress' ]
Found components for "Blue Wave Pocket Co ord Set": [ 'top', 'bottom', 'dress' ]
Found components for "Blue White Doodle - Three Piece Coord Set": [ 'top', 'bottom', 'dress', 'kaftan' ]
Product (@Masoom Minawala) Black Co ord Set - Geometric 3 Piece Set already processed (component Top exists)
Found components for "(@ThatBohoGirl) Lime Green Coord Set - Three Piece Set": [ 'top', 'bottom', 'accessory' ]
Found components for "Blue Wrap Around Coord Set": [ 'top', 'bottom', 'accessory', 'dress', 'wrap' ]
Found components for "Blue Yellow Four Piece Potli Set": [ 'top', 'bottom', 'dupatta', 'accessory', 'dress' ]
Found components for "(@Yasmin Karachiwala) Creamy Charcoal Drape 3 Piece Set": [ 'top', 'bottom', 'dress', 'cape' ]
Found components for "Blue Zig Zag Coord Set": [ 'top', 'bottom' ]
Found components for "(Divyanka Tripathi) Gold Black Striped Kaftan Set": [ 'top', 'bottom', 'dress', 'kaftan' ]
Found components for "Blue Zipper Coord Set": [ 'top', 'bottom', 'kaftan' ]
Found components for "(DivyankaTripathi) Three Piece Off-White Drape Pant Set with Handbag": [ 'top', 'bottom', 'accessory' ]
Found components for "Blush Pink Motif Banarasi Kurta Set": [ 'top', 'bottom', 'dupatta', 'dress' ]
Found components for "(Kajol) Tie Dye Green Drape Sari Kurta Set": [ 'top', 'bottom', 'dupatta', 'dress', 'saree' ]
Found components for "Blush Pink Sharara Set": [ 'top', 'bottom', 'dupatta', 'dress' ]
Found components for "Boho Black Coord Set": [ 'top', 'bottom', 'dress' ]
Found components for "A line White Suit Set": [ 'top', 'bottom', 'dupatta', 'dress' ]
Found components for "Boho Fringe Pink White Set": [ 'top', 'bottom', 'dress' ]
Found components for "Alia Bhatt (limited edition) Red Blue Coord Set": [ 'jacket', 'accessory', 'dress', 'saree' ]
Found components for "Bottle Green Bandhani Jacquard Kurta Set": [ 'top', 'bottom', 'dupatta', 'dress' ]
Found components for "All White Blazer Set": [ 'top', 'bottom', 'jacket' ]
Found components for "Bottle Green Crepe Coord Set": [ 'top', 'bottom', 'accessory', 'dress' ]
Found components for "Antique Silver Polish Choker Necklace Set": [ 'accessory' ]
Found components for "Brass Kundan Pooja Thali 7 Pc Set - Accessory": [ 'accessory' ]
Product Brass Kundan Pooja Thali 7 Pc Set - Accessory already processed (component Accessory exists)
Found components for "Brass Laxmi Charan Diya Set (Pair of 2) - Accessory": [ 'accessory' ]
Found components for "Bandhini Pathani Set": [ 'top', 'dress' ]
Product Brass Laxmi Charan Diya Set (Pair of 2) - Accessory already processed (component Accessory exists)
Found components for "Brown & Orange Four Piece Sharara Set": [ 'top', 'bottom', 'dupatta', 'accessory', 'dress' ]
Found components for "Beadwork White Black Suit Set": [ 'top', 'bottom', 'dupatta', 'dress' ]
Found components for "Brown Coord Set": [ 'top', 'bottom', 'dress' ]
Found components for "Brown Cream Kaftan Coord Set": [ 'top', 'bottom', 'kaftan' ]
Found components for "Beige Coord Set with Necklace": [ 'top', 'bottom', 'accessory', 'dress' ]
Found components for "Beige Kaftan Set": [ 'bottom', 'dress', 'kaftan' ]
Found components for "Brown High Low Coord Set": [ 'top', 'bottom' ]
Found components for "Beige Maroon Shirt Lehenga Set": [ 'top', 'lehenga', 'dress' ]
Found components for "Brown Lehenga Set": [ 'top', 'dupatta', 'lehenga', 'dress' ]
Product Beige Maroon Shirt Lehenga Set already processed (component Lehenga exists)
Found components for "Beige Mirror Work Coord Set": [ 'top', 'bottom' ]
Found components for "Brownwood Kaftan Set": [ 'bottom', 'dress', 'kaftan' ]
Found components for "Beige Waistcoat Set": [ 'top', 'bottom', 'jacket' ]
Found components for "Champagne Brown Shell Coord Set": [ 'top', 'bottom' ]
Found components for "Black 3 Piece Coord Set - Neckpiece included": [ 'top', 'bottom', 'dress' ]
Found components for "Black And Red Coord Set": [ 'jacket', 'dress' ]
Found components for "Champagne Pink Abstract Waist Coat Set": [ 'top', 'bottom', 'jacket' ]
Product Black And Red Coord Set already processed (component Jacket exists)
Found components for "Black and Red Kaftan Dhoti Set": [ 'bottom', 'kaftan' ]
Found components for "Checks Black Coord Set": [ 'top', 'bottom', 'dress' ]
Product Black and Red Kaftan Dhoti Set already processed (component Kaftan exists)
Found components for "Black and Red Three Piece Dhoti Set": [ 'top', 'bottom', 'jacket' ]
Product Black and Red Three Piece Dhoti Set already processed (component Jacket exists)
Found components for "Black and White Elephant Four Piece Set": [ 'top', 'bottom', 'jacket', 'dupatta', 'accessory' ]
Found components for "Checks Black Kurta Pant Set": [ 'top', 'bottom' ]
Product Black and White Elephant Four Piece Set already processed (component Jacket exists)
Found components for "Black and Yellow Coord Set": [ 'top', 'bottom' ]
Found components for "Black Banarasi Suit Set": [ 'top', 'bottom', 'dupatta', 'dress' ]
Found components for "Checks Navy Blue Coord Set": [ 'top', 'bottom', 'dress' ]
Found components for "Black Brown Pathani Set": [ 'top' ]
Found components for "Black Coord Set With Hanging Tassels": [ 'top', 'bottom', 'kaftan' ]
Found components for "Checks Three Piece Set": [ 'top', 'bottom', 'jacket', 'accessory', 'dress' ]
Found components for "Black Floral Dhoti Set": [ 'top', 'bottom', 'dress' ]
Found components for "Checks White Drape Kurta Pant Set": [ 'top', 'bottom', 'accessory', 'dress' ]
Found components for "Black Grey Off Shoulder Coord Set": [ 'top', 'bottom', 'dress' ]
Found components for "Black Motif Banarasi Kurta Set": [ 'top', 'bottom', 'dupatta', 'dress' ]
Found components for "Cheetah Coord Set": [ 'top', 'bottom', 'dress' ]
Found components for "Black Pakistani Suit Set": [ 'top', 'bottom', 'dupatta', 'dress' ]
Found components for "Cobalt Blue Coord Set": [ 'top', 'bottom', 'dupatta', 'dress' ]
Found components for "Black Pathani Dhoti Banjara Potli Set": [ 'top', 'bottom', 'accessory' ]
Found components for "Colourful Three Piece Set": [ 'top', 'bottom', 'jacket', 'dress' ]
Found components for "Black Pathani Set - Best Pathani Suit for Women": [ 'top', 'bottom' ]
Found components for "Black Peach Waist Coat Set": [ 'top', 'bottom', 'jacket' ]
Found components for "Cotton Candy Pink Coord Set": [ 'top', 'bottom', 'dress', 'cape' ]
Found components for "Black Sharara Set": [ 'top', 'bottom', 'dupatta' ]
Found components for "Cream and Red Mirror Work Suit Set": [ 'top', 'bottom' ]
Found components for "Black Shell Skirt Sari - Two Piece Set": [ 'top', 'bottom', 'saree' ]
Found components for "Cream Black Cotton Kurta Set": [ 'top', 'bottom', 'dupatta', 'dress' ]
Found components for "Black Slit Dress And Jacket Set": [ 'jacket', 'dress' ]
Product Black Slit Dress And Jacket Set already processed (component Jacket exists)
Found components for "Black Spaghetti Dhoti Set": [ 'top', 'bottom', 'dupatta' ]
Found components for "Cream Floral Linen Jacquard Kurta Set": [ 'top', 'bottom', 'dupatta', 'dress' ]
Found components for "Black White Embroidery Coord Set - Two Piece": [ 'top', 'bottom', 'accessory', 'dress' ]
Found components for "Crepe Hot Pink Gold Spaghetti Sharara Set": [ 'top', 'bottom', 'dupatta' ]
Found components for "Black White Half Jumpsuit Jacket Set": [ 'jacket', 'accessory', 'dress', 'jumpsuit' ]
Found components for "Crepe Maroon Kaftan Dhoti Set": [ 'top', 'bottom', 'dress', 'kaftan' ]
Product Black White Half Jumpsuit Jacket Set already processed (component Jacket exists)
Found components for "Black White Spaghetti Sharara Set": [ 'top', 'bottom', 'dupatta', 'dress' ]
Found components for "Black White Zipper Coord Set": [ 'top', 'bottom', 'kaftan' ]
Found components for "Blue Abstract Waist Coat Set": [ 'top', 'bottom', 'jacket' ]
Found components for "Crepe Shell Yellow Pink Kurta Dhoti Set": [ 'top', 'bottom', 'accessory', 'dress' ]
Found components for "Blue Bandhani Banarasi  Kurta Set": [ 'top', 'bottom', 'dupatta', 'dress' ]
Found components for "Blue Blazer Set": [ 'bottom', 'jacket' ]
Found components for "Cube Blue Dhoti Skirt Jacket Coord Set": [ 'top', 'bottom', 'jacket' ]
Found components for "Blue Bralette Kurta Set": [ 'top', 'bottom' ]
Found components for "Cutwork Beige 3 Piece Coord Set": [ 'top', 'bottom', 'jacket', 'dress' ]
Found components for "Blue Card Print Coord Set with Handbag": [ 'top', 'bottom', 'accessory' ]
Found components for "Cutwork Embroidery Green Kurta Set": [ 'top', 'bottom', 'accessory' ]
Found components for "Blue Evil Eye Shubh Labh Set - Accessory": [ 'accessory' ]
Found components for "Cutwork Embroidery Grey Kurta Set": [ 'top', 'bottom', 'accessory' ]
Product Blue Evil Eye Shubh Labh Set - Accessory already processed (component Accessory exists)
Found components for "Blue Flared Pants With Patchwork Corset Top": [ 'top', 'bottom' ]
Found components for "Dark Navy Blue Kaftan Coord Set": [ 'top', 'bottom', 'dress', 'kaftan' ]
Product Blue Flared Pants With Patchwork Corset Top already processed (component Top exists)
Found components for "Blue Flower Off White Coord Set": [ 'top', 'bottom', 'dress' ]
Found components for "Dark Red Blazer Skirt Set": [ 'top', 'bottom', 'jacket', 'dress' ]
Found components for "Blue Flower Suit Set": [ 'dress' ]
Found components for "Dark Red Pathani Set": [ 'top', 'bottom' ]
Found components for "Blue Gold Jumpsuit Jacket Set": [ 'jacket', 'jumpsuit' ]
Product Blue Gold Jumpsuit Jacket Set already processed (component Jacket exists)
Found components for "Blue Green Farshi Set": [ 'top', 'bottom' ]
93 set products are unprocessed
Found components for "(@ThatBohoGirl) Lime Green Coord Set - Three Piece Set": [ 'top', 'bottom', 'accessory' ]
Found components for "(@Yasmin Karachiwala) Creamy Charcoal Drape 3 Piece Set": [ 'top', 'bottom', 'dress', 'cape' ]
Found components for "(Divyanka Tripathi) Gold Black Striped Kaftan Set": [ 'top', 'bottom', 'dress', 'kaftan' ]
Found components for "(DivyankaTripathi) Three Piece Off-White Drape Pant Set with Handbag": [ 'top', 'bottom', 'accessory' ]
Found components for "(Kajol) Tie Dye Green Drape Sari Kurta Set": [ 'top', 'bottom', 'dupatta', 'dress', 'saree' ]
Found components for "A line White Suit Set": [ 'top', 'bottom', 'dupatta', 'dress' ]
Found components for "Alia Bhatt (limited edition) Red Blue Coord Set": [ 'jacket', 'accessory', 'dress', 'saree' ]
Found components for "All White Blazer Set": [ 'top', 'bottom', 'jacket' ]
Found components for "Antique Silver Polish Choker Necklace Set": [ 'accessory' ]
Found components for "Bandhini Pathani Set": [ 'top', 'dress' ]
Found components for "Beadwork White Black Suit Set": [ 'top', 'bottom', 'dupatta', 'dress' ]
Found components for "Beige Coord Set with Necklace": [ 'top', 'bottom', 'accessory', 'dress' ]
Found components for "Beige Kaftan Set": [ 'bottom', 'dress', 'kaftan' ]
Found components for "Beige Mirror Work Coord Set": [ 'top', 'bottom' ]
Found components for "Beige Waistcoat Set": [ 'top', 'bottom', 'jacket' ]
Found components for "Black 3 Piece Coord Set - Neckpiece included": [ 'top', 'bottom', 'dress' ]
Found components for "Black and Yellow Coord Set": [ 'top', 'bottom' ]
Found components for "Black Banarasi Suit Set": [ 'top', 'bottom', 'dupatta', 'dress' ]
Found components for "Black Brown Pathani Set": [ 'top' ]
Found components for "Black Coord Set With Hanging Tassels": [ 'top', 'bottom', 'kaftan' ]
Found components for "Black Floral Dhoti Set": [ 'top', 'bottom', 'dress' ]
Found components for "Black Grey Off Shoulder Coord Set": [ 'top', 'bottom', 'dress' ]
Found components for "Black Motif Banarasi Kurta Set": [ 'top', 'bottom', 'dupatta', 'dress' ]
Found components for "Black Pakistani Suit Set": [ 'top', 'bottom', 'dupatta', 'dress' ]
Found components for "Black Pathani Dhoti Banjara Potli Set": [ 'top', 'bottom', 'accessory' ]
Found components for "Black Pathani Set - Best Pathani Suit for Women": [ 'top', 'bottom' ]
Found components for "Black Peach Waist Coat Set": [ 'top', 'bottom', 'jacket' ]
Found components for "Black Sharara Set": [ 'top', 'bottom', 'dupatta' ]
Found components for "Black Shell Skirt Sari - Two Piece Set": [ 'top', 'bottom', 'saree' ]
Found components for "Black Spaghetti Dhoti Set": [ 'top', 'bottom', 'dupatta' ]
Found components for "Black White Embroidery Coord Set - Two Piece": [ 'top', 'bottom', 'accessory', 'dress' ]
Found components for "Black White Spaghetti Sharara Set": [ 'top', 'bottom', 'dupatta', 'dress' ]
Found components for "Black White Zipper Coord Set": [ 'top', 'bottom', 'kaftan' ]
Found components for "Blue Abstract Waist Coat Set": [ 'top', 'bottom', 'jacket' ]
Found components for "Blue Bandhani Banarasi  Kurta Set": [ 'top', 'bottom', 'dupatta', 'dress' ]
Found components for "Blue Blazer Set": [ 'bottom', 'jacket' ]
Found components for "Blue Bralette Kurta Set": [ 'top', 'bottom' ]
Found components for "Blue Card Print Coord Set with Handbag": [ 'top', 'bottom', 'accessory' ]
Found components for "Blue Flower Off White Coord Set": [ 'top', 'bottom', 'dress' ]
Found components for "Blue Flower Suit Set": [ 'dress' ]
Found components for "Blue Green Farshi Set": [ 'top', 'bottom' ]
Found components for "Blue Half Kaftan Coord Set": [ 'top', 'bottom', 'kaftan' ]
Found components for "Blue Kurta Pallazo Set": [ 'top', 'bottom', 'dress' ]
Found components for "Blue Lotus Coord Set": [ 'top', 'bottom', 'dress', 'kaftan' ]
Found components for "Blue Organza Anarkali Kurta Set": [ 'top', 'bottom', 'dupatta', 'dress' ]
Found components for "Blue Pink Sharara Set": [ 'top', 'bottom', 'dupatta', 'dress' ]
Found components for "Blue Polka Off Shoulder Coord Set": [ 'top', 'bottom', 'dress', 'kaftan' ]
Found components for "Blue Red Suit Set": [ 'top', 'bottom', 'dupatta', 'dress' ]
Found components for "Blue Shell Skirt Sari - Two Piece Set": [ 'top', 'bottom', 'saree' ]
Found components for "Blue Slit Kurta Pant Set": [ 'top', 'bottom', 'dress' ]
Found components for "Blue Spaghetti Sharara Set": [ 'bottom' ]
Found components for "Blue Wave Pocket Co ord Set": [ 'top', 'bottom', 'dress' ]
Found components for "Blue White Doodle - Three Piece Coord Set": [ 'top', 'bottom', 'dress', 'kaftan' ]
Found components for "Blue Wrap Around Coord Set": [ 'top', 'bottom', 'accessory', 'dress', 'wrap' ]
Found components for "Blue Yellow Four Piece Potli Set": [ 'top', 'bottom', 'dupatta', 'accessory', 'dress' ]
Found components for "Blue Zig Zag Coord Set": [ 'top', 'bottom' ]
Found components for "Blue Zipper Coord Set": [ 'top', 'bottom', 'kaftan' ]
Found components for "Blush Pink Motif Banarasi Kurta Set": [ 'top', 'bottom', 'dupatta', 'dress' ]
Found components for "Blush Pink Sharara Set": [ 'top', 'bottom', 'dupatta', 'dress' ]
Found components for "Boho Black Coord Set": [ 'top', 'bottom', 'dress' ]
Found components for "Boho Fringe Pink White Set": [ 'top', 'bottom', 'dress' ]
Found components for "Bottle Green Bandhani Jacquard Kurta Set": [ 'top', 'bottom', 'dupatta', 'dress' ]
Found components for "Bottle Green Crepe Coord Set": [ 'top', 'bottom', 'accessory', 'dress' ]
Found components for "Brown & Orange Four Piece Sharara Set": [ 'top', 'bottom', 'dupatta', 'accessory', 'dress' ]
Found components for "Brown Coord Set": [ 'top', 'bottom', 'dress' ]
Found components for "Brown Cream Kaftan Coord Set": [ 'top', 'bottom', 'kaftan' ]
Found components for "Brown High Low Coord Set": [ 'top', 'bottom' ]
Found components for "Brown Lehenga Set": [ 'top', 'dupatta', 'lehenga', 'dress' ]
Found components for "Brownwood Kaftan Set": [ 'bottom', 'dress', 'kaftan' ]
Found components for "Champagne Brown Shell Coord Set": [ 'top', 'bottom' ]
Found components for "Champagne Pink Abstract Waist Coat Set": [ 'top', 'bottom', 'jacket' ]
Found components for "Checks Black Coord Set": [ 'top', 'bottom', 'dress' ]
Found components for "Checks Black Kurta Pant Set": [ 'top', 'bottom' ]
Found components for "Checks Navy Blue Coord Set": [ 'top', 'bottom', 'dress' ]
Found components for "Checks Three Piece Set": [ 'top', 'bottom', 'jacket', 'accessory', 'dress' ]
Found components for "Checks White Drape Kurta Pant Set": [ 'top', 'bottom', 'accessory', 'dress' ]
Found components for "Cheetah Coord Set": [ 'top', 'bottom', 'dress' ]
Found components for "Cobalt Blue Coord Set": [ 'top', 'bottom', 'dupatta', 'dress' ]
Found components for "Colourful Three Piece Set": [ 'top', 'bottom', 'jacket', 'dress' ]
Found components for "Cotton Candy Pink Coord Set": [ 'top', 'bottom', 'dress', 'cape' ]
Found components for "Cream and Red Mirror Work Suit Set": [ 'top', 'bottom' ]
Found components for "Cream Black Cotton Kurta Set": [ 'top', 'bottom', 'dupatta', 'dress' ]
Found components for "Cream Floral Linen Jacquard Kurta Set": [ 'top', 'bottom', 'dupatta', 'dress' ]
Found components for "Crepe Hot Pink Gold Spaghetti Sharara Set": [ 'top', 'bottom', 'dupatta' ]
Found components for "Crepe Maroon Kaftan Dhoti Set": [ 'top', 'bottom', 'dress', 'kaftan' ]
Found components for "Crepe Shell Yellow Pink Kurta Dhoti Set": [ 'top', 'bottom', 'accessory', 'dress' ]
Found components for "Cube Blue Dhoti Skirt Jacket Coord Set": [ 'top', 'bottom', 'jacket' ]
Found components for "Cutwork Beige 3 Piece Coord Set": [ 'top', 'bottom', 'jacket', 'dress' ]
Found components for "Cutwork Embroidery Green Kurta Set": [ 'top', 'bottom', 'accessory' ]
Found components for "Cutwork Embroidery Grey Kurta Set": [ 'top', 'bottom', 'accessory' ]
Found components for "Dark Navy Blue Kaftan Coord Set": [ 'top', 'bottom', 'dress', 'kaftan' ]
Found components for "Dark Red Blazer Skirt Set": [ 'top', 'bottom', 'jacket', 'dress' ]
Found components for "Dark Red Pathani Set": [ 'top', 'bottom' ]
Found components for "Blue Half Kaftan Coord Set": [ 'top', 'bottom', 'kaftan' ]
Found components for "Blue Kurta Jacket Set": [ 'top', 'bottom', 'jacket', 'dress' ]
Product Blue Kurta Jacket Set already processed (component Jacket exists)
Found components for "Blue Kurta Pallazo Set": [ 'top', 'bottom', 'dress' ]
Found components for "Blue Lotus Coord Set": [ 'top', 'bottom', 'dress', 'kaftan' ]
Found components for "Blue Organza Anarkali Kurta Set": [ 'top', 'bottom', 'dupatta', 'dress' ]
Found components for "Blue Pink Embroidery 3 Piece Set- Pant, Jacket, Blouse": [ 'top', 'bottom', 'jacket', 'dress', 'cape' ]
Product Blue Pink Embroidery 3 Piece Set- Pant, Jacket, Blouse already processed (component Jacket exists)
Found components for "Blue Pink Sharara Set": [ 'top', 'bottom', 'dupatta', 'dress' ]
Found components for "Blue Polka Off Shoulder Coord Set": [ 'top', 'bottom', 'dress', 'kaftan' ]
Found components for "Blue Red Suit Set": [ 'top', 'bottom', 'dupatta', 'dress' ]
Found components for "Blue Shell Skirt Sari - Two Piece Set": [ 'top', 'bottom', 'saree' ]
Found components for "Blue Slit Kurta Pant Set": [ 'top', 'bottom', 'dress' ]
Found components for "Blue Spaghetti Sharara Set": [ 'bottom' ]
Found components for "Blue Wave Pocket Co ord Set": [ 'top', 'bottom', 'dress' ]
Found components for "Blue White Doodle - Three Piece Coord Set": [ 'top', 'bottom', 'dress', 'kaftan' ]
Found components for "Blue Wrap Around Coord Set": [ 'top', 'bottom', 'accessory', 'dress', 'wrap' ]
Found components for "Blue Yellow Four Piece Potli Set": [ 'top', 'bottom', 'dupatta', 'accessory', 'dress' ]
Found components for "Blue Zig Zag Coord Set": [ 'top', 'bottom' ]
Found components for "Blue Zipper Coord Set": [ 'top', 'bottom', 'kaftan' ]
Found components for "Blush Pink Motif Banarasi Kurta Set": [ 'top', 'bottom', 'dupatta', 'dress' ]
Found components for "Blush Pink Sharara Set": [ 'top', 'bottom', 'dupatta', 'dress' ]
Found components for "Boho Black Coord Set": [ 'top', 'bottom', 'dress' ]
Found components for "Boho Fringe Pink White Set": [ 'top', 'bottom', 'dress' ]
Found components for "Bottle Green Bandhani Jacquard Kurta Set": [ 'top', 'bottom', 'dupatta', 'dress' ]
Found components for "Bottle Green Crepe Coord Set": [ 'top', 'bottom', 'accessory', 'dress' ]
Found components for "Brass Kundan Pooja Thali 7 Pc Set - Accessory": [ 'accessory' ]
Product Brass Kundan Pooja Thali 7 Pc Set - Accessory already processed (component Accessory exists)
Found components for "Brass Laxmi Charan Diya Set (Pair of 2) - Accessory": [ 'accessory' ]
Product Brass Laxmi Charan Diya Set (Pair of 2) - Accessory already processed (component Accessory exists)
Found components for "Brown & Orange Four Piece Sharara Set": [ 'top', 'bottom', 'dupatta', 'accessory', 'dress' ]
Found components for "Brown Coord Set": [ 'top', 'bottom', 'dress' ]
Found components for "Brown Cream Kaftan Coord Set": [ 'top', 'bottom', 'kaftan' ]
Found components for "Brown High Low Coord Set": [ 'top', 'bottom' ]
Found components for "Brown Lehenga Set": [ 'top', 'dupatta', 'lehenga', 'dress' ]
Found components for "Brownwood Kaftan Set": [ 'bottom', 'dress', 'kaftan' ]
Found components for "Champagne Brown Shell Coord Set": [ 'top', 'bottom' ]
Found components for "Champagne Pink Abstract Waist Coat Set": [ 'top', 'bottom', 'jacket' ]
Found components for "Checks Black Coord Set": [ 'top', 'bottom', 'dress' ]
Found components for "Checks Black Kurta Pant Set": [ 'top', 'bottom' ]
Found components for "Checks Navy Blue Coord Set": [ 'top', 'bottom', 'dress' ]
Found components for "Checks Three Piece Set": [ 'top', 'bottom', 'jacket', 'accessory', 'dress' ]
Found components for "Checks White Drape Kurta Pant Set": [ 'top', 'bottom', 'accessory', 'dress' ]
Found components for "Cheetah Coord Set": [ 'top', 'bottom', 'dress' ]
Found components for "Cobalt Blue Coord Set": [ 'top', 'bottom', 'dupatta', 'dress' ]
Found components for "Colourful Three Piece Set": [ 'top', 'bottom', 'jacket', 'dress' ]
Found components for "Cotton Candy Pink Coord Set": [ 'top', 'bottom', 'dress', 'cape' ]
Found components for "Cream and Red Mirror Work Suit Set": [ 'top', 'bottom' ]
Found components for "Cream Black Cotton Kurta Set": [ 'top', 'bottom', 'dupatta', 'dress' ]
Found components for "Cream Floral Linen Jacquard Kurta Set": [ 'top', 'bottom', 'dupatta', 'dress' ]
Found components for "Crepe Hot Pink Gold Spaghetti Sharara Set": [ 'top', 'bottom', 'dupatta' ]
Found components for "Crepe Maroon Kaftan Dhoti Set": [ 'top', 'bottom', 'dress', 'kaftan' ]
Found components for "Crepe Shell Yellow Pink Kurta Dhoti Set": [ 'top', 'bottom', 'accessory', 'dress' ]
Found components for "Cube Blue Dhoti Skirt Jacket Coord Set": [ 'top', 'bottom', 'jacket' ]
Found components for "Cutwork Beige 3 Piece Coord Set": [ 'top', 'bottom', 'jacket', 'dress' ]
Found components for "Cutwork Embroidery Green Kurta Set": [ 'top', 'bottom', 'accessory' ]
Found components for "Cutwork Embroidery Grey Kurta Set": [ 'top', 'bottom', 'accessory' ]
Found components for "Dark Navy Blue Kaftan Coord Set": [ 'top', 'bottom', 'dress', 'kaftan' ]
Found components for "Dark Red Blazer Skirt Set": [ 'top', 'bottom', 'jacket', 'dress' ]
Found components for "Dark Red Pathani Set": [ 'top', 'bottom' ]
93 set products are unprocessed
Found components for "(@ThatBohoGirl) Lime Green Coord Set - Three Piece Set": [ 'top', 'bottom', 'accessory' ]
Found components for "(@Yasmin Karachiwala) Creamy Charcoal Drape 3 Piece Set": [ 'top', 'bottom', 'dress', 'cape' ]
Found components for "(Divyanka Tripathi) Gold Black Striped Kaftan Set": [ 'top', 'bottom', 'dress', 'kaftan' ]
Found components for "(DivyankaTripathi) Three Piece Off-White Drape Pant Set with Handbag": [ 'top', 'bottom', 'accessory' ]
Found components for "(Kajol) Tie Dye Green Drape Sari Kurta Set": [ 'top', 'bottom', 'dupatta', 'dress', 'saree' ]
Found components for "A line White Suit Set": [ 'top', 'bottom', 'dupatta', 'dress' ]
Found components for "Alia Bhatt (limited edition) Red Blue Coord Set": [ 'jacket', 'accessory', 'dress', 'saree' ]
Found components for "All White Blazer Set": [ 'top', 'bottom', 'jacket' ]
Found components for "Antique Silver Polish Choker Necklace Set": [ 'accessory' ]
Found components for "Bandhini Pathani Set": [ 'top', 'dress' ]
Found components for "Beadwork White Black Suit Set": [ 'top', 'bottom', 'dupatta', 'dress' ]
Found components for "Beige Coord Set with Necklace": [ 'top', 'bottom', 'accessory', 'dress' ]
Found components for "Beige Kaftan Set": [ 'bottom', 'dress', 'kaftan' ]
Found components for "Beige Mirror Work Coord Set": [ 'top', 'bottom' ]
Found components for "Beige Waistcoat Set": [ 'top', 'bottom', 'jacket' ]
Found components for "Black 3 Piece Coord Set - Neckpiece included": [ 'top', 'bottom', 'dress' ]
Found components for "Black and Yellow Coord Set": [ 'top', 'bottom' ]
Found components for "Black Banarasi Suit Set": [ 'top', 'bottom', 'dupatta', 'dress' ]
Found components for "Black Brown Pathani Set": [ 'top' ]
Found components for "Black Coord Set With Hanging Tassels": [ 'top', 'bottom', 'kaftan' ]
Found components for "Black Floral Dhoti Set": [ 'top', 'bottom', 'dress' ]
Found components for "Black Grey Off Shoulder Coord Set": [ 'top', 'bottom', 'dress' ]
Found components for "Black Motif Banarasi Kurta Set": [ 'top', 'bottom', 'dupatta', 'dress' ]
Found components for "Black Pakistani Suit Set": [ 'top', 'bottom', 'dupatta', 'dress' ]
Found components for "Black Pathani Dhoti Banjara Potli Set": [ 'top', 'bottom', 'accessory' ]
Found components for "Black Pathani Set - Best Pathani Suit for Women": [ 'top', 'bottom' ]
Found components for "Black Peach Waist Coat Set": [ 'top', 'bottom', 'jacket' ]
Found components for "Black Sharara Set": [ 'top', 'bottom', 'dupatta' ]
Found components for "Black Shell Skirt Sari - Two Piece Set": [ 'top', 'bottom', 'saree' ]
Found components for "Black Spaghetti Dhoti Set": [ 'top', 'bottom', 'dupatta' ]
Found components for "Black White Embroidery Coord Set - Two Piece": [ 'top', 'bottom', 'accessory', 'dress' ]
Found components for "Black White Spaghetti Sharara Set": [ 'top', 'bottom', 'dupatta', 'dress' ]
Found components for "Black White Zipper Coord Set": [ 'top', 'bottom', 'kaftan' ]
Found components for "Blue Abstract Waist Coat Set": [ 'top', 'bottom', 'jacket' ]
Found components for "Blue Bandhani Banarasi  Kurta Set": [ 'top', 'bottom', 'dupatta', 'dress' ]
Found components for "Blue Blazer Set": [ 'bottom', 'jacket' ]
Found components for "Blue Bralette Kurta Set": [ 'top', 'bottom' ]
Found components for "Blue Card Print Coord Set with Handbag": [ 'top', 'bottom', 'accessory' ]
Found components for "Blue Flower Off White Coord Set": [ 'top', 'bottom', 'dress' ]
Found components for "Blue Flower Suit Set": [ 'dress' ]
Found components for "Blue Green Farshi Set": [ 'top', 'bottom' ]
Found components for "Blue Half Kaftan Coord Set": [ 'top', 'bottom', 'kaftan' ]
Found components for "Blue Kurta Pallazo Set": [ 'top', 'bottom', 'dress' ]
Found components for "Blue Lotus Coord Set": [ 'top', 'bottom', 'dress', 'kaftan' ]
Found components for "Blue Organza Anarkali Kurta Set": [ 'top', 'bottom', 'dupatta', 'dress' ]
Found components for "Blue Pink Sharara Set": [ 'top', 'bottom', 'dupatta', 'dress' ]
Found components for "Blue Polka Off Shoulder Coord Set": [ 'top', 'bottom', 'dress', 'kaftan' ]
Found components for "Blue Red Suit Set": [ 'top', 'bottom', 'dupatta', 'dress' ]
Found components for "Blue Shell Skirt Sari - Two Piece Set": [ 'top', 'bottom', 'saree' ]
Found components for "Blue Slit Kurta Pant Set": [ 'top', 'bottom', 'dress' ]
Found components for "Blue Spaghetti Sharara Set": [ 'bottom' ]
Found components for "Blue Wave Pocket Co ord Set": [ 'top', 'bottom', 'dress' ]
Found components for "Blue White Doodle - Three Piece Coord Set": [ 'top', 'bottom', 'dress', 'kaftan' ]
Found components for "Blue Wrap Around Coord Set": [ 'top', 'bottom', 'accessory', 'dress', 'wrap' ]
Found components for "Blue Yellow Four Piece Potli Set": [ 'top', 'bottom', 'dupatta', 'accessory', 'dress' ]
Found components for "Blue Zig Zag Coord Set": [ 'top', 'bottom' ]
Found components for "Blue Zipper Coord Set": [ 'top', 'bottom', 'kaftan' ]
Found components for "Blush Pink Motif Banarasi Kurta Set": [ 'top', 'bottom', 'dupatta', 'dress' ]
Found components for "Blush Pink Sharara Set": [ 'top', 'bottom', 'dupatta', 'dress' ]
Found components for "Boho Black Coord Set": [ 'top', 'bottom', 'dress' ]
Found components for "Boho Fringe Pink White Set": [ 'top', 'bottom', 'dress' ]
Found components for "Bottle Green Bandhani Jacquard Kurta Set": [ 'top', 'bottom', 'dupatta', 'dress' ]
Found components for "Bottle Green Crepe Coord Set": [ 'top', 'bottom', 'accessory', 'dress' ]
Found components for "Brown & Orange Four Piece Sharara Set": [ 'top', 'bottom', 'dupatta', 'accessory', 'dress' ]
Found components for "Brown Coord Set": [ 'top', 'bottom', 'dress' ]
Found components for "Brown Cream Kaftan Coord Set": [ 'top', 'bottom', 'kaftan' ]
Found components for "Brown High Low Coord Set": [ 'top', 'bottom' ]
Found components for "Brown Lehenga Set": [ 'top', 'dupatta', 'lehenga', 'dress' ]
Found components for "Brownwood Kaftan Set": [ 'bottom', 'dress', 'kaftan' ]
Found components for "Champagne Brown Shell Coord Set": [ 'top', 'bottom' ]
Found components for "Champagne Pink Abstract Waist Coat Set": [ 'top', 'bottom', 'jacket' ]
Found components for "Checks Black Coord Set": [ 'top', 'bottom', 'dress' ]
Found components for "Checks Black Kurta Pant Set": [ 'top', 'bottom' ]
Found components for "Checks Navy Blue Coord Set": [ 'top', 'bottom', 'dress' ]
Found components for "Checks Three Piece Set": [ 'top', 'bottom', 'jacket', 'accessory', 'dress' ]
Found components for "Checks White Drape Kurta Pant Set": [ 'top', 'bottom', 'accessory', 'dress' ]
Found components for "Cheetah Coord Set": [ 'top', 'bottom', 'dress' ]
Found components for "Cobalt Blue Coord Set": [ 'top', 'bottom', 'dupatta', 'dress' ]
Found components for "Colourful Three Piece Set": [ 'top', 'bottom', 'jacket', 'dress' ]
Found components for "Cotton Candy Pink Coord Set": [ 'top', 'bottom', 'dress', 'cape' ]
Found components for "Cream and Red Mirror Work Suit Set": [ 'top', 'bottom' ]
Found components for "Cream Black Cotton Kurta Set": [ 'top', 'bottom', 'dupatta', 'dress' ]
Found components for "Cream Floral Linen Jacquard Kurta Set": [ 'top', 'bottom', 'dupatta', 'dress' ]
Found components for "Crepe Hot Pink Gold Spaghetti Sharara Set": [ 'top', 'bottom', 'dupatta' ]
Found components for "Crepe Maroon Kaftan Dhoti Set": [ 'top', 'bottom', 'dress', 'kaftan' ]
Found components for "Crepe Shell Yellow Pink Kurta Dhoti Set": [ 'top', 'bottom', 'accessory', 'dress' ]
Found components for "Cube Blue Dhoti Skirt Jacket Coord Set": [ 'top', 'bottom', 'jacket' ]
Found components for "Cutwork Beige 3 Piece Coord Set": [ 'top', 'bottom', 'jacket', 'dress' ]
Found components for "Cutwork Embroidery Green Kurta Set": [ 'top', 'bottom', 'accessory' ]
Found components for "Cutwork Embroidery Grey Kurta Set": [ 'top', 'bottom', 'accessory' ]
Found components for "Dark Navy Blue Kaftan Coord Set": [ 'top', 'bottom', 'dress', 'kaftan' ]
Found components for "Dark Red Blazer Skirt Set": [ 'top', 'bottom', 'jacket', 'dress' ]
Found components for "Dark Red Pathani Set": [ 'top', 'bottom' ]
Finding all set products...
Fetching all products from Shopify...
Found 250 total products, filtering for sets...
Found 110 set products, checking processed status...
Found components for "(@CurlyTales) White Chikan Set": [ 'top', 'bottom', 'accessory', 'dress' ]
Product (@CurlyTales) White Chikan Set already processed (component Top exists)
Found components for "(@Debina Bonnerjee) Stripe Technicolour Coord Set": [ 'top', 'bottom', 'accessory', 'dress' ]
Product (@Debina Bonnerjee) Stripe Technicolour Coord Set already processed (component Top exists)
Found components for "(@Masoom Minawala) Black Co ord Set - Geometric 3 Piece Set": [ 'top', 'bottom', 'jacket', 'accessory', 'dress' ]
Product (@Masoom Minawala) Black Co ord Set - Geometric 3 Piece Set already processed (component Top exists)
Found components for "(@ThatBohoGirl) Lime Green Coord Set - Three Piece Set": [ 'top', 'bottom', 'accessory' ]
Found components for "(@Yasmin Karachiwala) Creamy Charcoal Drape 3 Piece Set": [ 'top', 'bottom', 'dress', 'cape' ]
Found components for "(Divyanka Tripathi) Gold Black Striped Kaftan Set": [ 'top', 'bottom', 'dress', 'kaftan' ]
Found components for "(DivyankaTripathi) Three Piece Off-White Drape Pant Set with Handbag": [ 'top', 'bottom', 'accessory' ]
Found components for "(Kajol) Tie Dye Green Drape Sari Kurta Set": [ 'top', 'bottom', 'dupatta', 'dress', 'saree' ]
Found components for "A line White Suit Set": [ 'top', 'bottom', 'dupatta', 'dress' ]
Found components for "Alia Bhatt (limited edition) Red Blue Coord Set": [ 'jacket', 'accessory', 'dress', 'saree' ]
Found components for "All White Blazer Set": [ 'top', 'bottom', 'jacket' ]
Found components for "Antique Silver Polish Choker Necklace Set": [ 'accessory' ]
Found components for "Bandhini Pathani Set": [ 'top', 'dress' ]
Found components for "Beadwork White Black Suit Set": [ 'top', 'bottom', 'dupatta', 'dress' ]
Found components for "Beige Coord Set with Necklace": [ 'top', 'bottom', 'accessory', 'dress' ]
Found components for "Beige Kaftan Set": [ 'bottom', 'dress', 'kaftan' ]
Found components for "Beige Maroon Shirt Lehenga Set": [ 'top', 'lehenga', 'dress' ]
Product Beige Maroon Shirt Lehenga Set already processed (component Lehenga exists)
Found components for "Beige Mirror Work Coord Set": [ 'top', 'bottom' ]
Found components for "Beige Waistcoat Set": [ 'top', 'bottom', 'jacket' ]
Found components for "Black 3 Piece Coord Set - Neckpiece included": [ 'top', 'bottom', 'dress' ]
Found components for "Black And Red Coord Set": [ 'jacket', 'dress' ]
Product Black And Red Coord Set already processed (component Jacket exists)
Found components for "Black and Red Kaftan Dhoti Set": [ 'bottom', 'kaftan' ]
Product Black and Red Kaftan Dhoti Set already processed (component Kaftan exists)
Found components for "Black and Red Three Piece Dhoti Set": [ 'top', 'bottom', 'jacket' ]
Product Black and Red Three Piece Dhoti Set already processed (component Jacket exists)
Found components for "Black and White Elephant Four Piece Set": [ 'top', 'bottom', 'jacket', 'dupatta', 'accessory' ]
Product Black and White Elephant Four Piece Set already processed (component Jacket exists)
Found components for "Black and Yellow Coord Set": [ 'top', 'bottom' ]
Found components for "Black Banarasi Suit Set": [ 'top', 'bottom', 'dupatta', 'dress' ]
Found components for "Black Brown Pathani Set": [ 'top' ]
Found components for "Black Coord Set With Hanging Tassels": [ 'top', 'bottom', 'kaftan' ]
Found components for "Black Floral Dhoti Set": [ 'top', 'bottom', 'dress' ]
Found components for "Black Grey Off Shoulder Coord Set": [ 'top', 'bottom', 'dress' ]
Found components for "Black Motif Banarasi Kurta Set": [ 'top', 'bottom', 'dupatta', 'dress' ]
Found components for "Black Pakistani Suit Set": [ 'top', 'bottom', 'dupatta', 'dress' ]
Found components for "Black Pathani Dhoti Banjara Potli Set": [ 'top', 'bottom', 'accessory' ]
Found components for "Black Pathani Set - Best Pathani Suit for Women": [ 'top', 'bottom' ]
Found components for "Black Peach Waist Coat Set": [ 'top', 'bottom', 'jacket' ]
Found components for "Black Sharara Set": [ 'top', 'bottom', 'dupatta' ]
Found components for "Black Shell Skirt Sari - Two Piece Set": [ 'top', 'bottom', 'saree' ]
Found components for "Black Slit Dress And Jacket Set": [ 'jacket', 'dress' ]
Product Black Slit Dress And Jacket Set already processed (component Jacket exists)
Found components for "Black Spaghetti Dhoti Set": [ 'top', 'bottom', 'dupatta' ]
Found components for "Black White Embroidery Coord Set - Two Piece": [ 'top', 'bottom', 'accessory', 'dress' ]
Found components for "Black White Half Jumpsuit Jacket Set": [ 'jacket', 'accessory', 'dress', 'jumpsuit' ]
Product Black White Half Jumpsuit Jacket Set already processed (component Jacket exists)
Found components for "Black White Spaghetti Sharara Set": [ 'top', 'bottom', 'dupatta', 'dress' ]
Found components for "Black White Zipper Coord Set": [ 'top', 'bottom', 'kaftan' ]
Found components for "Blue Abstract Waist Coat Set": [ 'top', 'bottom', 'jacket' ]
Found components for "Blue Bandhani Banarasi  Kurta Set": [ 'top', 'bottom', 'dupatta', 'dress' ]
Found components for "Blue Blazer Set": [ 'bottom', 'jacket' ]
Found components for "Blue Bralette Kurta Set": [ 'top', 'bottom' ]
Found components for "Blue Card Print Coord Set with Handbag": [ 'top', 'bottom', 'accessory' ]
Found components for "Blue Evil Eye Shubh Labh Set - Accessory": [ 'accessory' ]
Product Blue Evil Eye Shubh Labh Set - Accessory already processed (component Accessory exists)
Found components for "Blue Flared Pants With Patchwork Corset Top": [ 'top', 'bottom' ]
Product Blue Flared Pants With Patchwork Corset Top already processed (component Top exists)
Found components for "Blue Flower Off White Coord Set": [ 'top', 'bottom', 'dress' ]
Found components for "Blue Flower Suit Set": [ 'dress' ]
Found components for "Blue Gold Jumpsuit Jacket Set": [ 'jacket', 'jumpsuit' ]
Product Blue Gold Jumpsuit Jacket Set already processed (component Jacket exists)
Found components for "Blue Green Farshi Set": [ 'top', 'bottom' ]
Found components for "Blue Half Kaftan Coord Set": [ 'top', 'bottom', 'kaftan' ]
Found components for "Blue Kurta Jacket Set": [ 'top', 'bottom', 'jacket', 'dress' ]
Product Blue Kurta Jacket Set already processed (component Jacket exists)
Found components for "Blue Kurta Pallazo Set": [ 'top', 'bottom', 'dress' ]
Found components for "Blue Lotus Coord Set": [ 'top', 'bottom', 'dress', 'kaftan' ]
Found components for "Blue Organza Anarkali Kurta Set": [ 'top', 'bottom', 'dupatta', 'dress' ]
Found components for "Blue Pink Embroidery 3 Piece Set- Pant, Jacket, Blouse": [ 'top', 'bottom', 'jacket', 'dress', 'cape' ]
Product Blue Pink Embroidery 3 Piece Set- Pant, Jacket, Blouse already processed (component Jacket exists)
Found components for "Blue Pink Sharara Set": [ 'top', 'bottom', 'dupatta', 'dress' ]
Found components for "Blue Polka Off Shoulder Coord Set": [ 'top', 'bottom', 'dress', 'kaftan' ]
Found components for "Blue Red Suit Set": [ 'top', 'bottom', 'dupatta', 'dress' ]
Found components for "Blue Shell Skirt Sari - Two Piece Set": [ 'top', 'bottom', 'saree' ]
Found components for "Blue Slit Kurta Pant Set": [ 'top', 'bottom', 'dress' ]
Found components for "Blue Spaghetti Sharara Set": [ 'bottom' ]
Found components for "Blue Wave Pocket Co ord Set": [ 'top', 'bottom', 'dress' ]
Found components for "Blue White Doodle - Three Piece Coord Set": [ 'top', 'bottom', 'dress', 'kaftan' ]
Found components for "Blue Wrap Around Coord Set": [ 'top', 'bottom', 'accessory', 'dress', 'wrap' ]
Found components for "Blue Yellow Four Piece Potli Set": [ 'top', 'bottom', 'dupatta', 'accessory', 'dress' ]
Found components for "Blue Zig Zag Coord Set": [ 'top', 'bottom' ]
Found components for "Blue Zipper Coord Set": [ 'top', 'bottom', 'kaftan' ]
Found components for "Blush Pink Motif Banarasi Kurta Set": [ 'top', 'bottom', 'dupatta', 'dress' ]
Found components for "Blush Pink Sharara Set": [ 'top', 'bottom', 'dupatta', 'dress' ]
Found components for "Boho Black Coord Set": [ 'top', 'bottom', 'dress' ]
Found components for "Boho Fringe Pink White Set": [ 'top', 'bottom', 'dress' ]
Found components for "Bottle Green Bandhani Jacquard Kurta Set": [ 'top', 'bottom', 'dupatta', 'dress' ]
Found components for "Bottle Green Crepe Coord Set": [ 'top', 'bottom', 'accessory', 'dress' ]
Found components for "Brass Kundan Pooja Thali 7 Pc Set - Accessory": [ 'accessory' ]
Product Brass Kundan Pooja Thali 7 Pc Set - Accessory already processed (component Accessory exists)
Found components for "Brass Laxmi Charan Diya Set (Pair of 2) - Accessory": [ 'accessory' ]
Product Brass Laxmi Charan Diya Set (Pair of 2) - Accessory already processed (component Accessory exists)
Found components for "Brown & Orange Four Piece Sharara Set": [ 'top', 'bottom', 'dupatta', 'accessory', 'dress' ]
Found components for "Brown Coord Set": [ 'top', 'bottom', 'dress' ]
Found components for "Brown Cream Kaftan Coord Set": [ 'top', 'bottom', 'kaftan' ]
Found components for "Brown High Low Coord Set": [ 'top', 'bottom' ]
Found components for "Brown Lehenga Set": [ 'top', 'dupatta', 'lehenga', 'dress' ]
Found components for "Brownwood Kaftan Set": [ 'bottom', 'dress', 'kaftan' ]
Found components for "Champagne Brown Shell Coord Set": [ 'top', 'bottom' ]
Found components for "Champagne Pink Abstract Waist Coat Set": [ 'top', 'bottom', 'jacket' ]
Found components for "Checks Black Coord Set": [ 'top', 'bottom', 'dress' ]
Found components for "Checks Black Kurta Pant Set": [ 'top', 'bottom' ]
Found components for "Checks Navy Blue Coord Set": [ 'top', 'bottom', 'dress' ]
Found components for "Checks Three Piece Set": [ 'top', 'bottom', 'jacket', 'accessory', 'dress' ]
Found components for "Checks White Drape Kurta Pant Set": [ 'top', 'bottom', 'accessory', 'dress' ]
Found components for "Cheetah Coord Set": [ 'top', 'bottom', 'dress' ]
Found components for "Cobalt Blue Coord Set": [ 'top', 'bottom', 'dupatta', 'dress' ]
Found components for "Colourful Three Piece Set": [ 'top', 'bottom', 'jacket', 'dress' ]
Found components for "Cotton Candy Pink Coord Set": [ 'top', 'bottom', 'dress', 'cape' ]
Found components for "Cream and Red Mirror Work Suit Set": [ 'top', 'bottom' ]
Found components for "Cream Black Cotton Kurta Set": [ 'top', 'bottom', 'dupatta', 'dress' ]
Found components for "Cream Floral Linen Jacquard Kurta Set": [ 'top', 'bottom', 'dupatta', 'dress' ]
Found components for "Crepe Hot Pink Gold Spaghetti Sharara Set": [ 'top', 'bottom', 'dupatta' ]
Found components for "Crepe Maroon Kaftan Dhoti Set": [ 'top', 'bottom', 'dress', 'kaftan' ]
Found components for "Crepe Shell Yellow Pink Kurta Dhoti Set": [ 'top', 'bottom', 'accessory', 'dress' ]
Found components for "Cube Blue Dhoti Skirt Jacket Coord Set": [ 'top', 'bottom', 'jacket' ]
Found components for "Cutwork Beige 3 Piece Coord Set": [ 'top', 'bottom', 'jacket', 'dress' ]
Found components for "Cutwork Embroidery Green Kurta Set": [ 'top', 'bottom', 'accessory' ]
Found components for "Cutwork Embroidery Grey Kurta Set": [ 'top', 'bottom', 'accessory' ]
Found components for "Dark Navy Blue Kaftan Coord Set": [ 'top', 'bottom', 'dress', 'kaftan' ]
Found components for "Dark Red Blazer Skirt Set": [ 'top', 'bottom', 'jacket', 'dress' ]
Found components for "Dark Red Pathani Set": [ 'top', 'bottom' ]
93 set products are unprocessed
Found components for "(@ThatBohoGirl) Lime Green Coord Set - Three Piece Set": [ 'top', 'bottom', 'accessory' ]
Found components for "(@Yasmin Karachiwala) Creamy Charcoal Drape 3 Piece Set": [ 'top', 'bottom', 'dress', 'cape' ]
Found components for "(Divyanka Tripathi) Gold Black Striped Kaftan Set": [ 'top', 'bottom', 'dress', 'kaftan' ]
Found components for "(DivyankaTripathi) Three Piece Off-White Drape Pant Set with Handbag": [ 'top', 'bottom', 'accessory' ]
Found components for "(Kajol) Tie Dye Green Drape Sari Kurta Set": [ 'top', 'bottom', 'dupatta', 'dress', 'saree' ]
Found components for "A line White Suit Set": [ 'top', 'bottom', 'dupatta', 'dress' ]
Found components for "Alia Bhatt (limited edition) Red Blue Coord Set": [ 'jacket', 'accessory', 'dress', 'saree' ]
Found components for "All White Blazer Set": [ 'top', 'bottom', 'jacket' ]
Found components for "Antique Silver Polish Choker Necklace Set": [ 'accessory' ]
Found components for "Bandhini Pathani Set": [ 'top', 'dress' ]
Found components for "Beadwork White Black Suit Set": [ 'top', 'bottom', 'dupatta', 'dress' ]
Found components for "Beige Coord Set with Necklace": [ 'top', 'bottom', 'accessory', 'dress' ]
Found components for "Beige Kaftan Set": [ 'bottom', 'dress', 'kaftan' ]
Found components for "Beige Mirror Work Coord Set": [ 'top', 'bottom' ]
Found components for "Beige Waistcoat Set": [ 'top', 'bottom', 'jacket' ]
Found components for "Black 3 Piece Coord Set - Neckpiece included": [ 'top', 'bottom', 'dress' ]
Found components for "Black and Yellow Coord Set": [ 'top', 'bottom' ]
Found components for "Black Banarasi Suit Set": [ 'top', 'bottom', 'dupatta', 'dress' ]
Found components for "Black Brown Pathani Set": [ 'top' ]
Found components for "Black Coord Set With Hanging Tassels": [ 'top', 'bottom', 'kaftan' ]
Found components for "Black Floral Dhoti Set": [ 'top', 'bottom', 'dress' ]
Found components for "Black Grey Off Shoulder Coord Set": [ 'top', 'bottom', 'dress' ]
Found components for "Black Motif Banarasi Kurta Set": [ 'top', 'bottom', 'dupatta', 'dress' ]
Found components for "Black Pakistani Suit Set": [ 'top', 'bottom', 'dupatta', 'dress' ]
Found components for "Black Pathani Dhoti Banjara Potli Set": [ 'top', 'bottom', 'accessory' ]
Found components for "Black Pathani Set - Best Pathani Suit for Women": [ 'top', 'bottom' ]
Found components for "Black Peach Waist Coat Set": [ 'top', 'bottom', 'jacket' ]
Found components for "Black Sharara Set": [ 'top', 'bottom', 'dupatta' ]
Found components for "Black Shell Skirt Sari - Two Piece Set": [ 'top', 'bottom', 'saree' ]
Found components for "Black Spaghetti Dhoti Set": [ 'top', 'bottom', 'dupatta' ]
Found components for "Black White Embroidery Coord Set - Two Piece": [ 'top', 'bottom', 'accessory', 'dress' ]
Found components for "Black White Spaghetti Sharara Set": [ 'top', 'bottom', 'dupatta', 'dress' ]
Found components for "Black White Zipper Coord Set": [ 'top', 'bottom', 'kaftan' ]
Found components for "Blue Abstract Waist Coat Set": [ 'top', 'bottom', 'jacket' ]
Found components for "Blue Bandhani Banarasi  Kurta Set": [ 'top', 'bottom', 'dupatta', 'dress' ]
Found components for "Blue Blazer Set": [ 'bottom', 'jacket' ]
Found components for "Blue Bralette Kurta Set": [ 'top', 'bottom' ]
Found components for "Blue Card Print Coord Set with Handbag": [ 'top', 'bottom', 'accessory' ]
Found components for "Blue Flower Off White Coord Set": [ 'top', 'bottom', 'dress' ]
Found components for "Blue Flower Suit Set": [ 'dress' ]
Found components for "Blue Green Farshi Set": [ 'top', 'bottom' ]
Found components for "Blue Half Kaftan Coord Set": [ 'top', 'bottom', 'kaftan' ]
Found components for "Blue Kurta Pallazo Set": [ 'top', 'bottom', 'dress' ]
Found components for "Blue Lotus Coord Set": [ 'top', 'bottom', 'dress', 'kaftan' ]
Found components for "Blue Organza Anarkali Kurta Set": [ 'top', 'bottom', 'dupatta', 'dress' ]
Found components for "Blue Pink Sharara Set": [ 'top', 'bottom', 'dupatta', 'dress' ]
Found components for "Blue Polka Off Shoulder Coord Set": [ 'top', 'bottom', 'dress', 'kaftan' ]
Found components for "Blue Red Suit Set": [ 'top', 'bottom', 'dupatta', 'dress' ]
Found components for "Blue Shell Skirt Sari - Two Piece Set": [ 'top', 'bottom', 'saree' ]
Found components for "Blue Slit Kurta Pant Set": [ 'top', 'bottom', 'dress' ]
Found components for "Blue Spaghetti Sharara Set": [ 'bottom' ]
Found components for "Blue Wave Pocket Co ord Set": [ 'top', 'bottom', 'dress' ]
Found components for "Blue White Doodle - Three Piece Coord Set": [ 'top', 'bottom', 'dress', 'kaftan' ]
Found components for "Blue Wrap Around Coord Set": [ 'top', 'bottom', 'accessory', 'dress', 'wrap' ]
Found components for "Blue Yellow Four Piece Potli Set": [ 'top', 'bottom', 'dupatta', 'accessory', 'dress' ]
Found components for "Blue Zig Zag Coord Set": [ 'top', 'bottom' ]
Found components for "Blue Zipper Coord Set": [ 'top', 'bottom', 'kaftan' ]
Found components for "Blush Pink Motif Banarasi Kurta Set": [ 'top', 'bottom', 'dupatta', 'dress' ]
Found components for "Blush Pink Sharara Set": [ 'top', 'bottom', 'dupatta', 'dress' ]
Found components for "Boho Black Coord Set": [ 'top', 'bottom', 'dress' ]
Found components for "Boho Fringe Pink White Set": [ 'top', 'bottom', 'dress' ]
Found components for "Bottle Green Bandhani Jacquard Kurta Set": [ 'top', 'bottom', 'dupatta', 'dress' ]
Found components for "Bottle Green Crepe Coord Set": [ 'top', 'bottom', 'accessory', 'dress' ]
Found components for "Brown & Orange Four Piece Sharara Set": [ 'top', 'bottom', 'dupatta', 'accessory', 'dress' ]
Found components for "Brown Coord Set": [ 'top', 'bottom', 'dress' ]
Found components for "Brown Cream Kaftan Coord Set": [ 'top', 'bottom', 'kaftan' ]
Found components for "Brown High Low Coord Set": [ 'top', 'bottom' ]
Found components for "Brown Lehenga Set": [ 'top', 'dupatta', 'lehenga', 'dress' ]
Found components for "Brownwood Kaftan Set": [ 'bottom', 'dress', 'kaftan' ]
Found components for "Champagne Brown Shell Coord Set": [ 'top', 'bottom' ]
Found components for "Champagne Pink Abstract Waist Coat Set": [ 'top', 'bottom', 'jacket' ]
Found components for "Checks Black Coord Set": [ 'top', 'bottom', 'dress' ]
Found components for "Checks Black Kurta Pant Set": [ 'top', 'bottom' ]
Found components for "Checks Navy Blue Coord Set": [ 'top', 'bottom', 'dress' ]
Found components for "Checks Three Piece Set": [ 'top', 'bottom', 'jacket', 'accessory', 'dress' ]
Found components for "Checks White Drape Kurta Pant Set": [ 'top', 'bottom', 'accessory', 'dress' ]
Found components for "Cheetah Coord Set": [ 'top', 'bottom', 'dress' ]
Found components for "Cobalt Blue Coord Set": [ 'top', 'bottom', 'dupatta', 'dress' ]
Found components for "Colourful Three Piece Set": [ 'top', 'bottom', 'jacket', 'dress' ]
Found components for "Cotton Candy Pink Coord Set": [ 'top', 'bottom', 'dress', 'cape' ]
Found components for "Cream and Red Mirror Work Suit Set": [ 'top', 'bottom' ]
Found components for "Cream Black Cotton Kurta Set": [ 'top', 'bottom', 'dupatta', 'dress' ]
Found components for "Cream Floral Linen Jacquard Kurta Set": [ 'top', 'bottom', 'dupatta', 'dress' ]
Found components for "Crepe Hot Pink Gold Spaghetti Sharara Set": [ 'top', 'bottom', 'dupatta' ]
Found components for "Crepe Maroon Kaftan Dhoti Set": [ 'top', 'bottom', 'dress', 'kaftan' ]
Found components for "Crepe Shell Yellow Pink Kurta Dhoti Set": [ 'top', 'bottom', 'accessory', 'dress' ]
Found components for "Cube Blue Dhoti Skirt Jacket Coord Set": [ 'top', 'bottom', 'jacket' ]
Found components for "Cutwork Beige 3 Piece Coord Set": [ 'top', 'bottom', 'jacket', 'dress' ]
Found components for "Cutwork Embroidery Green Kurta Set": [ 'top', 'bottom', 'accessory' ]
Found components for "Cutwork Embroidery Grey Kurta Set": [ 'top', 'bottom', 'accessory' ]
Found components for "Dark Navy Blue Kaftan Coord Set": [ 'top', 'bottom', 'dress', 'kaftan' ]
Found components for "Dark Red Blazer Skirt Set": [ 'top', 'bottom', 'jacket', 'dress' ]
Found components for "Dark Red Pathani Set": [ 'top', 'bottom' ]
Finding all set products...
Fetching all products from Shopify...
Found 250 total products, filtering for sets...
Found 110 set products, checking processed status...
Found components for "(@CurlyTales) White Chikan Set": [ 'top', 'bottom', 'accessory', 'dress' ]
Product (@CurlyTales) White Chikan Set already processed (component Top exists)
Found components for "(@Debina Bonnerjee) Stripe Technicolour Coord Set": [ 'top', 'bottom', 'accessory', 'dress' ]
Product (@Debina Bonnerjee) Stripe Technicolour Coord Set already processed (component Top exists)
Found components for "(@Masoom Minawala) Black Co ord Set - Geometric 3 Piece Set": [ 'top', 'bottom', 'jacket', 'accessory', 'dress' ]
Product (@Masoom Minawala) Black Co ord Set - Geometric 3 Piece Set already processed (component Top exists)
Found components for "(@ThatBohoGirl) Lime Green Coord Set - Three Piece Set": [ 'top', 'bottom', 'accessory' ]
Found components for "(@Yasmin Karachiwala) Creamy Charcoal Drape 3 Piece Set": [ 'top', 'bottom', 'dress', 'cape' ]
Found components for "(Divyanka Tripathi) Gold Black Striped Kaftan Set": [ 'top', 'bottom', 'dress', 'kaftan' ]
Found components for "(DivyankaTripathi) Three Piece Off-White Drape Pant Set with Handbag": [ 'top', 'bottom', 'accessory' ]
Found components for "(Kajol) Tie Dye Green Drape Sari Kurta Set": [ 'top', 'bottom', 'dupatta', 'dress', 'saree' ]
Found components for "A line White Suit Set": [ 'top', 'bottom', 'dupatta', 'dress' ]
Found components for "Alia Bhatt (limited edition) Red Blue Coord Set": [ 'jacket', 'accessory', 'dress', 'saree' ]
Found components for "All White Blazer Set": [ 'top', 'bottom', 'jacket' ]
Found components for "Antique Silver Polish Choker Necklace Set": [ 'accessory' ]
Found components for "Bandhini Pathani Set": [ 'top', 'dress' ]
Found components for "Beadwork White Black Suit Set": [ 'top', 'bottom', 'dupatta', 'dress' ]
Found components for "Beige Coord Set with Necklace": [ 'top', 'bottom', 'accessory', 'dress' ]
Found components for "Beige Kaftan Set": [ 'bottom', 'dress', 'kaftan' ]
Found components for "Beige Maroon Shirt Lehenga Set": [ 'top', 'lehenga', 'dress' ]
Product Beige Maroon Shirt Lehenga Set already processed (component Lehenga exists)
Found components for "Beige Mirror Work Coord Set": [ 'top', 'bottom' ]
Found components for "Beige Waistcoat Set": [ 'top', 'bottom', 'jacket' ]
Found components for "Black 3 Piece Coord Set - Neckpiece included": [ 'top', 'bottom', 'dress' ]
Found components for "Black And Red Coord Set": [ 'jacket', 'dress' ]
Product Black And Red Coord Set already processed (component Jacket exists)
Found components for "Black and Red Kaftan Dhoti Set": [ 'bottom', 'kaftan' ]
Product Black and Red Kaftan Dhoti Set already processed (component Kaftan exists)
Found components for "Black and Red Three Piece Dhoti Set": [ 'top', 'bottom', 'jacket' ]
Product Black and Red Three Piece Dhoti Set already processed (component Jacket exists)
Found components for "Black and White Elephant Four Piece Set": [ 'top', 'bottom', 'jacket', 'dupatta', 'accessory' ]
Product Black and White Elephant Four Piece Set already processed (component Jacket exists)
Found components for "Black and Yellow Coord Set": [ 'top', 'bottom' ]
Found components for "Black Banarasi Suit Set": [ 'top', 'bottom', 'dupatta', 'dress' ]
Found components for "Black Brown Pathani Set": [ 'top' ]
Found components for "Black Coord Set With Hanging Tassels": [ 'top', 'bottom', 'kaftan' ]
Found components for "Black Floral Dhoti Set": [ 'top', 'bottom', 'dress' ]
Found components for "Black Grey Off Shoulder Coord Set": [ 'top', 'bottom', 'dress' ]
Found components for "Black Motif Banarasi Kurta Set": [ 'top', 'bottom', 'dupatta', 'dress' ]
Found components for "Black Pakistani Suit Set": [ 'top', 'bottom', 'dupatta', 'dress' ]
Found components for "Black Pathani Dhoti Banjara Potli Set": [ 'top', 'bottom', 'accessory' ]
Found components for "Black Pathani Set - Best Pathani Suit for Women": [ 'top', 'bottom' ]
Found components for "Black Peach Waist Coat Set": [ 'top', 'bottom', 'jacket' ]
Found components for "Black Sharara Set": [ 'top', 'bottom', 'dupatta' ]
Found components for "Black Shell Skirt Sari - Two Piece Set": [ 'top', 'bottom', 'saree' ]
Found components for "Black Slit Dress And Jacket Set": [ 'jacket', 'dress' ]
Product Black Slit Dress And Jacket Set already processed (component Jacket exists)
Found components for "Black Spaghetti Dhoti Set": [ 'top', 'bottom', 'dupatta' ]
Found components for "Black White Embroidery Coord Set - Two Piece": [ 'top', 'bottom', 'accessory', 'dress' ]
Found components for "Black White Half Jumpsuit Jacket Set": [ 'jacket', 'accessory', 'dress', 'jumpsuit' ]
Product Black White Half Jumpsuit Jacket Set already processed (component Jacket exists)
Found components for "Black White Spaghetti Sharara Set": [ 'top', 'bottom', 'dupatta', 'dress' ]
Found components for "Black White Zipper Coord Set": [ 'top', 'bottom', 'kaftan' ]
Found components for "Blue Abstract Waist Coat Set": [ 'top', 'bottom', 'jacket' ]
Found components for "Blue Bandhani Banarasi  Kurta Set": [ 'top', 'bottom', 'dupatta', 'dress' ]
Found components for "Blue Blazer Set": [ 'bottom', 'jacket' ]
Found components for "Blue Bralette Kurta Set": [ 'top', 'bottom' ]
Found components for "Blue Card Print Coord Set with Handbag": [ 'top', 'bottom', 'accessory' ]
Found components for "Blue Evil Eye Shubh Labh Set - Accessory": [ 'accessory' ]
Product Blue Evil Eye Shubh Labh Set - Accessory already processed (component Accessory exists)
Found components for "Blue Flared Pants With Patchwork Corset Top": [ 'top', 'bottom' ]
Product Blue Flared Pants With Patchwork Corset Top already processed (component Top exists)
Found components for "Blue Flower Off White Coord Set": [ 'top', 'bottom', 'dress' ]
Found components for "Blue Flower Suit Set": [ 'dress' ]
Found components for "Blue Gold Jumpsuit Jacket Set": [ 'jacket', 'jumpsuit' ]
Product Blue Gold Jumpsuit Jacket Set already processed (component Jacket exists)
Found components for "Blue Green Farshi Set": [ 'top', 'bottom' ]
Found components for "Blue Half Kaftan Coord Set": [ 'top', 'bottom', 'kaftan' ]
Found components for "Blue Kurta Jacket Set": [ 'top', 'bottom', 'jacket', 'dress' ]
Product Blue Kurta Jacket Set already processed (component Jacket exists)
Found components for "Blue Kurta Pallazo Set": [ 'top', 'bottom', 'dress' ]
Found components for "Blue Lotus Coord Set": [ 'top', 'bottom', 'dress', 'kaftan' ]
Found components for "Blue Organza Anarkali Kurta Set": [ 'top', 'bottom', 'dupatta', 'dress' ]
Found components for "Blue Pink Embroidery 3 Piece Set- Pant, Jacket, Blouse": [ 'top', 'bottom', 'jacket', 'dress', 'cape' ]
Product Blue Pink Embroidery 3 Piece Set- Pant, Jacket, Blouse already processed (component Jacket exists)
Found components for "Blue Pink Sharara Set": [ 'top', 'bottom', 'dupatta', 'dress' ]
Found components for "Blue Polka Off Shoulder Coord Set": [ 'top', 'bottom', 'dress', 'kaftan' ]
Found components for "Blue Red Suit Set": [ 'top', 'bottom', 'dupatta', 'dress' ]
Found components for "Blue Shell Skirt Sari - Two Piece Set": [ 'top', 'bottom', 'saree' ]
Found components for "Blue Slit Kurta Pant Set": [ 'top', 'bottom', 'dress' ]
Found components for "Blue Spaghetti Sharara Set": [ 'bottom' ]
Found components for "Blue Wave Pocket Co ord Set": [ 'top', 'bottom', 'dress' ]
Found components for "Blue White Doodle - Three Piece Coord Set": [ 'top', 'bottom', 'dress', 'kaftan' ]
Found components for "Blue Wrap Around Coord Set": [ 'top', 'bottom', 'accessory', 'dress', 'wrap' ]
Found components for "Blue Yellow Four Piece Potli Set": [ 'top', 'bottom', 'dupatta', 'accessory', 'dress' ]
Found components for "Blue Zig Zag Coord Set": [ 'top', 'bottom' ]
Found components for "Blue Zipper Coord Set": [ 'top', 'bottom', 'kaftan' ]
Found components for "Blush Pink Motif Banarasi Kurta Set": [ 'top', 'bottom', 'dupatta', 'dress' ]
Found components for "Blush Pink Sharara Set": [ 'top', 'bottom', 'dupatta', 'dress' ]
Found components for "Boho Black Coord Set": [ 'top', 'bottom', 'dress' ]
Found components for "Boho Fringe Pink White Set": [ 'top', 'bottom', 'dress' ]
Found components for "Bottle Green Bandhani Jacquard Kurta Set": [ 'top', 'bottom', 'dupatta', 'dress' ]
Found components for "Bottle Green Crepe Coord Set": [ 'top', 'bottom', 'accessory', 'dress' ]
Found components for "Brass Kundan Pooja Thali 7 Pc Set - Accessory": [ 'accessory' ]
Product Brass Kundan Pooja Thali 7 Pc Set - Accessory already processed (component Accessory exists)
Found components for "Brass Laxmi Charan Diya Set (Pair of 2) - Accessory": [ 'accessory' ]
Product Brass Laxmi Charan Diya Set (Pair of 2) - Accessory already processed (component Accessory exists)
Found components for "Brown & Orange Four Piece Sharara Set": [ 'top', 'bottom', 'dupatta', 'accessory', 'dress' ]
Found components for "Brown Coord Set": [ 'top', 'bottom', 'dress' ]
Found components for "Brown Cream Kaftan Coord Set": [ 'top', 'bottom', 'kaftan' ]
Found components for "Brown High Low Coord Set": [ 'top', 'bottom' ]
Found components for "Brown Lehenga Set": [ 'top', 'dupatta', 'lehenga', 'dress' ]
Found components for "Brownwood Kaftan Set": [ 'bottom', 'dress', 'kaftan' ]
Found components for "Champagne Brown Shell Coord Set": [ 'top', 'bottom' ]
Found components for "Champagne Pink Abstract Waist Coat Set": [ 'top', 'bottom', 'jacket' ]
Found components for "Checks Black Coord Set": [ 'top', 'bottom', 'dress' ]
Found components for "Checks Black Kurta Pant Set": [ 'top', 'bottom' ]
Found components for "Checks Navy Blue Coord Set": [ 'top', 'bottom', 'dress' ]
Found components for "Checks Three Piece Set": [ 'top', 'bottom', 'jacket', 'accessory', 'dress' ]
Found components for "Checks White Drape Kurta Pant Set": [ 'top', 'bottom', 'accessory', 'dress' ]
Found components for "Cheetah Coord Set": [ 'top', 'bottom', 'dress' ]
Found components for "Cobalt Blue Coord Set": [ 'top', 'bottom', 'dupatta', 'dress' ]
Found components for "Colourful Three Piece Set": [ 'top', 'bottom', 'jacket', 'dress' ]
Found components for "Cotton Candy Pink Coord Set": [ 'top', 'bottom', 'dress', 'cape' ]
Found components for "Cream and Red Mirror Work Suit Set": [ 'top', 'bottom' ]
Found components for "Cream Black Cotton Kurta Set": [ 'top', 'bottom', 'dupatta', 'dress' ]
Found components for "Cream Floral Linen Jacquard Kurta Set": [ 'top', 'bottom', 'dupatta', 'dress' ]
Found components for "Crepe Hot Pink Gold Spaghetti Sharara Set": [ 'top', 'bottom', 'dupatta' ]
Found components for "Crepe Maroon Kaftan Dhoti Set": [ 'top', 'bottom', 'dress', 'kaftan' ]
Found components for "Crepe Shell Yellow Pink Kurta Dhoti Set": [ 'top', 'bottom', 'accessory', 'dress' ]
Found components for "Cube Blue Dhoti Skirt Jacket Coord Set": [ 'top', 'bottom', 'jacket' ]
Found components for "Cutwork Beige 3 Piece Coord Set": [ 'top', 'bottom', 'jacket', 'dress' ]
Found components for "Cutwork Embroidery Green Kurta Set": [ 'top', 'bottom', 'accessory' ]
Found components for "Cutwork Embroidery Grey Kurta Set": [ 'top', 'bottom', 'accessory' ]
Found components for "Dark Navy Blue Kaftan Coord Set": [ 'top', 'bottom', 'dress', 'kaftan' ]
Found components for "Dark Red Blazer Skirt Set": [ 'top', 'bottom', 'jacket', 'dress' ]
Found components for "Dark Red Pathani Set": [ 'top', 'bottom' ]
93 set products are unprocessed
Found components for "(@ThatBohoGirl) Lime Green Coord Set - Three Piece Set": [ 'top', 'bottom', 'accessory' ]
Found components for "(@Yasmin Karachiwala) Creamy Charcoal Drape 3 Piece Set": [ 'top', 'bottom', 'dress', 'cape' ]
Found components for "(Divyanka Tripathi) Gold Black Striped Kaftan Set": [ 'top', 'bottom', 'dress', 'kaftan' ]
Found components for "(DivyankaTripathi) Three Piece Off-White Drape Pant Set with Handbag": [ 'top', 'bottom', 'accessory' ]
Found components for "(Kajol) Tie Dye Green Drape Sari Kurta Set": [ 'top', 'bottom', 'dupatta', 'dress', 'saree' ]
Found components for "A line White Suit Set": [ 'top', 'bottom', 'dupatta', 'dress' ]
Found components for "Alia Bhatt (limited edition) Red Blue Coord Set": [ 'jacket', 'accessory', 'dress', 'saree' ]
Found components for "All White Blazer Set": [ 'top', 'bottom', 'jacket' ]
Found components for "Antique Silver Polish Choker Necklace Set": [ 'accessory' ]
Found components for "Bandhini Pathani Set": [ 'top', 'dress' ]
Found components for "Beadwork White Black Suit Set": [ 'top', 'bottom', 'dupatta', 'dress' ]
Found components for "Beige Coord Set with Necklace": [ 'top', 'bottom', 'accessory', 'dress' ]
Found components for "Beige Kaftan Set": [ 'bottom', 'dress', 'kaftan' ]
Found components for "Beige Mirror Work Coord Set": [ 'top', 'bottom' ]
Found components for "Beige Waistcoat Set": [ 'top', 'bottom', 'jacket' ]
Found components for "Black 3 Piece Coord Set - Neckpiece included": [ 'top', 'bottom', 'dress' ]
Found components for "Black and Yellow Coord Set": [ 'top', 'bottom' ]
Found components for "Black Banarasi Suit Set": [ 'top', 'bottom', 'dupatta', 'dress' ]
Found components for "Black Brown Pathani Set": [ 'top' ]
Found components for "Black Coord Set With Hanging Tassels": [ 'top', 'bottom', 'kaftan' ]
Found components for "Black Floral Dhoti Set": [ 'top', 'bottom', 'dress' ]
Found components for "Black Grey Off Shoulder Coord Set": [ 'top', 'bottom', 'dress' ]
Found components for "Black Motif Banarasi Kurta Set": [ 'top', 'bottom', 'dupatta', 'dress' ]
Found components for "Black Pakistani Suit Set": [ 'top', 'bottom', 'dupatta', 'dress' ]
Found components for "Black Pathani Dhoti Banjara Potli Set": [ 'top', 'bottom', 'accessory' ]
Found components for "Black Pathani Set - Best Pathani Suit for Women": [ 'top', 'bottom' ]
Found components for "Black Peach Waist Coat Set": [ 'top', 'bottom', 'jacket' ]
Found components for "Black Sharara Set": [ 'top', 'bottom', 'dupatta' ]
Found components for "Black Shell Skirt Sari - Two Piece Set": [ 'top', 'bottom', 'saree' ]
Found components for "Black Spaghetti Dhoti Set": [ 'top', 'bottom', 'dupatta' ]
Found components for "Black White Embroidery Coord Set - Two Piece": [ 'top', 'bottom', 'accessory', 'dress' ]
Found components for "Black White Spaghetti Sharara Set": [ 'top', 'bottom', 'dupatta', 'dress' ]
Found components for "Black White Zipper Coord Set": [ 'top', 'bottom', 'kaftan' ]
Found components for "Blue Abstract Waist Coat Set": [ 'top', 'bottom', 'jacket' ]
Found components for "Blue Bandhani Banarasi  Kurta Set": [ 'top', 'bottom', 'dupatta', 'dress' ]
Found components for "Blue Blazer Set": [ 'bottom', 'jacket' ]
Found components for "Blue Bralette Kurta Set": [ 'top', 'bottom' ]
Found components for "Blue Card Print Coord Set with Handbag": [ 'top', 'bottom', 'accessory' ]
Found components for "Blue Flower Off White Coord Set": [ 'top', 'bottom', 'dress' ]
Found components for "Blue Flower Suit Set": [ 'dress' ]
Found components for "Blue Green Farshi Set": [ 'top', 'bottom' ]
Found components for "Blue Half Kaftan Coord Set": [ 'top', 'bottom', 'kaftan' ]
Found components for "Blue Kurta Pallazo Set": [ 'top', 'bottom', 'dress' ]
Found components for "Blue Lotus Coord Set": [ 'top', 'bottom', 'dress', 'kaftan' ]
Found components for "Blue Organza Anarkali Kurta Set": [ 'top', 'bottom', 'dupatta', 'dress' ]
Found components for "Blue Pink Sharara Set": [ 'top', 'bottom', 'dupatta', 'dress' ]
Found components for "Blue Polka Off Shoulder Coord Set": [ 'top', 'bottom', 'dress', 'kaftan' ]
Found components for "Blue Red Suit Set": [ 'top', 'bottom', 'dupatta', 'dress' ]
Found components for "Blue Shell Skirt Sari - Two Piece Set": [ 'top', 'bottom', 'saree' ]
Found components for "Blue Slit Kurta Pant Set": [ 'top', 'bottom', 'dress' ]
Found components for "Blue Spaghetti Sharara Set": [ 'bottom' ]
Found components for "Blue Wave Pocket Co ord Set": [ 'top', 'bottom', 'dress' ]
Found components for "Blue White Doodle - Three Piece Coord Set": [ 'top', 'bottom', 'dress', 'kaftan' ]
Found components for "Blue Wrap Around Coord Set": [ 'top', 'bottom', 'accessory', 'dress', 'wrap' ]
Found components for "Blue Yellow Four Piece Potli Set": [ 'top', 'bottom', 'dupatta', 'accessory', 'dress' ]
Found components for "Blue Zig Zag Coord Set": [ 'top', 'bottom' ]
Found components for "Blue Zipper Coord Set": [ 'top', 'bottom', 'kaftan' ]
Found components for "Blush Pink Motif Banarasi Kurta Set": [ 'top', 'bottom', 'dupatta', 'dress' ]
Found components for "Blush Pink Sharara Set": [ 'top', 'bottom', 'dupatta', 'dress' ]
Found components for "Boho Black Coord Set": [ 'top', 'bottom', 'dress' ]
Found components for "Boho Fringe Pink White Set": [ 'top', 'bottom', 'dress' ]
Found components for "Bottle Green Bandhani Jacquard Kurta Set": [ 'top', 'bottom', 'dupatta', 'dress' ]
Found components for "Bottle Green Crepe Coord Set": [ 'top', 'bottom', 'accessory', 'dress' ]
Found components for "Brown & Orange Four Piece Sharara Set": [ 'top', 'bottom', 'dupatta', 'accessory', 'dress' ]
Found components for "Brown Coord Set": [ 'top', 'bottom', 'dress' ]
Found components for "Brown Cream Kaftan Coord Set": [ 'top', 'bottom', 'kaftan' ]
Found components for "Brown High Low Coord Set": [ 'top', 'bottom' ]
Found components for "Brown Lehenga Set": [ 'top', 'dupatta', 'lehenga', 'dress' ]
Found components for "Brownwood Kaftan Set": [ 'bottom', 'dress', 'kaftan' ]
Found components for "Champagne Brown Shell Coord Set": [ 'top', 'bottom' ]
Found components for "Champagne Pink Abstract Waist Coat Set": [ 'top', 'bottom', 'jacket' ]
Found components for "Checks Black Coord Set": [ 'top', 'bottom', 'dress' ]
Found components for "Checks Black Kurta Pant Set": [ 'top', 'bottom' ]
Found components for "Checks Navy Blue Coord Set": [ 'top', 'bottom', 'dress' ]
Found components for "Checks Three Piece Set": [ 'top', 'bottom', 'jacket', 'accessory', 'dress' ]
Found components for "Checks White Drape Kurta Pant Set": [ 'top', 'bottom', 'accessory', 'dress' ]
Found components for "Cheetah Coord Set": [ 'top', 'bottom', 'dress' ]
Found components for "Cobalt Blue Coord Set": [ 'top', 'bottom', 'dupatta', 'dress' ]
Found components for "Colourful Three Piece Set": [ 'top', 'bottom', 'jacket', 'dress' ]
Found components for "Cotton Candy Pink Coord Set": [ 'top', 'bottom', 'dress', 'cape' ]
Found components for "Cream and Red Mirror Work Suit Set": [ 'top', 'bottom' ]
Found components for "Cream Black Cotton Kurta Set": [ 'top', 'bottom', 'dupatta', 'dress' ]
Found components for "Cream Floral Linen Jacquard Kurta Set": [ 'top', 'bottom', 'dupatta', 'dress' ]
Found components for "Crepe Hot Pink Gold Spaghetti Sharara Set": [ 'top', 'bottom', 'dupatta' ]
Found components for "Crepe Maroon Kaftan Dhoti Set": [ 'top', 'bottom', 'dress', 'kaftan' ]
Found components for "Crepe Shell Yellow Pink Kurta Dhoti Set": [ 'top', 'bottom', 'accessory', 'dress' ]
Found components for "Cube Blue Dhoti Skirt Jacket Coord Set": [ 'top', 'bottom', 'jacket' ]
Found components for "Cutwork Beige 3 Piece Coord Set": [ 'top', 'bottom', 'jacket', 'dress' ]
Found components for "Cutwork Embroidery Green Kurta Set": [ 'top', 'bottom', 'accessory' ]
Found components for "Cutwork Embroidery Grey Kurta Set": [ 'top', 'bottom', 'accessory' ]
Found components for "Dark Navy Blue Kaftan Coord Set": [ 'top', 'bottom', 'dress', 'kaftan' ]
Found components for "Dark Red Blazer Skirt Set": [ 'top', 'bottom', 'jacket', 'dress' ]
Found components for "Dark Red Pathani Set": [ 'top', 'bottom' ]
Finding all set products...
Fetching all products from Shopify...
Found 250 total products, filtering for sets...
Found 110 set products, checking processed status...
Found components for "(@CurlyTales) White Chikan Set": [ 'top', 'bottom', 'accessory', 'dress' ]
Product (@CurlyTales) White Chikan Set already processed (component Top exists)
Found components for "(@Debina Bonnerjee) Stripe Technicolour Coord Set": [ 'top', 'bottom', 'accessory', 'dress' ]
Product (@Debina Bonnerjee) Stripe Technicolour Coord Set already processed (component Top exists)
Found components for "(@Masoom Minawala) Black Co ord Set - Geometric 3 Piece Set": [ 'top', 'bottom', 'jacket', 'accessory', 'dress' ]
Product (@Masoom Minawala) Black Co ord Set - Geometric 3 Piece Set already processed (component Top exists)
Found components for "(@ThatBohoGirl) Lime Green Coord Set - Three Piece Set": [ 'top', 'bottom', 'accessory' ]
Found components for "(@Yasmin Karachiwala) Creamy Charcoal Drape 3 Piece Set": [ 'top', 'bottom', 'dress', 'cape' ]
Found components for "(Divyanka Tripathi) Gold Black Striped Kaftan Set": [ 'top', 'bottom', 'dress', 'kaftan' ]
Found components for "(DivyankaTripathi) Three Piece Off-White Drape Pant Set with Handbag": [ 'top', 'bottom', 'accessory' ]
Found components for "(Kajol) Tie Dye Green Drape Sari Kurta Set": [ 'top', 'bottom', 'dupatta', 'dress', 'saree' ]
Found components for "A line White Suit Set": [ 'top', 'bottom', 'dupatta', 'dress' ]
Found components for "Alia Bhatt (limited edition) Red Blue Coord Set": [ 'jacket', 'accessory', 'dress', 'saree' ]
Found components for "All White Blazer Set": [ 'top', 'bottom', 'jacket' ]
Found components for "Antique Silver Polish Choker Necklace Set": [ 'accessory' ]
Found components for "Bandhini Pathani Set": [ 'top', 'dress' ]
Found components for "Beadwork White Black Suit Set": [ 'top', 'bottom', 'dupatta', 'dress' ]
Found components for "Beige Coord Set with Necklace": [ 'top', 'bottom', 'accessory', 'dress' ]
Found components for "Beige Kaftan Set": [ 'bottom', 'dress', 'kaftan' ]
Found components for "Beige Maroon Shirt Lehenga Set": [ 'top', 'lehenga', 'dress' ]
Product Beige Maroon Shirt Lehenga Set already processed (component Lehenga exists)
Found components for "Beige Mirror Work Coord Set": [ 'top', 'bottom' ]
Found components for "Beige Waistcoat Set": [ 'top', 'bottom', 'jacket' ]
Found components for "Black 3 Piece Coord Set - Neckpiece included": [ 'top', 'bottom', 'dress' ]
Found components for "Black And Red Coord Set": [ 'jacket', 'dress' ]
Product Black And Red Coord Set already processed (component Jacket exists)
Found components for "Black and Red Kaftan Dhoti Set": [ 'bottom', 'kaftan' ]
Product Black and Red Kaftan Dhoti Set already processed (component Kaftan exists)
Found components for "Black and Red Three Piece Dhoti Set": [ 'top', 'bottom', 'jacket' ]
Product Black and Red Three Piece Dhoti Set already processed (component Jacket exists)
Found components for "Black and White Elephant Four Piece Set": [ 'top', 'bottom', 'jacket', 'dupatta', 'accessory' ]
Product Black and White Elephant Four Piece Set already processed (component Jacket exists)
Found components for "Black and Yellow Coord Set": [ 'top', 'bottom' ]
Found components for "Black Banarasi Suit Set": [ 'top', 'bottom', 'dupatta', 'dress' ]
Found components for "Black Brown Pathani Set": [ 'top' ]
Found components for "Black Coord Set With Hanging Tassels": [ 'top', 'bottom', 'kaftan' ]
Found components for "Black Floral Dhoti Set": [ 'top', 'bottom', 'dress' ]
Found components for "Black Grey Off Shoulder Coord Set": [ 'top', 'bottom', 'dress' ]
Found components for "Black Motif Banarasi Kurta Set": [ 'top', 'bottom', 'dupatta', 'dress' ]
Found components for "Black Pakistani Suit Set": [ 'top', 'bottom', 'dupatta', 'dress' ]
Found components for "Black Pathani Dhoti Banjara Potli Set": [ 'top', 'bottom', 'accessory' ]
Found components for "Black Pathani Set - Best Pathani Suit for Women": [ 'top', 'bottom' ]
Found components for "Black Peach Waist Coat Set": [ 'top', 'bottom', 'jacket' ]
Found components for "Black Sharara Set": [ 'top', 'bottom', 'dupatta' ]
Found components for "Black Shell Skirt Sari - Two Piece Set": [ 'top', 'bottom', 'saree' ]
Found components for "Black Slit Dress And Jacket Set": [ 'jacket', 'dress' ]
Product Black Slit Dress And Jacket Set already processed (component Jacket exists)
Found components for "Black Spaghetti Dhoti Set": [ 'top', 'bottom', 'dupatta' ]
Found components for "Black White Embroidery Coord Set - Two Piece": [ 'top', 'bottom', 'accessory', 'dress' ]
Found components for "Black White Half Jumpsuit Jacket Set": [ 'jacket', 'accessory', 'dress', 'jumpsuit' ]
Product Black White Half Jumpsuit Jacket Set already processed (component Jacket exists)
Found components for "Black White Spaghetti Sharara Set": [ 'top', 'bottom', 'dupatta', 'dress' ]
Found components for "Black White Zipper Coord Set": [ 'top', 'bottom', 'kaftan' ]
Found components for "Blue Abstract Waist Coat Set": [ 'top', 'bottom', 'jacket' ]
Found components for "Blue Bandhani Banarasi  Kurta Set": [ 'top', 'bottom', 'dupatta', 'dress' ]
Found components for "Blue Blazer Set": [ 'bottom', 'jacket' ]
Found components for "Blue Bralette Kurta Set": [ 'top', 'bottom' ]
Found components for "Blue Card Print Coord Set with Handbag": [ 'top', 'bottom', 'accessory' ]
Found components for "Blue Evil Eye Shubh Labh Set - Accessory": [ 'accessory' ]
Product Blue Evil Eye Shubh Labh Set - Accessory already processed (component Accessory exists)
Found components for "Blue Flared Pants With Patchwork Corset Top": [ 'top', 'bottom' ]
Product Blue Flared Pants With Patchwork Corset Top already processed (component Top exists)
Found components for "Blue Flower Off White Coord Set": [ 'top', 'bottom', 'dress' ]
Found components for "Blue Flower Suit Set": [ 'dress' ]
Found components for "Blue Gold Jumpsuit Jacket Set": [ 'jacket', 'jumpsuit' ]
Product Blue Gold Jumpsuit Jacket Set already processed (component Jacket exists)
Found components for "Blue Green Farshi Set": [ 'top', 'bottom' ]
Found components for "Blue Half Kaftan Coord Set": [ 'top', 'bottom', 'kaftan' ]
Found components for "Blue Kurta Jacket Set": [ 'top', 'bottom', 'jacket', 'dress' ]
Product Blue Kurta Jacket Set already processed (component Jacket exists)
Found components for "Blue Kurta Pallazo Set": [ 'top', 'bottom', 'dress' ]
Found components for "Blue Lotus Coord Set": [ 'top', 'bottom', 'dress', 'kaftan' ]
Found components for "Blue Organza Anarkali Kurta Set": [ 'top', 'bottom', 'dupatta', 'dress' ]
Found components for "Blue Pink Embroidery 3 Piece Set- Pant, Jacket, Blouse": [ 'top', 'bottom', 'jacket', 'dress', 'cape' ]
Product Blue Pink Embroidery 3 Piece Set- Pant, Jacket, Blouse already processed (component Jacket exists)
Found components for "Blue Pink Sharara Set": [ 'top', 'bottom', 'dupatta', 'dress' ]
Found components for "Blue Polka Off Shoulder Coord Set": [ 'top', 'bottom', 'dress', 'kaftan' ]
Found components for "Blue Red Suit Set": [ 'top', 'bottom', 'dupatta', 'dress' ]
Found components for "Blue Shell Skirt Sari - Two Piece Set": [ 'top', 'bottom', 'saree' ]
Found components for "Blue Slit Kurta Pant Set": [ 'top', 'bottom', 'dress' ]
Found components for "Blue Spaghetti Sharara Set": [ 'bottom' ]
Found components for "Blue Wave Pocket Co ord Set": [ 'top', 'bottom', 'dress' ]
Found components for "Blue White Doodle - Three Piece Coord Set": [ 'top', 'bottom', 'dress', 'kaftan' ]
Found components for "Blue Wrap Around Coord Set": [ 'top', 'bottom', 'accessory', 'dress', 'wrap' ]
Found components for "Blue Yellow Four Piece Potli Set": [ 'top', 'bottom', 'dupatta', 'accessory', 'dress' ]
Found components for "Blue Zig Zag Coord Set": [ 'top', 'bottom' ]
Finding all set products...
Fetching all products from Shopify...
Found components for "Blue Zipper Coord Set": [ 'top', 'bottom', 'kaftan' ]
Found components for "Blush Pink Motif Banarasi Kurta Set": [ 'top', 'bottom', 'dupatta', 'dress' ]
Found 250 total products, filtering for sets...
Found 110 set products, checking processed status...
Found components for "(@CurlyTales) White Chikan Set": [ 'top', 'bottom', 'accessory', 'dress' ]
Found components for "Blush Pink Sharara Set": [ 'top', 'bottom', 'dupatta', 'dress' ]
Found components for "Boho Black Coord Set": [ 'top', 'bottom', 'dress' ]
Product (@CurlyTales) White Chikan Set already processed (component Top exists)
Found components for "(@Debina Bonnerjee) Stripe Technicolour Coord Set": [ 'top', 'bottom', 'accessory', 'dress' ]
Product (@Debina Bonnerjee) Stripe Technicolour Coord Set already processed (component Top exists)
Found components for "(@Masoom Minawala) Black Co ord Set - Geometric 3 Piece Set": [ 'top', 'bottom', 'jacket', 'accessory', 'dress' ]
Found components for "Boho Fringe Pink White Set": [ 'top', 'bottom', 'dress' ]
Product (@Masoom Minawala) Black Co ord Set - Geometric 3 Piece Set already processed (component Top exists)
Found components for "(@ThatBohoGirl) Lime Green Coord Set - Three Piece Set": [ 'top', 'bottom', 'accessory' ]
Found components for "Bottle Green Bandhani Jacquard Kurta Set": [ 'top', 'bottom', 'dupatta', 'dress' ]
Found components for "(@Yasmin Karachiwala) Creamy Charcoal Drape 3 Piece Set": [ 'top', 'bottom', 'dress', 'cape' ]
Found components for "Bottle Green Crepe Coord Set": [ 'top', 'bottom', 'accessory', 'dress' ]
Found components for "Brass Kundan Pooja Thali 7 Pc Set - Accessory": [ 'accessory' ]
Found components for "(Divyanka Tripathi) Gold Black Striped Kaftan Set": [ 'top', 'bottom', 'dress', 'kaftan' ]
Found components for "(DivyankaTripathi) Three Piece Off-White Drape Pant Set with Handbag": [ 'top', 'bottom', 'accessory' ]
Product Brass Kundan Pooja Thali 7 Pc Set - Accessory already processed (component Accessory exists)
Found components for "Brass Laxmi Charan Diya Set (Pair of 2) - Accessory": [ 'accessory' ]
Found components for "(Kajol) Tie Dye Green Drape Sari Kurta Set": [ 'top', 'bottom', 'dupatta', 'dress', 'saree' ]
Product Brass Laxmi Charan Diya Set (Pair of 2) - Accessory already processed (component Accessory exists)
Found components for "Brown & Orange Four Piece Sharara Set": [ 'top', 'bottom', 'dupatta', 'accessory', 'dress' ]
Found components for "A line White Suit Set": [ 'top', 'bottom', 'dupatta', 'dress' ]
Found components for "Brown Coord Set": [ 'top', 'bottom', 'dress' ]
Found components for "Alia Bhatt (limited edition) Red Blue Coord Set": [ 'jacket', 'accessory', 'dress', 'saree' ]
Found components for "Brown Cream Kaftan Coord Set": [ 'top', 'bottom', 'kaftan' ]
Found components for "All White Blazer Set": [ 'top', 'bottom', 'jacket' ]
Found components for "Brown High Low Coord Set": [ 'top', 'bottom' ]
Found components for "Antique Silver Polish Choker Necklace Set": [ 'accessory' ]
Found components for "Brown Lehenga Set": [ 'top', 'dupatta', 'lehenga', 'dress' ]
Found components for "Bandhini Pathani Set": [ 'top', 'dress' ]
Found components for "Brownwood Kaftan Set": [ 'bottom', 'dress', 'kaftan' ]
Found components for "Beadwork White Black Suit Set": [ 'top', 'bottom', 'dupatta', 'dress' ]
Found components for "Champagne Brown Shell Coord Set": [ 'top', 'bottom' ]
Found components for "Beige Coord Set with Necklace": [ 'top', 'bottom', 'accessory', 'dress' ]
Found components for "Champagne Pink Abstract Waist Coat Set": [ 'top', 'bottom', 'jacket' ]
Found components for "Beige Kaftan Set": [ 'bottom', 'dress', 'kaftan' ]
Found components for "Checks Black Coord Set": [ 'top', 'bottom', 'dress' ]
Found components for "Beige Maroon Shirt Lehenga Set": [ 'top', 'lehenga', 'dress' ]
Found components for "Checks Black Kurta Pant Set": [ 'top', 'bottom' ]
Found components for "Checks Navy Blue Coord Set": [ 'top', 'bottom', 'dress' ]
Product Beige Maroon Shirt Lehenga Set already processed (component Lehenga exists)
Found components for "Beige Mirror Work Coord Set": [ 'top', 'bottom' ]
Found components for "Checks Three Piece Set": [ 'top', 'bottom', 'jacket', 'accessory', 'dress' ]
Found components for "Beige Waistcoat Set": [ 'top', 'bottom', 'jacket' ]
Found components for "Checks White Drape Kurta Pant Set": [ 'top', 'bottom', 'accessory', 'dress' ]
Found components for "Black 3 Piece Coord Set - Neckpiece included": [ 'top', 'bottom', 'dress' ]
Found components for "Cheetah Coord Set": [ 'top', 'bottom', 'dress' ]
Found components for "Black And Red Coord Set": [ 'jacket', 'dress' ]
Found components for "Cobalt Blue Coord Set": [ 'top', 'bottom', 'dupatta', 'dress' ]
Found components for "Colourful Three Piece Set": [ 'top', 'bottom', 'jacket', 'dress' ]
Product Black And Red Coord Set already processed (component Jacket exists)
Found components for "Black and Red Kaftan Dhoti Set": [ 'bottom', 'kaftan' ]
Found components for "Cotton Candy Pink Coord Set": [ 'top', 'bottom', 'dress', 'cape' ]
Product Black and Red Kaftan Dhoti Set already processed (component Kaftan exists)
Found components for "Black and Red Three Piece Dhoti Set": [ 'top', 'bottom', 'jacket' ]
Found components for "Cream and Red Mirror Work Suit Set": [ 'top', 'bottom' ]
Product Black and Red Three Piece Dhoti Set already processed (component Jacket exists)
Found components for "Black and White Elephant Four Piece Set": [ 'top', 'bottom', 'jacket', 'dupatta', 'accessory' ]
Found components for "Cream Black Cotton Kurta Set": [ 'top', 'bottom', 'dupatta', 'dress' ]
Found components for "Cream Floral Linen Jacquard Kurta Set": [ 'top', 'bottom', 'dupatta', 'dress' ]
Product Black and White Elephant Four Piece Set already processed (component Jacket exists)
Found components for "Black and Yellow Coord Set": [ 'top', 'bottom' ]
Found components for "Crepe Hot Pink Gold Spaghetti Sharara Set": [ 'top', 'bottom', 'dupatta' ]
Found components for "Crepe Maroon Kaftan Dhoti Set": [ 'top', 'bottom', 'dress', 'kaftan' ]
Found components for "Black Banarasi Suit Set": [ 'top', 'bottom', 'dupatta', 'dress' ]
Found components for "Crepe Shell Yellow Pink Kurta Dhoti Set": [ 'top', 'bottom', 'accessory', 'dress' ]
Found components for "Black Brown Pathani Set": [ 'top' ]
Found components for "Cube Blue Dhoti Skirt Jacket Coord Set": [ 'top', 'bottom', 'jacket' ]
Found components for "Black Coord Set With Hanging Tassels": [ 'top', 'bottom', 'kaftan' ]
Found components for "Cutwork Beige 3 Piece Coord Set": [ 'top', 'bottom', 'jacket', 'dress' ]
Found components for "Black Floral Dhoti Set": [ 'top', 'bottom', 'dress' ]
Found components for "Black Grey Off Shoulder Coord Set": [ 'top', 'bottom', 'dress' ]
Found components for "Cutwork Embroidery Green Kurta Set": [ 'top', 'bottom', 'accessory' ]
Found components for "Cutwork Embroidery Grey Kurta Set": [ 'top', 'bottom', 'accessory' ]
Found components for "Black Motif Banarasi Kurta Set": [ 'top', 'bottom', 'dupatta', 'dress' ]
Found components for "Dark Navy Blue Kaftan Coord Set": [ 'top', 'bottom', 'dress', 'kaftan' ]
Found components for "Black Pakistani Suit Set": [ 'top', 'bottom', 'dupatta', 'dress' ]
Found components for "Dark Red Blazer Skirt Set": [ 'top', 'bottom', 'jacket', 'dress' ]
Found components for "Black Pathani Dhoti Banjara Potli Set": [ 'top', 'bottom', 'accessory' ]
Found components for "Dark Red Pathani Set": [ 'top', 'bottom' ]
Found components for "Black Pathani Set - Best Pathani Suit for Women": [ 'top', 'bottom' ]
93 set products are unprocessed
Found components for "(@ThatBohoGirl) Lime Green Coord Set - Three Piece Set": [ 'top', 'bottom', 'accessory' ]
Found components for "(@Yasmin Karachiwala) Creamy Charcoal Drape 3 Piece Set": [ 'top', 'bottom', 'dress', 'cape' ]
Found components for "(Divyanka Tripathi) Gold Black Striped Kaftan Set": [ 'top', 'bottom', 'dress', 'kaftan' ]
Found components for "(DivyankaTripathi) Three Piece Off-White Drape Pant Set with Handbag": [ 'top', 'bottom', 'accessory' ]
Found components for "(Kajol) Tie Dye Green Drape Sari Kurta Set": [ 'top', 'bottom', 'dupatta', 'dress', 'saree' ]
Found components for "A line White Suit Set": [ 'top', 'bottom', 'dupatta', 'dress' ]
Found components for "Alia Bhatt (limited edition) Red Blue Coord Set": [ 'jacket', 'accessory', 'dress', 'saree' ]
Found components for "All White Blazer Set": [ 'top', 'bottom', 'jacket' ]
Found components for "Antique Silver Polish Choker Necklace Set": [ 'accessory' ]
Found components for "Bandhini Pathani Set": [ 'top', 'dress' ]
Found components for "Beadwork White Black Suit Set": [ 'top', 'bottom', 'dupatta', 'dress' ]
Found components for "Beige Coord Set with Necklace": [ 'top', 'bottom', 'accessory', 'dress' ]
Found components for "Beige Kaftan Set": [ 'bottom', 'dress', 'kaftan' ]
Found components for "Beige Mirror Work Coord Set": [ 'top', 'bottom' ]
Found components for "Beige Waistcoat Set": [ 'top', 'bottom', 'jacket' ]
Found components for "Black 3 Piece Coord Set - Neckpiece included": [ 'top', 'bottom', 'dress' ]
Found components for "Black and Yellow Coord Set": [ 'top', 'bottom' ]
Found components for "Black Banarasi Suit Set": [ 'top', 'bottom', 'dupatta', 'dress' ]
Found components for "Black Brown Pathani Set": [ 'top' ]
Found components for "Black Coord Set With Hanging Tassels": [ 'top', 'bottom', 'kaftan' ]
Found components for "Black Floral Dhoti Set": [ 'top', 'bottom', 'dress' ]
Found components for "Black Grey Off Shoulder Coord Set": [ 'top', 'bottom', 'dress' ]
Found components for "Black Motif Banarasi Kurta Set": [ 'top', 'bottom', 'dupatta', 'dress' ]
Found components for "Black Pakistani Suit Set": [ 'top', 'bottom', 'dupatta', 'dress' ]
Found components for "Black Pathani Dhoti Banjara Potli Set": [ 'top', 'bottom', 'accessory' ]
Found components for "Black Pathani Set - Best Pathani Suit for Women": [ 'top', 'bottom' ]
Found components for "Black Peach Waist Coat Set": [ 'top', 'bottom', 'jacket' ]
Found components for "Black Sharara Set": [ 'top', 'bottom', 'dupatta' ]
Found components for "Black Shell Skirt Sari - Two Piece Set": [ 'top', 'bottom', 'saree' ]
Found components for "Black Spaghetti Dhoti Set": [ 'top', 'bottom', 'dupatta' ]
Found components for "Black White Embroidery Coord Set - Two Piece": [ 'top', 'bottom', 'accessory', 'dress' ]
Found components for "Black White Spaghetti Sharara Set": [ 'top', 'bottom', 'dupatta', 'dress' ]
Found components for "Black White Zipper Coord Set": [ 'top', 'bottom', 'kaftan' ]
Found components for "Blue Abstract Waist Coat Set": [ 'top', 'bottom', 'jacket' ]
Found components for "Blue Bandhani Banarasi  Kurta Set": [ 'top', 'bottom', 'dupatta', 'dress' ]
Found components for "Blue Blazer Set": [ 'bottom', 'jacket' ]
Found components for "Blue Bralette Kurta Set": [ 'top', 'bottom' ]
Found components for "Blue Card Print Coord Set with Handbag": [ 'top', 'bottom', 'accessory' ]
Found components for "Blue Flower Off White Coord Set": [ 'top', 'bottom', 'dress' ]
Found components for "Blue Flower Suit Set": [ 'dress' ]
Found components for "Blue Green Farshi Set": [ 'top', 'bottom' ]
Found components for "Blue Half Kaftan Coord Set": [ 'top', 'bottom', 'kaftan' ]
Found components for "Blue Kurta Pallazo Set": [ 'top', 'bottom', 'dress' ]
Found components for "Blue Lotus Coord Set": [ 'top', 'bottom', 'dress', 'kaftan' ]
Found components for "Blue Organza Anarkali Kurta Set": [ 'top', 'bottom', 'dupatta', 'dress' ]
Found components for "Blue Pink Sharara Set": [ 'top', 'bottom', 'dupatta', 'dress' ]
Found components for "Blue Polka Off Shoulder Coord Set": [ 'top', 'bottom', 'dress', 'kaftan' ]
Found components for "Blue Red Suit Set": [ 'top', 'bottom', 'dupatta', 'dress' ]
Found components for "Blue Shell Skirt Sari - Two Piece Set": [ 'top', 'bottom', 'saree' ]
Found components for "Blue Slit Kurta Pant Set": [ 'top', 'bottom', 'dress' ]
Found components for "Blue Spaghetti Sharara Set": [ 'bottom' ]
Found components for "Blue Wave Pocket Co ord Set": [ 'top', 'bottom', 'dress' ]
Found components for "Blue White Doodle - Three Piece Coord Set": [ 'top', 'bottom', 'dress', 'kaftan' ]
Found components for "Blue Wrap Around Coord Set": [ 'top', 'bottom', 'accessory', 'dress', 'wrap' ]
Found components for "Blue Yellow Four Piece Potli Set": [ 'top', 'bottom', 'dupatta', 'accessory', 'dress' ]
Found components for "Blue Zig Zag Coord Set": [ 'top', 'bottom' ]
Found components for "Blue Zipper Coord Set": [ 'top', 'bottom', 'kaftan' ]
Found components for "Blush Pink Motif Banarasi Kurta Set": [ 'top', 'bottom', 'dupatta', 'dress' ]
Found components for "Blush Pink Sharara Set": [ 'top', 'bottom', 'dupatta', 'dress' ]
Found components for "Boho Black Coord Set": [ 'top', 'bottom', 'dress' ]
Found components for "Boho Fringe Pink White Set": [ 'top', 'bottom', 'dress' ]
Found components for "Bottle Green Bandhani Jacquard Kurta Set": [ 'top', 'bottom', 'dupatta', 'dress' ]
Found components for "Bottle Green Crepe Coord Set": [ 'top', 'bottom', 'accessory', 'dress' ]
Found components for "Brown & Orange Four Piece Sharara Set": [ 'top', 'bottom', 'dupatta', 'accessory', 'dress' ]
Found components for "Brown Coord Set": [ 'top', 'bottom', 'dress' ]
Found components for "Brown Cream Kaftan Coord Set": [ 'top', 'bottom', 'kaftan' ]
Found components for "Brown High Low Coord Set": [ 'top', 'bottom' ]
Found components for "Brown Lehenga Set": [ 'top', 'dupatta', 'lehenga', 'dress' ]
Found components for "Brownwood Kaftan Set": [ 'bottom', 'dress', 'kaftan' ]
Found components for "Champagne Brown Shell Coord Set": [ 'top', 'bottom' ]
Found components for "Champagne Pink Abstract Waist Coat Set": [ 'top', 'bottom', 'jacket' ]
Found components for "Checks Black Coord Set": [ 'top', 'bottom', 'dress' ]
Found components for "Checks Black Kurta Pant Set": [ 'top', 'bottom' ]
Found components for "Checks Navy Blue Coord Set": [ 'top', 'bottom', 'dress' ]
Found components for "Checks Three Piece Set": [ 'top', 'bottom', 'jacket', 'accessory', 'dress' ]
Found components for "Checks White Drape Kurta Pant Set": [ 'top', 'bottom', 'accessory', 'dress' ]
Found components for "Cheetah Coord Set": [ 'top', 'bottom', 'dress' ]
Found components for "Cobalt Blue Coord Set": [ 'top', 'bottom', 'dupatta', 'dress' ]
Found components for "Colourful Three Piece Set": [ 'top', 'bottom', 'jacket', 'dress' ]
Found components for "Cotton Candy Pink Coord Set": [ 'top', 'bottom', 'dress', 'cape' ]
Found components for "Cream and Red Mirror Work Suit Set": [ 'top', 'bottom' ]
Found components for "Cream Black Cotton Kurta Set": [ 'top', 'bottom', 'dupatta', 'dress' ]
Found components for "Cream Floral Linen Jacquard Kurta Set": [ 'top', 'bottom', 'dupatta', 'dress' ]
Found components for "Crepe Hot Pink Gold Spaghetti Sharara Set": [ 'top', 'bottom', 'dupatta' ]
Found components for "Crepe Maroon Kaftan Dhoti Set": [ 'top', 'bottom', 'dress', 'kaftan' ]
Found components for "Crepe Shell Yellow Pink Kurta Dhoti Set": [ 'top', 'bottom', 'accessory', 'dress' ]
Found components for "Cube Blue Dhoti Skirt Jacket Coord Set": [ 'top', 'bottom', 'jacket' ]
Found components for "Cutwork Beige 3 Piece Coord Set": [ 'top', 'bottom', 'jacket', 'dress' ]
Found components for "Cutwork Embroidery Green Kurta Set": [ 'top', 'bottom', 'accessory' ]
Found components for "Cutwork Embroidery Grey Kurta Set": [ 'top', 'bottom', 'accessory' ]
Found components for "Dark Navy Blue Kaftan Coord Set": [ 'top', 'bottom', 'dress', 'kaftan' ]
Found components for "Dark Red Blazer Skirt Set": [ 'top', 'bottom', 'jacket', 'dress' ]
Found components for "Dark Red Pathani Set": [ 'top', 'bottom' ]
Found components for "Black Peach Waist Coat Set": [ 'top', 'bottom', 'jacket' ]
Found components for "Black Sharara Set": [ 'top', 'bottom', 'dupatta' ]
Found components for "Black Shell Skirt Sari - Two Piece Set": [ 'top', 'bottom', 'saree' ]
Found components for "Black Slit Dress And Jacket Set": [ 'jacket', 'dress' ]
Product Black Slit Dress And Jacket Set already processed (component Jacket exists)
Found components for "Black Spaghetti Dhoti Set": [ 'top', 'bottom', 'dupatta' ]
Found components for "Black White Embroidery Coord Set - Two Piece": [ 'top', 'bottom', 'accessory', 'dress' ]
Found components for "Black White Half Jumpsuit Jacket Set": [ 'jacket', 'accessory', 'dress', 'jumpsuit' ]
Product Black White Half Jumpsuit Jacket Set already processed (component Jacket exists)
Found components for "Black White Spaghetti Sharara Set": [ 'top', 'bottom', 'dupatta', 'dress' ]
Found components for "Black White Zipper Coord Set": [ 'top', 'bottom', 'kaftan' ]
Found components for "Blue Abstract Waist Coat Set": [ 'top', 'bottom', 'jacket' ]
Found components for "Blue Bandhani Banarasi  Kurta Set": [ 'top', 'bottom', 'dupatta', 'dress' ]
Found components for "Blue Blazer Set": [ 'bottom', 'jacket' ]
Found components for "Blue Bralette Kurta Set": [ 'top', 'bottom' ]
Found components for "Blue Card Print Coord Set with Handbag": [ 'top', 'bottom', 'accessory' ]
Found components for "Blue Evil Eye Shubh Labh Set - Accessory": [ 'accessory' ]
Product Blue Evil Eye Shubh Labh Set - Accessory already processed (component Accessory exists)
Found components for "Blue Flared Pants With Patchwork Corset Top": [ 'top', 'bottom' ]
Product Blue Flared Pants With Patchwork Corset Top already processed (component Top exists)
Found components for "Blue Flower Off White Coord Set": [ 'top', 'bottom', 'dress' ]
Found components for "Blue Flower Suit Set": [ 'dress' ]
Found components for "Blue Gold Jumpsuit Jacket Set": [ 'jacket', 'jumpsuit' ]
Product Blue Gold Jumpsuit Jacket Set already processed (component Jacket exists)
Found components for "Blue Green Farshi Set": [ 'top', 'bottom' ]
Found components for "Blue Half Kaftan Coord Set": [ 'top', 'bottom', 'kaftan' ]
Found components for "Blue Kurta Jacket Set": [ 'top', 'bottom', 'jacket', 'dress' ]
Product Blue Kurta Jacket Set already processed (component Jacket exists)
Found components for "Blue Kurta Pallazo Set": [ 'top', 'bottom', 'dress' ]
Found components for "Blue Lotus Coord Set": [ 'top', 'bottom', 'dress', 'kaftan' ]
Found components for "Blue Organza Anarkali Kurta Set": [ 'top', 'bottom', 'dupatta', 'dress' ]
Found components for "Blue Pink Embroidery 3 Piece Set- Pant, Jacket, Blouse": [ 'top', 'bottom', 'jacket', 'dress', 'cape' ]
Product Blue Pink Embroidery 3 Piece Set- Pant, Jacket, Blouse already processed (component Jacket exists)
Found components for "Blue Pink Sharara Set": [ 'top', 'bottom', 'dupatta', 'dress' ]
Found components for "Blue Polka Off Shoulder Coord Set": [ 'top', 'bottom', 'dress', 'kaftan' ]
Found components for "Blue Red Suit Set": [ 'top', 'bottom', 'dupatta', 'dress' ]
Found components for "Blue Shell Skirt Sari - Two Piece Set": [ 'top', 'bottom', 'saree' ]
Found components for "Blue Slit Kurta Pant Set": [ 'top', 'bottom', 'dress' ]
Found components for "Blue Spaghetti Sharara Set": [ 'bottom' ]
Found components for "Blue Wave Pocket Co ord Set": [ 'top', 'bottom', 'dress' ]
Found components for "Blue White Doodle - Three Piece Coord Set": [ 'top', 'bottom', 'dress', 'kaftan' ]
Found components for "Blue Wrap Around Coord Set": [ 'top', 'bottom', 'accessory', 'dress', 'wrap' ]
Found components for "Blue Yellow Four Piece Potli Set": [ 'top', 'bottom', 'dupatta', 'accessory', 'dress' ]
Found components for "Blue Zig Zag Coord Set": [ 'top', 'bottom' ]
Found components for "Blue Zipper Coord Set": [ 'top', 'bottom', 'kaftan' ]
Found components for "Blush Pink Motif Banarasi Kurta Set": [ 'top', 'bottom', 'dupatta', 'dress' ]
Found components for "Blush Pink Sharara Set": [ 'top', 'bottom', 'dupatta', 'dress' ]
Found components for "Boho Black Coord Set": [ 'top', 'bottom', 'dress' ]
Found components for "Boho Fringe Pink White Set": [ 'top', 'bottom', 'dress' ]
Found components for "Bottle Green Bandhani Jacquard Kurta Set": [ 'top', 'bottom', 'dupatta', 'dress' ]
Found components for "Bottle Green Crepe Coord Set": [ 'top', 'bottom', 'accessory', 'dress' ]
Found components for "Brass Kundan Pooja Thali 7 Pc Set - Accessory": [ 'accessory' ]
Product Brass Kundan Pooja Thali 7 Pc Set - Accessory already processed (component Accessory exists)
Found components for "Brass Laxmi Charan Diya Set (Pair of 2) - Accessory": [ 'accessory' ]
Product Brass Laxmi Charan Diya Set (Pair of 2) - Accessory already processed (component Accessory exists)
Found components for "Brown & Orange Four Piece Sharara Set": [ 'top', 'bottom', 'dupatta', 'accessory', 'dress' ]
Found components for "Brown Coord Set": [ 'top', 'bottom', 'dress' ]
Found components for "Brown Cream Kaftan Coord Set": [ 'top', 'bottom', 'kaftan' ]
Finding all set products...
Fetching all products from Shopify...
Found components for "Brown High Low Coord Set": [ 'top', 'bottom' ]
Found 250 total products, filtering for sets...
Found 110 set products, checking processed status...
Found components for "(@CurlyTales) White Chikan Set": [ 'top', 'bottom', 'accessory', 'dress' ]
Found components for "Brown Lehenga Set": [ 'top', 'dupatta', 'lehenga', 'dress' ]
Found components for "Brownwood Kaftan Set": [ 'bottom', 'dress', 'kaftan' ]
Product (@CurlyTales) White Chikan Set already processed (component Top exists)
Found components for "(@Debina Bonnerjee) Stripe Technicolour Coord Set": [ 'top', 'bottom', 'accessory', 'dress' ]
Found components for "Champagne Brown Shell Coord Set": [ 'top', 'bottom' ]
Product (@Debina Bonnerjee) Stripe Technicolour Coord Set already processed (component Top exists)
Found components for "(@Masoom Minawala) Black Co ord Set - Geometric 3 Piece Set": [ 'top', 'bottom', 'jacket', 'accessory', 'dress' ]
Found components for "Champagne Pink Abstract Waist Coat Set": [ 'top', 'bottom', 'jacket' ]
Found components for "Checks Black Coord Set": [ 'top', 'bottom', 'dress' ]
Product (@Masoom Minawala) Black Co ord Set - Geometric 3 Piece Set already processed (component Top exists)
Found components for "(@ThatBohoGirl) Lime Green Coord Set - Three Piece Set": [ 'top', 'bottom', 'accessory' ]
Found components for "Checks Black Kurta Pant Set": [ 'top', 'bottom' ]
Found components for "Checks Navy Blue Coord Set": [ 'top', 'bottom', 'dress' ]
Found components for "Checks Three Piece Set": [ 'top', 'bottom', 'jacket', 'accessory', 'dress' ]
Found components for "(@Yasmin Karachiwala) Creamy Charcoal Drape 3 Piece Set": [ 'top', 'bottom', 'dress', 'cape' ]
Found components for "Checks White Drape Kurta Pant Set": [ 'top', 'bottom', 'accessory', 'dress' ]
Found components for "(Divyanka Tripathi) Gold Black Striped Kaftan Set": [ 'top', 'bottom', 'dress', 'kaftan' ]
Found components for "Cheetah Coord Set": [ 'top', 'bottom', 'dress' ]
Found components for "Cobalt Blue Coord Set": [ 'top', 'bottom', 'dupatta', 'dress' ]
Found components for "(DivyankaTripathi) Three Piece Off-White Drape Pant Set with Handbag": [ 'top', 'bottom', 'accessory' ]
Found components for "Colourful Three Piece Set": [ 'top', 'bottom', 'jacket', 'dress' ]
Found components for "(Kajol) Tie Dye Green Drape Sari Kurta Set": [ 'top', 'bottom', 'dupatta', 'dress', 'saree' ]
Finding all set products...
Fetching all products from Shopify...
Found components for "Cotton Candy Pink Coord Set": [ 'top', 'bottom', 'dress', 'cape' ]
Found components for "A line White Suit Set": [ 'top', 'bottom', 'dupatta', 'dress' ]
Found components for "Cream and Red Mirror Work Suit Set": [ 'top', 'bottom' ]
Found components for "Alia Bhatt (limited edition) Red Blue Coord Set": [ 'jacket', 'accessory', 'dress', 'saree' ]
Found 250 total products, filtering for sets...
Found 110 set products, checking processed status...
Found components for "(@CurlyTales) White Chikan Set": [ 'top', 'bottom', 'accessory', 'dress' ]
Found components for "Cream Black Cotton Kurta Set": [ 'top', 'bottom', 'dupatta', 'dress' ]
Found components for "All White Blazer Set": [ 'top', 'bottom', 'jacket' ]
Found components for "Cream Floral Linen Jacquard Kurta Set": [ 'top', 'bottom', 'dupatta', 'dress' ]
Product (@CurlyTales) White Chikan Set already processed (component Top exists)
Found components for "(@Debina Bonnerjee) Stripe Technicolour Coord Set": [ 'top', 'bottom', 'accessory', 'dress' ]
Found components for "Crepe Hot Pink Gold Spaghetti Sharara Set": [ 'top', 'bottom', 'dupatta' ]
Found components for "Antique Silver Polish Choker Necklace Set": [ 'accessory' ]
Product (@Debina Bonnerjee) Stripe Technicolour Coord Set already processed (component Top exists)
Found components for "(@Masoom Minawala) Black Co ord Set - Geometric 3 Piece Set": [ 'top', 'bottom', 'jacket', 'accessory', 'dress' ]
Found components for "Crepe Maroon Kaftan Dhoti Set": [ 'top', 'bottom', 'dress', 'kaftan' ]
Product (@Masoom Minawala) Black Co ord Set - Geometric 3 Piece Set already processed (component Top exists)
Found components for "(@ThatBohoGirl) Lime Green Coord Set - Three Piece Set": [ 'top', 'bottom', 'accessory' ]
Found components for "Crepe Shell Yellow Pink Kurta Dhoti Set": [ 'top', 'bottom', 'accessory', 'dress' ]
Found components for "(@Yasmin Karachiwala) Creamy Charcoal Drape 3 Piece Set": [ 'top', 'bottom', 'dress', 'cape' ]
Found components for "Bandhini Pathani Set": [ 'top', 'dress' ]
Found components for "Cube Blue Dhoti Skirt Jacket Coord Set": [ 'top', 'bottom', 'jacket' ]
Found components for "(Divyanka Tripathi) Gold Black Striped Kaftan Set": [ 'top', 'bottom', 'dress', 'kaftan' ]
Found components for "Cutwork Beige 3 Piece Coord Set": [ 'top', 'bottom', 'jacket', 'dress' ]
Found components for "(DivyankaTripathi) Three Piece Off-White Drape Pant Set with Handbag": [ 'top', 'bottom', 'accessory' ]
Found components for "Beadwork White Black Suit Set": [ 'top', 'bottom', 'dupatta', 'dress' ]
Found components for "Cutwork Embroidery Green Kurta Set": [ 'top', 'bottom', 'accessory' ]
Found components for "Beige Coord Set with Necklace": [ 'top', 'bottom', 'accessory', 'dress' ]
Found components for "(Kajol) Tie Dye Green Drape Sari Kurta Set": [ 'top', 'bottom', 'dupatta', 'dress', 'saree' ]
Found components for "Cutwork Embroidery Grey Kurta Set": [ 'top', 'bottom', 'accessory' ]
Found components for "A line White Suit Set": [ 'top', 'bottom', 'dupatta', 'dress' ]
Found components for "Beige Kaftan Set": [ 'bottom', 'dress', 'kaftan' ]
Found components for "Dark Navy Blue Kaftan Coord Set": [ 'top', 'bottom', 'dress', 'kaftan' ]
Found components for "Alia Bhatt (limited edition) Red Blue Coord Set": [ 'jacket', 'accessory', 'dress', 'saree' ]
Found components for "Beige Maroon Shirt Lehenga Set": [ 'top', 'lehenga', 'dress' ]
Found components for "Dark Red Blazer Skirt Set": [ 'top', 'bottom', 'jacket', 'dress' ]
Found components for "All White Blazer Set": [ 'top', 'bottom', 'jacket' ]
Product Beige Maroon Shirt Lehenga Set already processed (component Lehenga exists)
Found components for "Beige Mirror Work Coord Set": [ 'top', 'bottom' ]
Found components for "Dark Red Pathani Set": [ 'top', 'bottom' ]
Found components for "Antique Silver Polish Choker Necklace Set": [ 'accessory' ]
Found components for "Beige Waistcoat Set": [ 'top', 'bottom', 'jacket' ]
93 set products are unprocessed
Found components for "(@ThatBohoGirl) Lime Green Coord Set - Three Piece Set": [ 'top', 'bottom', 'accessory' ]
Found components for "(@Yasmin Karachiwala) Creamy Charcoal Drape 3 Piece Set": [ 'top', 'bottom', 'dress', 'cape' ]
Found components for "(Divyanka Tripathi) Gold Black Striped Kaftan Set": [ 'top', 'bottom', 'dress', 'kaftan' ]
Found components for "(DivyankaTripathi) Three Piece Off-White Drape Pant Set with Handbag": [ 'top', 'bottom', 'accessory' ]
Found components for "(Kajol) Tie Dye Green Drape Sari Kurta Set": [ 'top', 'bottom', 'dupatta', 'dress', 'saree' ]
Found components for "A line White Suit Set": [ 'top', 'bottom', 'dupatta', 'dress' ]
Found components for "Alia Bhatt (limited edition) Red Blue Coord Set": [ 'jacket', 'accessory', 'dress', 'saree' ]
Found components for "All White Blazer Set": [ 'top', 'bottom', 'jacket' ]
Found components for "Antique Silver Polish Choker Necklace Set": [ 'accessory' ]
Found components for "Bandhini Pathani Set": [ 'top', 'dress' ]
Found components for "Beadwork White Black Suit Set": [ 'top', 'bottom', 'dupatta', 'dress' ]
Found components for "Beige Coord Set with Necklace": [ 'top', 'bottom', 'accessory', 'dress' ]
Found components for "Beige Kaftan Set": [ 'bottom', 'dress', 'kaftan' ]
Found components for "Beige Mirror Work Coord Set": [ 'top', 'bottom' ]
Found components for "Beige Waistcoat Set": [ 'top', 'bottom', 'jacket' ]
Found components for "Black 3 Piece Coord Set - Neckpiece included": [ 'top', 'bottom', 'dress' ]
Found components for "Black and Yellow Coord Set": [ 'top', 'bottom' ]
Found components for "Black Banarasi Suit Set": [ 'top', 'bottom', 'dupatta', 'dress' ]
Found components for "Black Brown Pathani Set": [ 'top' ]
Found components for "Black Coord Set With Hanging Tassels": [ 'top', 'bottom', 'kaftan' ]
Found components for "Black Floral Dhoti Set": [ 'top', 'bottom', 'dress' ]
Found components for "Black Grey Off Shoulder Coord Set": [ 'top', 'bottom', 'dress' ]
Found components for "Black Motif Banarasi Kurta Set": [ 'top', 'bottom', 'dupatta', 'dress' ]
Found components for "Black Pakistani Suit Set": [ 'top', 'bottom', 'dupatta', 'dress' ]
Found components for "Black Pathani Dhoti Banjara Potli Set": [ 'top', 'bottom', 'accessory' ]
Found components for "Black Pathani Set - Best Pathani Suit for Women": [ 'top', 'bottom' ]
Found components for "Black Peach Waist Coat Set": [ 'top', 'bottom', 'jacket' ]
Found components for "Black Sharara Set": [ 'top', 'bottom', 'dupatta' ]
Found components for "Black Shell Skirt Sari - Two Piece Set": [ 'top', 'bottom', 'saree' ]
Found components for "Black Spaghetti Dhoti Set": [ 'top', 'bottom', 'dupatta' ]
Found components for "Black White Embroidery Coord Set - Two Piece": [ 'top', 'bottom', 'accessory', 'dress' ]
Found components for "Black White Spaghetti Sharara Set": [ 'top', 'bottom', 'dupatta', 'dress' ]
Found components for "Black White Zipper Coord Set": [ 'top', 'bottom', 'kaftan' ]
Found components for "Blue Abstract Waist Coat Set": [ 'top', 'bottom', 'jacket' ]
Found components for "Blue Bandhani Banarasi  Kurta Set": [ 'top', 'bottom', 'dupatta', 'dress' ]
Found components for "Blue Blazer Set": [ 'bottom', 'jacket' ]
Found components for "Blue Bralette Kurta Set": [ 'top', 'bottom' ]
Found components for "Blue Card Print Coord Set with Handbag": [ 'top', 'bottom', 'accessory' ]
Found components for "Blue Flower Off White Coord Set": [ 'top', 'bottom', 'dress' ]
Found components for "Blue Flower Suit Set": [ 'dress' ]
Found components for "Blue Green Farshi Set": [ 'top', 'bottom' ]
Found components for "Blue Half Kaftan Coord Set": [ 'top', 'bottom', 'kaftan' ]
Found components for "Blue Kurta Pallazo Set": [ 'top', 'bottom', 'dress' ]
Found components for "Blue Lotus Coord Set": [ 'top', 'bottom', 'dress', 'kaftan' ]
Found components for "Blue Organza Anarkali Kurta Set": [ 'top', 'bottom', 'dupatta', 'dress' ]
Found components for "Blue Pink Sharara Set": [ 'top', 'bottom', 'dupatta', 'dress' ]
Found components for "Blue Polka Off Shoulder Coord Set": [ 'top', 'bottom', 'dress', 'kaftan' ]
Found components for "Blue Red Suit Set": [ 'top', 'bottom', 'dupatta', 'dress' ]
Found components for "Blue Shell Skirt Sari - Two Piece Set": [ 'top', 'bottom', 'saree' ]
Found components for "Blue Slit Kurta Pant Set": [ 'top', 'bottom', 'dress' ]
Found components for "Blue Spaghetti Sharara Set": [ 'bottom' ]
Found components for "Blue Wave Pocket Co ord Set": [ 'top', 'bottom', 'dress' ]
Found components for "Blue White Doodle - Three Piece Coord Set": [ 'top', 'bottom', 'dress', 'kaftan' ]
Found components for "Blue Wrap Around Coord Set": [ 'top', 'bottom', 'accessory', 'dress', 'wrap' ]
Found components for "Blue Yellow Four Piece Potli Set": [ 'top', 'bottom', 'dupatta', 'accessory', 'dress' ]
Found components for "Blue Zig Zag Coord Set": [ 'top', 'bottom' ]
Found components for "Blue Zipper Coord Set": [ 'top', 'bottom', 'kaftan' ]
Found components for "Blush Pink Motif Banarasi Kurta Set": [ 'top', 'bottom', 'dupatta', 'dress' ]
Found components for "Blush Pink Sharara Set": [ 'top', 'bottom', 'dupatta', 'dress' ]
Found components for "Boho Black Coord Set": [ 'top', 'bottom', 'dress' ]
Found components for "Boho Fringe Pink White Set": [ 'top', 'bottom', 'dress' ]
Found components for "Bottle Green Bandhani Jacquard Kurta Set": [ 'top', 'bottom', 'dupatta', 'dress' ]
Found components for "Bottle Green Crepe Coord Set": [ 'top', 'bottom', 'accessory', 'dress' ]
Found components for "Brown & Orange Four Piece Sharara Set": [ 'top', 'bottom', 'dupatta', 'accessory', 'dress' ]
Found components for "Brown Coord Set": [ 'top', 'bottom', 'dress' ]
Found components for "Brown Cream Kaftan Coord Set": [ 'top', 'bottom', 'kaftan' ]
Found components for "Brown High Low Coord Set": [ 'top', 'bottom' ]
Found components for "Brown Lehenga Set": [ 'top', 'dupatta', 'lehenga', 'dress' ]
Found components for "Brownwood Kaftan Set": [ 'bottom', 'dress', 'kaftan' ]
Found components for "Champagne Brown Shell Coord Set": [ 'top', 'bottom' ]
Found components for "Champagne Pink Abstract Waist Coat Set": [ 'top', 'bottom', 'jacket' ]
Found components for "Checks Black Coord Set": [ 'top', 'bottom', 'dress' ]
Found components for "Checks Black Kurta Pant Set": [ 'top', 'bottom' ]
Found components for "Checks Navy Blue Coord Set": [ 'top', 'bottom', 'dress' ]
Found components for "Checks Three Piece Set": [ 'top', 'bottom', 'jacket', 'accessory', 'dress' ]
Found components for "Checks White Drape Kurta Pant Set": [ 'top', 'bottom', 'accessory', 'dress' ]
Found components for "Cheetah Coord Set": [ 'top', 'bottom', 'dress' ]
Found components for "Cobalt Blue Coord Set": [ 'top', 'bottom', 'dupatta', 'dress' ]
Found components for "Colourful Three Piece Set": [ 'top', 'bottom', 'jacket', 'dress' ]
Found components for "Cotton Candy Pink Coord Set": [ 'top', 'bottom', 'dress', 'cape' ]
Found components for "Cream and Red Mirror Work Suit Set": [ 'top', 'bottom' ]
Found components for "Cream Black Cotton Kurta Set": [ 'top', 'bottom', 'dupatta', 'dress' ]
Found components for "Cream Floral Linen Jacquard Kurta Set": [ 'top', 'bottom', 'dupatta', 'dress' ]
Found components for "Crepe Hot Pink Gold Spaghetti Sharara Set": [ 'top', 'bottom', 'dupatta' ]
Found components for "Crepe Maroon Kaftan Dhoti Set": [ 'top', 'bottom', 'dress', 'kaftan' ]
Found components for "Crepe Shell Yellow Pink Kurta Dhoti Set": [ 'top', 'bottom', 'accessory', 'dress' ]
Found components for "Cube Blue Dhoti Skirt Jacket Coord Set": [ 'top', 'bottom', 'jacket' ]
Found components for "Cutwork Beige 3 Piece Coord Set": [ 'top', 'bottom', 'jacket', 'dress' ]
Found components for "Cutwork Embroidery Green Kurta Set": [ 'top', 'bottom', 'accessory' ]
Found components for "Cutwork Embroidery Grey Kurta Set": [ 'top', 'bottom', 'accessory' ]
Found components for "Dark Navy Blue Kaftan Coord Set": [ 'top', 'bottom', 'dress', 'kaftan' ]
Found components for "Dark Red Blazer Skirt Set": [ 'top', 'bottom', 'jacket', 'dress' ]
Found components for "Dark Red Pathani Set": [ 'top', 'bottom' ]
Found components for "Black 3 Piece Coord Set - Neckpiece included": [ 'top', 'bottom', 'dress' ]
Found components for "Bandhini Pathani Set": [ 'top', 'dress' ]
Found components for "Beadwork White Black Suit Set": [ 'top', 'bottom', 'dupatta', 'dress' ]
Found components for "Black And Red Coord Set": [ 'jacket', 'dress' ]
Found components for "Beige Coord Set with Necklace": [ 'top', 'bottom', 'accessory', 'dress' ]
Product Black And Red Coord Set already processed (component Jacket exists)
Found components for "Black and Red Kaftan Dhoti Set": [ 'bottom', 'kaftan' ]
Product Black and Red Kaftan Dhoti Set already processed (component Kaftan exists)
Found components for "Black and Red Three Piece Dhoti Set": [ 'top', 'bottom', 'jacket' ]
Found components for "Beige Kaftan Set": [ 'bottom', 'dress', 'kaftan' ]
Product Black and Red Three Piece Dhoti Set already processed (component Jacket exists)
Found components for "Black and White Elephant Four Piece Set": [ 'top', 'bottom', 'jacket', 'dupatta', 'accessory' ]
Product Black and White Elephant Four Piece Set already processed (component Jacket exists)
Found components for "Black and Yellow Coord Set": [ 'top', 'bottom' ]
Found components for "Beige Maroon Shirt Lehenga Set": [ 'top', 'lehenga', 'dress' ]
Found components for "Black Banarasi Suit Set": [ 'top', 'bottom', 'dupatta', 'dress' ]
Found components for "Black Brown Pathani Set": [ 'top' ]
Product Beige Maroon Shirt Lehenga Set already processed (component Lehenga exists)
Found components for "Beige Mirror Work Coord Set": [ 'top', 'bottom' ]
Found components for "Black Coord Set With Hanging Tassels": [ 'top', 'bottom', 'kaftan' ]
Found components for "Beige Waistcoat Set": [ 'top', 'bottom', 'jacket' ]
Found components for "Black Floral Dhoti Set": [ 'top', 'bottom', 'dress' ]
Found components for "Black 3 Piece Coord Set - Neckpiece included": [ 'top', 'bottom', 'dress' ]
Found components for "Black Grey Off Shoulder Coord Set": [ 'top', 'bottom', 'dress' ]
Found components for "Black And Red Coord Set": [ 'jacket', 'dress' ]
Found components for "Black Motif Banarasi Kurta Set": [ 'top', 'bottom', 'dupatta', 'dress' ]
Product Black And Red Coord Set already processed (component Jacket exists)
Found components for "Black and Red Kaftan Dhoti Set": [ 'bottom', 'kaftan' ]
Found components for "Black Pakistani Suit Set": [ 'top', 'bottom', 'dupatta', 'dress' ]
Found components for "Black Pathani Dhoti Banjara Potli Set": [ 'top', 'bottom', 'accessory' ]
Product Black and Red Kaftan Dhoti Set already processed (component Kaftan exists)
Found components for "Black and Red Three Piece Dhoti Set": [ 'top', 'bottom', 'jacket' ]
Found components for "Black Pathani Set - Best Pathani Suit for Women": [ 'top', 'bottom' ]
Product Black and Red Three Piece Dhoti Set already processed (component Jacket exists)
Found components for "Black and White Elephant Four Piece Set": [ 'top', 'bottom', 'jacket', 'dupatta', 'accessory' ]
Found components for "Black Peach Waist Coat Set": [ 'top', 'bottom', 'jacket' ]
Product Black and White Elephant Four Piece Set already processed (component Jacket exists)
Found components for "Black and Yellow Coord Set": [ 'top', 'bottom' ]
Found components for "Black Banarasi Suit Set": [ 'top', 'bottom', 'dupatta', 'dress' ]
Found components for "Black Sharara Set": [ 'top', 'bottom', 'dupatta' ]
Found components for "Black Shell Skirt Sari - Two Piece Set": [ 'top', 'bottom', 'saree' ]
Found components for "Black Brown Pathani Set": [ 'top' ]
Found components for "Black Slit Dress And Jacket Set": [ 'jacket', 'dress' ]
Product Black Slit Dress And Jacket Set already processed (component Jacket exists)
Found components for "Black Spaghetti Dhoti Set": [ 'top', 'bottom', 'dupatta' ]
Found components for "Black White Embroidery Coord Set - Two Piece": [ 'top', 'bottom', 'accessory', 'dress' ]
Found components for "Black Coord Set With Hanging Tassels": [ 'top', 'bottom', 'kaftan' ]
Found components for "Black White Half Jumpsuit Jacket Set": [ 'jacket', 'accessory', 'dress', 'jumpsuit' ]
Found components for "Black Floral Dhoti Set": [ 'top', 'bottom', 'dress' ]
Product Black White Half Jumpsuit Jacket Set already processed (component Jacket exists)
Found components for "Black White Spaghetti Sharara Set": [ 'top', 'bottom', 'dupatta', 'dress' ]
Found components for "Black Grey Off Shoulder Coord Set": [ 'top', 'bottom', 'dress' ]
Found components for "Black White Zipper Coord Set": [ 'top', 'bottom', 'kaftan' ]
Found components for "Black Motif Banarasi Kurta Set": [ 'top', 'bottom', 'dupatta', 'dress' ]
Found components for "Blue Abstract Waist Coat Set": [ 'top', 'bottom', 'jacket' ]
Found components for "Black Pakistani Suit Set": [ 'top', 'bottom', 'dupatta', 'dress' ]
Found components for "Blue Bandhani Banarasi  Kurta Set": [ 'top', 'bottom', 'dupatta', 'dress' ]
Found components for "Blue Blazer Set": [ 'bottom', 'jacket' ]
Found components for "Black Pathani Dhoti Banjara Potli Set": [ 'top', 'bottom', 'accessory' ]
Found components for "Blue Bralette Kurta Set": [ 'top', 'bottom' ]
Found components for "Black Pathani Set - Best Pathani Suit for Women": [ 'top', 'bottom' ]
Found components for "Blue Card Print Coord Set with Handbag": [ 'top', 'bottom', 'accessory' ]
Found components for "Black Peach Waist Coat Set": [ 'top', 'bottom', 'jacket' ]
Found components for "Blue Evil Eye Shubh Labh Set - Accessory": [ 'accessory' ]
Product Blue Evil Eye Shubh Labh Set - Accessory already processed (component Accessory exists)
Found components for "Blue Flared Pants With Patchwork Corset Top": [ 'top', 'bottom' ]
Found components for "Black Sharara Set": [ 'top', 'bottom', 'dupatta' ]
Product Blue Flared Pants With Patchwork Corset Top already processed (component Top exists)
Found components for "Blue Flower Off White Coord Set": [ 'top', 'bottom', 'dress' ]
Found components for "Black Shell Skirt Sari - Two Piece Set": [ 'top', 'bottom', 'saree' ]
Found components for "Blue Flower Suit Set": [ 'dress' ]
Found components for "Black Slit Dress And Jacket Set": [ 'jacket', 'dress' ]
Found components for "Blue Gold Jumpsuit Jacket Set": [ 'jacket', 'jumpsuit' ]
Product Black Slit Dress And Jacket Set already processed (component Jacket exists)
Found components for "Black Spaghetti Dhoti Set": [ 'top', 'bottom', 'dupatta' ]
Found components for "Black White Embroidery Coord Set - Two Piece": [ 'top', 'bottom', 'accessory', 'dress' ]
Product Blue Gold Jumpsuit Jacket Set already processed (component Jacket exists)
Found components for "Blue Green Farshi Set": [ 'top', 'bottom' ]
Found components for "Blue Half Kaftan Coord Set": [ 'top', 'bottom', 'kaftan' ]
Found components for "Blue Kurta Jacket Set": [ 'top', 'bottom', 'jacket', 'dress' ]
Found components for "Black White Half Jumpsuit Jacket Set": [ 'jacket', 'accessory', 'dress', 'jumpsuit' ]
Product Blue Kurta Jacket Set already processed (component Jacket exists)
Found components for "Blue Kurta Pallazo Set": [ 'top', 'bottom', 'dress' ]
Product Black White Half Jumpsuit Jacket Set already processed (component Jacket exists)
Found components for "Black White Spaghetti Sharara Set": [ 'top', 'bottom', 'dupatta', 'dress' ]
Found components for "Blue Lotus Coord Set": [ 'top', 'bottom', 'dress', 'kaftan' ]
Found components for "Black White Zipper Coord Set": [ 'top', 'bottom', 'kaftan' ]
Found components for "Blue Abstract Waist Coat Set": [ 'top', 'bottom', 'jacket' ]
Found components for "Blue Organza Anarkali Kurta Set": [ 'top', 'bottom', 'dupatta', 'dress' ]
Found components for "Blue Pink Embroidery 3 Piece Set- Pant, Jacket, Blouse": [ 'top', 'bottom', 'jacket', 'dress', 'cape' ]
Found components for "Blue Bandhani Banarasi  Kurta Set": [ 'top', 'bottom', 'dupatta', 'dress' ]
Found components for "Blue Blazer Set": [ 'bottom', 'jacket' ]
Product Blue Pink Embroidery 3 Piece Set- Pant, Jacket, Blouse already processed (component Jacket exists)
Found components for "Blue Pink Sharara Set": [ 'top', 'bottom', 'dupatta', 'dress' ]
Found components for "Blue Polka Off Shoulder Coord Set": [ 'top', 'bottom', 'dress', 'kaftan' ]
Found components for "Blue Bralette Kurta Set": [ 'top', 'bottom' ]
Found components for "Blue Card Print Coord Set with Handbag": [ 'top', 'bottom', 'accessory' ]
Found components for "Blue Red Suit Set": [ 'top', 'bottom', 'dupatta', 'dress' ]
Found components for "Blue Shell Skirt Sari - Two Piece Set": [ 'top', 'bottom', 'saree' ]
Found components for "Blue Evil Eye Shubh Labh Set - Accessory": [ 'accessory' ]
Found components for "Blue Slit Kurta Pant Set": [ 'top', 'bottom', 'dress' ]
Product Blue Evil Eye Shubh Labh Set - Accessory already processed (component Accessory exists)
Found components for "Blue Flared Pants With Patchwork Corset Top": [ 'top', 'bottom' ]
Product Blue Flared Pants With Patchwork Corset Top already processed (component Top exists)
Found components for "Blue Flower Off White Coord Set": [ 'top', 'bottom', 'dress' ]
Found components for "Blue Spaghetti Sharara Set": [ 'bottom' ]
Found components for "Blue Flower Suit Set": [ 'dress' ]
Found components for "Blue Wave Pocket Co ord Set": [ 'top', 'bottom', 'dress' ]
Found components for "Blue White Doodle - Three Piece Coord Set": [ 'top', 'bottom', 'dress', 'kaftan' ]
Found components for "Blue Gold Jumpsuit Jacket Set": [ 'jacket', 'jumpsuit' ]
Product Blue Gold Jumpsuit Jacket Set already processed (component Jacket exists)
Found components for "Blue Green Farshi Set": [ 'top', 'bottom' ]
Found components for "Blue Wrap Around Coord Set": [ 'top', 'bottom', 'accessory', 'dress', 'wrap' ]
Found components for "Blue Half Kaftan Coord Set": [ 'top', 'bottom', 'kaftan' ]
Found components for "Blue Yellow Four Piece Potli Set": [ 'top', 'bottom', 'dupatta', 'accessory', 'dress' ]
Found components for "Blue Zig Zag Coord Set": [ 'top', 'bottom' ]
Found components for "Blue Kurta Jacket Set": [ 'top', 'bottom', 'jacket', 'dress' ]
Found components for "Blue Kurta Pallazo Set": [ 'top', 'bottom', 'dress' ]
Found components for "Blue Zipper Coord Set": [ 'top', 'bottom', 'kaftan' ]
Found components for "Blue Lotus Coord Set": [ 'top', 'bottom', 'dress', 'kaftan' ]
Found components for "Blush Pink Motif Banarasi Kurta Set": [ 'top', 'bottom', 'dupatta', 'dress' ]
Found components for "Blue Organza Anarkali Kurta Set": [ 'top', 'bottom', 'dupatta', 'dress' ]
Found components for "Blue Pink Embroidery 3 Piece Set- Pant, Jacket, Blouse": [ 'top', 'bottom', 'jacket', 'dress', 'cape' ]
Found components for "Blush Pink Sharara Set": [ 'top', 'bottom', 'dupatta', 'dress' ]
Found components for "Boho Black Coord Set": [ 'top', 'bottom', 'dress' ]
Found components for "Boho Fringe Pink White Set": [ 'top', 'bottom', 'dress' ]
Product Blue Pink Embroidery 3 Piece Set- Pant, Jacket, Blouse already processed (component Jacket exists)
Found components for "Blue Pink Sharara Set": [ 'top', 'bottom', 'dupatta', 'dress' ]
Found components for "Bottle Green Bandhani Jacquard Kurta Set": [ 'top', 'bottom', 'dupatta', 'dress' ]
Found components for "Blue Polka Off Shoulder Coord Set": [ 'top', 'bottom', 'dress', 'kaftan' ]
Found components for "Bottle Green Crepe Coord Set": [ 'top', 'bottom', 'accessory', 'dress' ]
Found components for "Blue Red Suit Set": [ 'top', 'bottom', 'dupatta', 'dress' ]
Found components for "Blue Shell Skirt Sari - Two Piece Set": [ 'top', 'bottom', 'saree' ]
Found components for "Brass Kundan Pooja Thali 7 Pc Set - Accessory": [ 'accessory' ]
Found components for "Brass Laxmi Charan Diya Set (Pair of 2) - Accessory": [ 'accessory' ]
Found components for "Blue Slit Kurta Pant Set": [ 'top', 'bottom', 'dress' ]
Product Brass Laxmi Charan Diya Set (Pair of 2) - Accessory already processed (component Accessory exists)
Found components for "Brown & Orange Four Piece Sharara Set": [ 'top', 'bottom', 'dupatta', 'accessory', 'dress' ]
Found components for "Blue Spaghetti Sharara Set": [ 'bottom' ]
Found components for "Brown Coord Set": [ 'top', 'bottom', 'dress' ]
Found components for "Blue Wave Pocket Co ord Set": [ 'top', 'bottom', 'dress' ]
Found components for "Blue White Doodle - Three Piece Coord Set": [ 'top', 'bottom', 'dress', 'kaftan' ]
Found components for "Brown Cream Kaftan Coord Set": [ 'top', 'bottom', 'kaftan' ]
Found components for "Brown High Low Coord Set": [ 'top', 'bottom' ]
Found components for "Blue Wrap Around Coord Set": [ 'top', 'bottom', 'accessory', 'dress', 'wrap' ]
Found components for "Brown Lehenga Set": [ 'top', 'dupatta', 'lehenga', 'dress' ]
Found components for "Blue Yellow Four Piece Potli Set": [ 'top', 'bottom', 'dupatta', 'accessory', 'dress' ]
Found components for "Blue Zig Zag Coord Set": [ 'top', 'bottom' ]
Found components for "Brownwood Kaftan Set": [ 'bottom', 'dress', 'kaftan' ]
Found components for "Champagne Brown Shell Coord Set": [ 'top', 'bottom' ]
Found components for "Blue Zipper Coord Set": [ 'top', 'bottom', 'kaftan' ]
Found components for "Champagne Pink Abstract Waist Coat Set": [ 'top', 'bottom', 'jacket' ]
Found components for "Blush Pink Motif Banarasi Kurta Set": [ 'top', 'bottom', 'dupatta', 'dress' ]
Found components for "Blush Pink Sharara Set": [ 'top', 'bottom', 'dupatta', 'dress' ]
Found components for "Checks Black Coord Set": [ 'top', 'bottom', 'dress' ]
Found components for "Boho Black Coord Set": [ 'top', 'bottom', 'dress' ]
Found components for "Boho Fringe Pink White Set": [ 'top', 'bottom', 'dress' ]
Found components for "Checks Black Kurta Pant Set": [ 'top', 'bottom' ]
Found components for "Checks Navy Blue Coord Set": [ 'top', 'bottom', 'dress' ]
Found components for "Bottle Green Bandhani Jacquard Kurta Set": [ 'top', 'bottom', 'dupatta', 'dress' ]
Found components for "Bottle Green Crepe Coord Set": [ 'top', 'bottom', 'accessory', 'dress' ]
Found components for "Checks Three Piece Set": [ 'top', 'bottom', 'jacket', 'accessory', 'dress' ]
Found components for "Checks White Drape Kurta Pant Set": [ 'top', 'bottom', 'accessory', 'dress' ]
Found components for "Brass Kundan Pooja Thali 7 Pc Set - Accessory": [ 'accessory' ]
Found components for "Cheetah Coord Set": [ 'top', 'bottom', 'dress' ]
Found components for "Cobalt Blue Coord Set": [ 'top', 'bottom', 'dupatta', 'dress' ]
Product Brass Kundan Pooja Thali 7 Pc Set - Accessory already processed (component Accessory exists)
Found components for "Brass Laxmi Charan Diya Set (Pair of 2) - Accessory": [ 'accessory' ]
Found components for "Colourful Three Piece Set": [ 'top', 'bottom', 'jacket', 'dress' ]
Product Brass Laxmi Charan Diya Set (Pair of 2) - Accessory already processed (component Accessory exists)
Found components for "Brown & Orange Four Piece Sharara Set": [ 'top', 'bottom', 'dupatta', 'accessory', 'dress' ]
Found components for "Cotton Candy Pink Coord Set": [ 'top', 'bottom', 'dress', 'cape' ]
Found components for "Brown Coord Set": [ 'top', 'bottom', 'dress' ]
Found components for "Cream and Red Mirror Work Suit Set": [ 'top', 'bottom' ]
Found components for "Cream Black Cotton Kurta Set": [ 'top', 'bottom', 'dupatta', 'dress' ]
Found components for "Brown Cream Kaftan Coord Set": [ 'top', 'bottom', 'kaftan' ]
Found components for "Cream Floral Linen Jacquard Kurta Set": [ 'top', 'bottom', 'dupatta', 'dress' ]
Found components for "Brown High Low Coord Set": [ 'top', 'bottom' ]
Found components for "Brown Lehenga Set": [ 'top', 'dupatta', 'lehenga', 'dress' ]
Found components for "Crepe Hot Pink Gold Spaghetti Sharara Set": [ 'top', 'bottom', 'dupatta' ]
Found components for "Brownwood Kaftan Set": [ 'bottom', 'dress', 'kaftan' ]
Found components for "Champagne Brown Shell Coord Set": [ 'top', 'bottom' ]
Found components for "Crepe Maroon Kaftan Dhoti Set": [ 'top', 'bottom', 'dress', 'kaftan' ]
Found components for "Champagne Pink Abstract Waist Coat Set": [ 'top', 'bottom', 'jacket' ]
Found components for "Crepe Shell Yellow Pink Kurta Dhoti Set": [ 'top', 'bottom', 'accessory', 'dress' ]
Found components for "Checks Black Coord Set": [ 'top', 'bottom', 'dress' ]
Found components for "Cube Blue Dhoti Skirt Jacket Coord Set": [ 'top', 'bottom', 'jacket' ]
Found components for "Checks Black Kurta Pant Set": [ 'top', 'bottom' ]
Found components for "Cutwork Beige 3 Piece Coord Set": [ 'top', 'bottom', 'jacket', 'dress' ]
Found components for "Cutwork Embroidery Green Kurta Set": [ 'top', 'bottom', 'accessory' ]
Found components for "Cutwork Embroidery Grey Kurta Set": [ 'top', 'bottom', 'accessory' ]
Found components for "Checks Navy Blue Coord Set": [ 'top', 'bottom', 'dress' ]
Found components for "Dark Navy Blue Kaftan Coord Set": [ 'top', 'bottom', 'dress', 'kaftan' ]
Found components for "Checks Three Piece Set": [ 'top', 'bottom', 'jacket', 'accessory', 'dress' ]
Found components for "Dark Red Blazer Skirt Set": [ 'top', 'bottom', 'jacket', 'dress' ]
Found components for "Checks White Drape Kurta Pant Set": [ 'top', 'bottom', 'accessory', 'dress' ]
Found components for "Dark Red Pathani Set": [ 'top', 'bottom' ]
Found components for "Cheetah Coord Set": [ 'top', 'bottom', 'dress' ]
94 set products are unprocessed
Found components for "(@ThatBohoGirl) Lime Green Coord Set - Three Piece Set": [ 'top', 'bottom', 'accessory' ]
Found components for "(@Yasmin Karachiwala) Creamy Charcoal Drape 3 Piece Set": [ 'top', 'bottom', 'dress', 'cape' ]
Found components for "(Divyanka Tripathi) Gold Black Striped Kaftan Set": [ 'top', 'bottom', 'dress', 'kaftan' ]
Found components for "(DivyankaTripathi) Three Piece Off-White Drape Pant Set with Handbag": [ 'top', 'bottom', 'accessory' ]
Found components for "(Kajol) Tie Dye Green Drape Sari Kurta Set": [ 'top', 'bottom', 'dupatta', 'dress', 'saree' ]
Found components for "A line White Suit Set": [ 'top', 'bottom', 'dupatta', 'dress' ]
Found components for "Alia Bhatt (limited edition) Red Blue Coord Set": [ 'jacket', 'accessory', 'dress', 'saree' ]
Found components for "All White Blazer Set": [ 'top', 'bottom', 'jacket' ]
Found components for "Antique Silver Polish Choker Necklace Set": [ 'accessory' ]
Found components for "Bandhini Pathani Set": [ 'top', 'dress' ]
Found components for "Beadwork White Black Suit Set": [ 'top', 'bottom', 'dupatta', 'dress' ]
Found components for "Beige Coord Set with Necklace": [ 'top', 'bottom', 'accessory', 'dress' ]
Found components for "Beige Kaftan Set": [ 'bottom', 'dress', 'kaftan' ]
Found components for "Beige Mirror Work Coord Set": [ 'top', 'bottom' ]
Found components for "Beige Waistcoat Set": [ 'top', 'bottom', 'jacket' ]
Found components for "Black 3 Piece Coord Set - Neckpiece included": [ 'top', 'bottom', 'dress' ]
Found components for "Black and Yellow Coord Set": [ 'top', 'bottom' ]
Found components for "Black Banarasi Suit Set": [ 'top', 'bottom', 'dupatta', 'dress' ]
Found components for "Black Brown Pathani Set": [ 'top' ]
Found components for "Black Coord Set With Hanging Tassels": [ 'top', 'bottom', 'kaftan' ]
Found components for "Black Floral Dhoti Set": [ 'top', 'bottom', 'dress' ]
Found components for "Black Grey Off Shoulder Coord Set": [ 'top', 'bottom', 'dress' ]
Found components for "Black Motif Banarasi Kurta Set": [ 'top', 'bottom', 'dupatta', 'dress' ]
Found components for "Black Pakistani Suit Set": [ 'top', 'bottom', 'dupatta', 'dress' ]
Found components for "Black Pathani Dhoti Banjara Potli Set": [ 'top', 'bottom', 'accessory' ]
Found components for "Black Pathani Set - Best Pathani Suit for Women": [ 'top', 'bottom' ]
Found components for "Black Peach Waist Coat Set": [ 'top', 'bottom', 'jacket' ]
Found components for "Black Sharara Set": [ 'top', 'bottom', 'dupatta' ]
Found components for "Black Shell Skirt Sari - Two Piece Set": [ 'top', 'bottom', 'saree' ]
Found components for "Black Spaghetti Dhoti Set": [ 'top', 'bottom', 'dupatta' ]
Found components for "Black White Embroidery Coord Set - Two Piece": [ 'top', 'bottom', 'accessory', 'dress' ]
Found components for "Black White Spaghetti Sharara Set": [ 'top', 'bottom', 'dupatta', 'dress' ]
Found components for "Black White Zipper Coord Set": [ 'top', 'bottom', 'kaftan' ]
Found components for "Blue Abstract Waist Coat Set": [ 'top', 'bottom', 'jacket' ]
Found components for "Blue Bandhani Banarasi  Kurta Set": [ 'top', 'bottom', 'dupatta', 'dress' ]
Found components for "Blue Blazer Set": [ 'bottom', 'jacket' ]
Found components for "Blue Bralette Kurta Set": [ 'top', 'bottom' ]
Found components for "Blue Card Print Coord Set with Handbag": [ 'top', 'bottom', 'accessory' ]
Found components for "Blue Flower Off White Coord Set": [ 'top', 'bottom', 'dress' ]
Found components for "Blue Flower Suit Set": [ 'dress' ]
Found components for "Blue Green Farshi Set": [ 'top', 'bottom' ]
Found components for "Blue Half Kaftan Coord Set": [ 'top', 'bottom', 'kaftan' ]
Found components for "Blue Kurta Pallazo Set": [ 'top', 'bottom', 'dress' ]
Found components for "Blue Lotus Coord Set": [ 'top', 'bottom', 'dress', 'kaftan' ]
Found components for "Blue Organza Anarkali Kurta Set": [ 'top', 'bottom', 'dupatta', 'dress' ]
Found components for "Blue Pink Sharara Set": [ 'top', 'bottom', 'dupatta', 'dress' ]
Found components for "Blue Polka Off Shoulder Coord Set": [ 'top', 'bottom', 'dress', 'kaftan' ]
Found components for "Blue Red Suit Set": [ 'top', 'bottom', 'dupatta', 'dress' ]
Found components for "Blue Shell Skirt Sari - Two Piece Set": [ 'top', 'bottom', 'saree' ]
Found components for "Blue Slit Kurta Pant Set": [ 'top', 'bottom', 'dress' ]
Found components for "Blue Spaghetti Sharara Set": [ 'bottom' ]
Found components for "Blue Wave Pocket Co ord Set": [ 'top', 'bottom', 'dress' ]
Found components for "Blue White Doodle - Three Piece Coord Set": [ 'top', 'bottom', 'dress', 'kaftan' ]
Found components for "Blue Wrap Around Coord Set": [ 'top', 'bottom', 'accessory', 'dress', 'wrap' ]
Found components for "Blue Yellow Four Piece Potli Set": [ 'top', 'bottom', 'dupatta', 'accessory', 'dress' ]
Found components for "Blue Zig Zag Coord Set": [ 'top', 'bottom' ]
Found components for "Blue Zipper Coord Set": [ 'top', 'bottom', 'kaftan' ]
Found components for "Blush Pink Motif Banarasi Kurta Set": [ 'top', 'bottom', 'dupatta', 'dress' ]
Found components for "Blush Pink Sharara Set": [ 'top', 'bottom', 'dupatta', 'dress' ]
Found components for "Boho Black Coord Set": [ 'top', 'bottom', 'dress' ]
Found components for "Boho Fringe Pink White Set": [ 'top', 'bottom', 'dress' ]
Found components for "Bottle Green Bandhani Jacquard Kurta Set": [ 'top', 'bottom', 'dupatta', 'dress' ]
Found components for "Bottle Green Crepe Coord Set": [ 'top', 'bottom', 'accessory', 'dress' ]
Found components for "Brass Kundan Pooja Thali 7 Pc Set - Accessory": [ 'accessory' ]
Found components for "Brown & Orange Four Piece Sharara Set": [ 'top', 'bottom', 'dupatta', 'accessory', 'dress' ]
Found components for "Brown Coord Set": [ 'top', 'bottom', 'dress' ]
Found components for "Brown Cream Kaftan Coord Set": [ 'top', 'bottom', 'kaftan' ]
Found components for "Brown High Low Coord Set": [ 'top', 'bottom' ]
Found components for "Brown Lehenga Set": [ 'top', 'dupatta', 'lehenga', 'dress' ]
Found components for "Brownwood Kaftan Set": [ 'bottom', 'dress', 'kaftan' ]
Found components for "Champagne Brown Shell Coord Set": [ 'top', 'bottom' ]
Found components for "Champagne Pink Abstract Waist Coat Set": [ 'top', 'bottom', 'jacket' ]
Found components for "Checks Black Coord Set": [ 'top', 'bottom', 'dress' ]
Found components for "Checks Black Kurta Pant Set": [ 'top', 'bottom' ]
Found components for "Checks Navy Blue Coord Set": [ 'top', 'bottom', 'dress' ]
Found components for "Checks Three Piece Set": [ 'top', 'bottom', 'jacket', 'accessory', 'dress' ]
Found components for "Checks White Drape Kurta Pant Set": [ 'top', 'bottom', 'accessory', 'dress' ]
Found components for "Cheetah Coord Set": [ 'top', 'bottom', 'dress' ]
Found components for "Cobalt Blue Coord Set": [ 'top', 'bottom', 'dupatta', 'dress' ]
Found components for "Colourful Three Piece Set": [ 'top', 'bottom', 'jacket', 'dress' ]
Found components for "Cotton Candy Pink Coord Set": [ 'top', 'bottom', 'dress', 'cape' ]
Found components for "Cream and Red Mirror Work Suit Set": [ 'top', 'bottom' ]
Found components for "Cream Black Cotton Kurta Set": [ 'top', 'bottom', 'dupatta', 'dress' ]
Found components for "Cream Floral Linen Jacquard Kurta Set": [ 'top', 'bottom', 'dupatta', 'dress' ]
Found components for "Crepe Hot Pink Gold Spaghetti Sharara Set": [ 'top', 'bottom', 'dupatta' ]
Found components for "Crepe Maroon Kaftan Dhoti Set": [ 'top', 'bottom', 'dress', 'kaftan' ]
Found components for "Crepe Shell Yellow Pink Kurta Dhoti Set": [ 'top', 'bottom', 'accessory', 'dress' ]
Found components for "Cube Blue Dhoti Skirt Jacket Coord Set": [ 'top', 'bottom', 'jacket' ]
Found components for "Cutwork Beige 3 Piece Coord Set": [ 'top', 'bottom', 'jacket', 'dress' ]
Found components for "Cutwork Embroidery Green Kurta Set": [ 'top', 'bottom', 'accessory' ]
Found components for "Cutwork Embroidery Grey Kurta Set": [ 'top', 'bottom', 'accessory' ]
Found components for "Dark Navy Blue Kaftan Coord Set": [ 'top', 'bottom', 'dress', 'kaftan' ]
Found components for "Dark Red Blazer Skirt Set": [ 'top', 'bottom', 'jacket', 'dress' ]
Found components for "Dark Red Pathani Set": [ 'top', 'bottom' ]
Found components for "Cobalt Blue Coord Set": [ 'top', 'bottom', 'dupatta', 'dress' ]
Found components for "Colourful Three Piece Set": [ 'top', 'bottom', 'jacket', 'dress' ]
Found components for "Cotton Candy Pink Coord Set": [ 'top', 'bottom', 'dress', 'cape' ]
Found components for "Cream and Red Mirror Work Suit Set": [ 'top', 'bottom' ]
Found components for "Cream Black Cotton Kurta Set": [ 'top', 'bottom', 'dupatta', 'dress' ]
Found components for "Cream Floral Linen Jacquard Kurta Set": [ 'top', 'bottom', 'dupatta', 'dress' ]
Found components for "Crepe Hot Pink Gold Spaghetti Sharara Set": [ 'top', 'bottom', 'dupatta' ]
Found components for "Crepe Maroon Kaftan Dhoti Set": [ 'top', 'bottom', 'dress', 'kaftan' ]
Found components for "Crepe Shell Yellow Pink Kurta Dhoti Set": [ 'top', 'bottom', 'accessory', 'dress' ]
Found components for "Cube Blue Dhoti Skirt Jacket Coord Set": [ 'top', 'bottom', 'jacket' ]
Found components for "Cutwork Beige 3 Piece Coord Set": [ 'top', 'bottom', 'jacket', 'dress' ]
Found components for "Cutwork Embroidery Green Kurta Set": [ 'top', 'bottom', 'accessory' ]
Found components for "Cutwork Embroidery Grey Kurta Set": [ 'top', 'bottom', 'accessory' ]
Found components for "Dark Navy Blue Kaftan Coord Set": [ 'top', 'bottom', 'dress', 'kaftan' ]
Found components for "Dark Red Blazer Skirt Set": [ 'top', 'bottom', 'jacket', 'dress' ]
Found components for "Dark Red Pathani Set": [ 'top', 'bottom' ]
94 set products are unprocessed
Found components for "(@ThatBohoGirl) Lime Green Coord Set - Three Piece Set": [ 'top', 'bottom', 'accessory' ]
Found components for "(@Yasmin Karachiwala) Creamy Charcoal Drape 3 Piece Set": [ 'top', 'bottom', 'dress', 'cape' ]
Found components for "(Divyanka Tripathi) Gold Black Striped Kaftan Set": [ 'top', 'bottom', 'dress', 'kaftan' ]
Found components for "(DivyankaTripathi) Three Piece Off-White Drape Pant Set with Handbag": [ 'top', 'bottom', 'accessory' ]
Found components for "(Kajol) Tie Dye Green Drape Sari Kurta Set": [ 'top', 'bottom', 'dupatta', 'dress', 'saree' ]
Found components for "A line White Suit Set": [ 'top', 'bottom', 'dupatta', 'dress' ]
Found components for "Alia Bhatt (limited edition) Red Blue Coord Set": [ 'jacket', 'accessory', 'dress', 'saree' ]
Found components for "All White Blazer Set": [ 'top', 'bottom', 'jacket' ]
Found components for "Antique Silver Polish Choker Necklace Set": [ 'accessory' ]
Found components for "Bandhini Pathani Set": [ 'top', 'dress' ]
Found components for "Beadwork White Black Suit Set": [ 'top', 'bottom', 'dupatta', 'dress' ]
Found components for "Beige Coord Set with Necklace": [ 'top', 'bottom', 'accessory', 'dress' ]
Found components for "Beige Kaftan Set": [ 'bottom', 'dress', 'kaftan' ]
Found components for "Beige Mirror Work Coord Set": [ 'top', 'bottom' ]
Found components for "Beige Waistcoat Set": [ 'top', 'bottom', 'jacket' ]
Found components for "Black 3 Piece Coord Set - Neckpiece included": [ 'top', 'bottom', 'dress' ]
Found components for "Black and Yellow Coord Set": [ 'top', 'bottom' ]
Found components for "Black Banarasi Suit Set": [ 'top', 'bottom', 'dupatta', 'dress' ]
Found components for "Black Brown Pathani Set": [ 'top' ]
Found components for "Black Coord Set With Hanging Tassels": [ 'top', 'bottom', 'kaftan' ]
Found components for "Black Floral Dhoti Set": [ 'top', 'bottom', 'dress' ]
Found components for "Black Grey Off Shoulder Coord Set": [ 'top', 'bottom', 'dress' ]
Found components for "Black Motif Banarasi Kurta Set": [ 'top', 'bottom', 'dupatta', 'dress' ]
Found components for "Black Pakistani Suit Set": [ 'top', 'bottom', 'dupatta', 'dress' ]
Found components for "Black Pathani Dhoti Banjara Potli Set": [ 'top', 'bottom', 'accessory' ]
Found components for "Black Pathani Set - Best Pathani Suit for Women": [ 'top', 'bottom' ]
Found components for "Black Peach Waist Coat Set": [ 'top', 'bottom', 'jacket' ]
Found components for "Black Sharara Set": [ 'top', 'bottom', 'dupatta' ]
Found components for "Black Shell Skirt Sari - Two Piece Set": [ 'top', 'bottom', 'saree' ]
Found components for "Black Spaghetti Dhoti Set": [ 'top', 'bottom', 'dupatta' ]
Found components for "Black White Embroidery Coord Set - Two Piece": [ 'top', 'bottom', 'accessory', 'dress' ]
Found components for "Black White Spaghetti Sharara Set": [ 'top', 'bottom', 'dupatta', 'dress' ]
Found components for "Black White Zipper Coord Set": [ 'top', 'bottom', 'kaftan' ]
Found components for "Blue Abstract Waist Coat Set": [ 'top', 'bottom', 'jacket' ]
Found components for "Blue Bandhani Banarasi  Kurta Set": [ 'top', 'bottom', 'dupatta', 'dress' ]
Found components for "Blue Blazer Set": [ 'bottom', 'jacket' ]
Found components for "Blue Bralette Kurta Set": [ 'top', 'bottom' ]
Found components for "Blue Card Print Coord Set with Handbag": [ 'top', 'bottom', 'accessory' ]
Found components for "Blue Flower Off White Coord Set": [ 'top', 'bottom', 'dress' ]
Found components for "Blue Flower Suit Set": [ 'dress' ]
Found components for "Blue Green Farshi Set": [ 'top', 'bottom' ]
Found components for "Blue Half Kaftan Coord Set": [ 'top', 'bottom', 'kaftan' ]
Found components for "Blue Kurta Jacket Set": [ 'top', 'bottom', 'jacket', 'dress' ]
Found components for "Blue Kurta Pallazo Set": [ 'top', 'bottom', 'dress' ]
Found components for "Blue Lotus Coord Set": [ 'top', 'bottom', 'dress', 'kaftan' ]
Found components for "Blue Organza Anarkali Kurta Set": [ 'top', 'bottom', 'dupatta', 'dress' ]
Found components for "Blue Pink Sharara Set": [ 'top', 'bottom', 'dupatta', 'dress' ]
Found components for "Blue Polka Off Shoulder Coord Set": [ 'top', 'bottom', 'dress', 'kaftan' ]
Found components for "Blue Red Suit Set": [ 'top', 'bottom', 'dupatta', 'dress' ]
Found components for "Blue Shell Skirt Sari - Two Piece Set": [ 'top', 'bottom', 'saree' ]
Found components for "Blue Slit Kurta Pant Set": [ 'top', 'bottom', 'dress' ]
Found components for "Blue Spaghetti Sharara Set": [ 'bottom' ]
Found components for "Blue Wave Pocket Co ord Set": [ 'top', 'bottom', 'dress' ]
Found components for "Blue White Doodle - Three Piece Coord Set": [ 'top', 'bottom', 'dress', 'kaftan' ]
Found components for "Blue Wrap Around Coord Set": [ 'top', 'bottom', 'accessory', 'dress', 'wrap' ]
Found components for "Blue Yellow Four Piece Potli Set": [ 'top', 'bottom', 'dupatta', 'accessory', 'dress' ]
Found components for "Blue Zig Zag Coord Set": [ 'top', 'bottom' ]
Found components for "Blue Zipper Coord Set": [ 'top', 'bottom', 'kaftan' ]
Found components for "Blush Pink Motif Banarasi Kurta Set": [ 'top', 'bottom', 'dupatta', 'dress' ]
Found components for "Blush Pink Sharara Set": [ 'top', 'bottom', 'dupatta', 'dress' ]
Found components for "Boho Black Coord Set": [ 'top', 'bottom', 'dress' ]
Found components for "Boho Fringe Pink White Set": [ 'top', 'bottom', 'dress' ]
Found components for "Bottle Green Bandhani Jacquard Kurta Set": [ 'top', 'bottom', 'dupatta', 'dress' ]
Found components for "Bottle Green Crepe Coord Set": [ 'top', 'bottom', 'accessory', 'dress' ]
Found components for "Brown & Orange Four Piece Sharara Set": [ 'top', 'bottom', 'dupatta', 'accessory', 'dress' ]
Found components for "Brown Coord Set": [ 'top', 'bottom', 'dress' ]
Found components for "Brown Cream Kaftan Coord Set": [ 'top', 'bottom', 'kaftan' ]
Found components for "Brown High Low Coord Set": [ 'top', 'bottom' ]
Found components for "Brown Lehenga Set": [ 'top', 'dupatta', 'lehenga', 'dress' ]
Found components for "Brownwood Kaftan Set": [ 'bottom', 'dress', 'kaftan' ]
Found components for "Champagne Brown Shell Coord Set": [ 'top', 'bottom' ]
Found components for "Champagne Pink Abstract Waist Coat Set": [ 'top', 'bottom', 'jacket' ]
Found components for "Checks Black Coord Set": [ 'top', 'bottom', 'dress' ]
Found components for "Checks Black Kurta Pant Set": [ 'top', 'bottom' ]
Found components for "Checks Navy Blue Coord Set": [ 'top', 'bottom', 'dress' ]
Found components for "Checks Three Piece Set": [ 'top', 'bottom', 'jacket', 'accessory', 'dress' ]
Found components for "Checks White Drape Kurta Pant Set": [ 'top', 'bottom', 'accessory', 'dress' ]
Found components for "Cheetah Coord Set": [ 'top', 'bottom', 'dress' ]
Found components for "Cobalt Blue Coord Set": [ 'top', 'bottom', 'dupatta', 'dress' ]
Found components for "Colourful Three Piece Set": [ 'top', 'bottom', 'jacket', 'dress' ]
Found components for "Cotton Candy Pink Coord Set": [ 'top', 'bottom', 'dress', 'cape' ]
Found components for "Cream and Red Mirror Work Suit Set": [ 'top', 'bottom' ]
Found components for "Cream Black Cotton Kurta Set": [ 'top', 'bottom', 'dupatta', 'dress' ]
Found components for "Cream Floral Linen Jacquard Kurta Set": [ 'top', 'bottom', 'dupatta', 'dress' ]
Found components for "Crepe Hot Pink Gold Spaghetti Sharara Set": [ 'top', 'bottom', 'dupatta' ]
Found components for "Crepe Maroon Kaftan Dhoti Set": [ 'top', 'bottom', 'dress', 'kaftan' ]
Found components for "Crepe Shell Yellow Pink Kurta Dhoti Set": [ 'top', 'bottom', 'accessory', 'dress' ]
Found components for "Cube Blue Dhoti Skirt Jacket Coord Set": [ 'top', 'bottom', 'jacket' ]
Found components for "Cutwork Beige 3 Piece Coord Set": [ 'top', 'bottom', 'jacket', 'dress' ]
Found components for "Cutwork Embroidery Green Kurta Set": [ 'top', 'bottom', 'accessory' ]
Found components for "Cutwork Embroidery Grey Kurta Set": [ 'top', 'bottom', 'accessory' ]
Found components for "Dark Navy Blue Kaftan Coord Set": [ 'top', 'bottom', 'dress', 'kaftan' ]
Found components for "Dark Red Blazer Skirt Set": [ 'top', 'bottom', 'jacket', 'dress' ]
Found components for "Dark Red Pathani Set": [ 'top', 'bottom' ]
Finding all set products...
Fetching all products from Shopify...
Found 250 total products, filtering for sets...
Found 110 set products, checking processed status...
Found components for "(@CurlyTales) White Chikan Set": [ 'top', 'bottom', 'accessory', 'dress' ]
Product (@CurlyTales) White Chikan Set already processed (component Top exists)
Found components for "(@Debina Bonnerjee) Stripe Technicolour Coord Set": [ 'top', 'bottom', 'accessory', 'dress' ]
Product (@Debina Bonnerjee) Stripe Technicolour Coord Set already processed (component Top exists)
Found components for "(@Masoom Minawala) Black Co ord Set - Geometric 3 Piece Set": [ 'top', 'bottom', 'jacket', 'accessory', 'dress' ]
Product (@Masoom Minawala) Black Co ord Set - Geometric 3 Piece Set already processed (component Top exists)
Found components for "(@ThatBohoGirl) Lime Green Coord Set - Three Piece Set": [ 'top', 'bottom', 'accessory' ]
Found components for "(@Yasmin Karachiwala) Creamy Charcoal Drape 3 Piece Set": [ 'top', 'bottom', 'dress', 'cape' ]
Found components for "(Divyanka Tripathi) Gold Black Striped Kaftan Set": [ 'top', 'bottom', 'dress', 'kaftan' ]
Found components for "(DivyankaTripathi) Three Piece Off-White Drape Pant Set with Handbag": [ 'top', 'bottom', 'accessory' ]
Found components for "(Kajol) Tie Dye Green Drape Sari Kurta Set": [ 'top', 'bottom', 'dupatta', 'dress', 'saree' ]
Testing Shopify connection...
Store: labeldc-estore.myshopify.com
Token: shpat_830b...
Found components for "A line White Suit Set": [ 'top', 'bottom', 'dupatta', 'dress' ]
Found components for "Alia Bhatt (limited edition) Red Blue Coord Set": [ 'jacket', 'accessory', 'dress', 'saree' ]
Testing Shopify connection...
Store: labeldc-estore.myshopify.com
Token: shpat_830b...
Found components for "All White Blazer Set": [ 'top', 'bottom', 'jacket' ]
Finding all set products...
Fetching all products from Shopify...
Found components for "Antique Silver Polish Choker Necklace Set": [ 'accessory' ]
Found components for "Bandhini Pathani Set": [ 'top', 'dress' ]
Found 250 total products, filtering for sets...
Found 110 set products, checking processed status...
Found components for "(@CurlyTales) White Chikan Set": [ 'top', 'bottom', 'accessory', 'dress' ]
Found components for "Beadwork White Black Suit Set": [ 'top', 'bottom', 'dupatta', 'dress' ]
Found components for "Beige Coord Set with Necklace": [ 'top', 'bottom', 'accessory', 'dress' ]
Product (@CurlyTales) White Chikan Set already processed (component Top exists)
Found components for "(@Debina Bonnerjee) Stripe Technicolour Coord Set": [ 'top', 'bottom', 'accessory', 'dress' ]
Product (@Debina Bonnerjee) Stripe Technicolour Coord Set already processed (component Top exists)
Found components for "(@Masoom Minawala) Black Co ord Set - Geometric 3 Piece Set": [ 'top', 'bottom', 'jacket', 'accessory', 'dress' ]
Found components for "Beige Kaftan Set": [ 'bottom', 'dress', 'kaftan' ]
Product (@Masoom Minawala) Black Co ord Set - Geometric 3 Piece Set already processed (component Top exists)
Found components for "(@ThatBohoGirl) Lime Green Coord Set - Three Piece Set": [ 'top', 'bottom', 'accessory' ]
Found components for "Beige Maroon Shirt Lehenga Set": [ 'top', 'lehenga', 'dress' ]
Product Beige Maroon Shirt Lehenga Set already processed (component Lehenga exists)
Found components for "Beige Mirror Work Coord Set": [ 'top', 'bottom' ]
Found components for "(@Yasmin Karachiwala) Creamy Charcoal Drape 3 Piece Set": [ 'top', 'bottom', 'dress', 'cape' ]
Found components for "(Divyanka Tripathi) Gold Black Striped Kaftan Set": [ 'top', 'bottom', 'dress', 'kaftan' ]
Found components for "Beige Waistcoat Set": [ 'top', 'bottom', 'jacket' ]
Found components for "(DivyankaTripathi) Three Piece Off-White Drape Pant Set with Handbag": [ 'top', 'bottom', 'accessory' ]
Found components for "Black 3 Piece Coord Set - Neckpiece included": [ 'top', 'bottom', 'dress' ]
Found components for "(Kajol) Tie Dye Green Drape Sari Kurta Set": [ 'top', 'bottom', 'dupatta', 'dress', 'saree' ]
Finding all set products...
Fetching all products from Shopify...
Found components for "Black And Red Coord Set": [ 'jacket', 'dress' ]
Found 250 total products, filtering for sets...
Found 110 set products, checking processed status...
Found components for "(@CurlyTales) White Chikan Set": [ 'top', 'bottom', 'accessory', 'dress' ]
Product Black And Red Coord Set already processed (component Jacket exists)
Found components for "Black and Red Kaftan Dhoti Set": [ 'bottom', 'kaftan' ]
Found components for "A line White Suit Set": [ 'top', 'bottom', 'dupatta', 'dress' ]
Product (@CurlyTales) White Chikan Set already processed (component Top exists)
Found components for "(@Debina Bonnerjee) Stripe Technicolour Coord Set": [ 'top', 'bottom', 'accessory', 'dress' ]
Product Black and Red Kaftan Dhoti Set already processed (component Kaftan exists)
Found components for "Black and Red Three Piece Dhoti Set": [ 'top', 'bottom', 'jacket' ]
Product Black and Red Three Piece Dhoti Set already processed (component Jacket exists)
Found components for "Black and White Elephant Four Piece Set": [ 'top', 'bottom', 'jacket', 'dupatta', 'accessory' ]
Product (@Debina Bonnerjee) Stripe Technicolour Coord Set already processed (component Top exists)
Found components for "(@Masoom Minawala) Black Co ord Set - Geometric 3 Piece Set": [ 'top', 'bottom', 'jacket', 'accessory', 'dress' ]
Found components for "Alia Bhatt (limited edition) Red Blue Coord Set": [ 'jacket', 'accessory', 'dress', 'saree' ]
Product Black and White Elephant Four Piece Set already processed (component Jacket exists)
Found components for "Black and Yellow Coord Set": [ 'top', 'bottom' ]
Product (@Masoom Minawala) Black Co ord Set - Geometric 3 Piece Set already processed (component Top exists)
Found components for "(@ThatBohoGirl) Lime Green Coord Set - Three Piece Set": [ 'top', 'bottom', 'accessory' ]
Found components for "All White Blazer Set": [ 'top', 'bottom', 'jacket' ]
Found components for "Antique Silver Polish Choker Necklace Set": [ 'accessory' ]
Found components for "(@Yasmin Karachiwala) Creamy Charcoal Drape 3 Piece Set": [ 'top', 'bottom', 'dress', 'cape' ]
Found components for "Black Banarasi Suit Set": [ 'top', 'bottom', 'dupatta', 'dress' ]
Found components for "(Divyanka Tripathi) Gold Black Striped Kaftan Set": [ 'top', 'bottom', 'dress', 'kaftan' ]
Found components for "Bandhini Pathani Set": [ 'top', 'dress' ]
Found components for "Black Brown Pathani Set": [ 'top' ]
Found components for "(DivyankaTripathi) Three Piece Off-White Drape Pant Set with Handbag": [ 'top', 'bottom', 'accessory' ]
Found components for "Beadwork White Black Suit Set": [ 'top', 'bottom', 'dupatta', 'dress' ]
Found components for "Black Coord Set With Hanging Tassels": [ 'top', 'bottom', 'kaftan' ]
Found components for "Black Floral Dhoti Set": [ 'top', 'bottom', 'dress' ]
Found components for "(Kajol) Tie Dye Green Drape Sari Kurta Set": [ 'top', 'bottom', 'dupatta', 'dress', 'saree' ]
Found components for "Beige Coord Set with Necklace": [ 'top', 'bottom', 'accessory', 'dress' ]
Found components for "Black Grey Off Shoulder Coord Set": [ 'top', 'bottom', 'dress' ]
Found components for "A line White Suit Set": [ 'top', 'bottom', 'dupatta', 'dress' ]
Found components for "Beige Kaftan Set": [ 'bottom', 'dress', 'kaftan' ]
Found components for "Black Motif Banarasi Kurta Set": [ 'top', 'bottom', 'dupatta', 'dress' ]
Found components for "Black Pakistani Suit Set": [ 'top', 'bottom', 'dupatta', 'dress' ]
Found components for "Alia Bhatt (limited edition) Red Blue Coord Set": [ 'jacket', 'accessory', 'dress', 'saree' ]
Found components for "Beige Maroon Shirt Lehenga Set": [ 'top', 'lehenga', 'dress' ]
Found components for "Black Pathani Dhoti Banjara Potli Set": [ 'top', 'bottom', 'accessory' ]
Found components for "All White Blazer Set": [ 'top', 'bottom', 'jacket' ]
Product Beige Maroon Shirt Lehenga Set already processed (component Lehenga exists)
Found components for "Beige Mirror Work Coord Set": [ 'top', 'bottom' ]
Found components for "Beige Waistcoat Set": [ 'top', 'bottom', 'jacket' ]
Found components for "Black Pathani Set - Best Pathani Suit for Women": [ 'top', 'bottom' ]
Found components for "Antique Silver Polish Choker Necklace Set": [ 'accessory' ]
Found components for "Black 3 Piece Coord Set - Neckpiece included": [ 'top', 'bottom', 'dress' ]
Found components for "Bandhini Pathani Set": [ 'top', 'dress' ]
Found components for "Black Peach Waist Coat Set": [ 'top', 'bottom', 'jacket' ]
Found components for "Black And Red Coord Set": [ 'jacket', 'dress' ]
Found components for "Beadwork White Black Suit Set": [ 'top', 'bottom', 'dupatta', 'dress' ]
Found components for "Black Sharara Set": [ 'top', 'bottom', 'dupatta' ]
Product Black And Red Coord Set already processed (component Jacket exists)
Found components for "Black and Red Kaftan Dhoti Set": [ 'bottom', 'kaftan' ]
Found components for "Black Shell Skirt Sari - Two Piece Set": [ 'top', 'bottom', 'saree' ]
Found components for "Beige Coord Set with Necklace": [ 'top', 'bottom', 'accessory', 'dress' ]
Finding all set products...
Fetching all products from Shopify...
Product Black and Red Kaftan Dhoti Set already processed (component Kaftan exists)
Found components for "Black and Red Three Piece Dhoti Set": [ 'top', 'bottom', 'jacket' ]
Found components for "Beige Kaftan Set": [ 'bottom', 'dress', 'kaftan' ]
Found components for "Black Slit Dress And Jacket Set": [ 'jacket', 'dress' ]
Found 250 total products, filtering for sets...
Found 110 set products, checking processed status...
Found components for "(@CurlyTales) White Chikan Set": [ 'top', 'bottom', 'accessory', 'dress' ]
Found components for "Beige Maroon Shirt Lehenga Set": [ 'top', 'lehenga', 'dress' ]
Product Black and Red Three Piece Dhoti Set already processed (component Jacket exists)
Found components for "Black and White Elephant Four Piece Set": [ 'top', 'bottom', 'jacket', 'dupatta', 'accessory' ]
Product Black Slit Dress And Jacket Set already processed (component Jacket exists)
Found components for "Black Spaghetti Dhoti Set": [ 'top', 'bottom', 'dupatta' ]
Product Black and White Elephant Four Piece Set already processed (component Jacket exists)
Found components for "Black and Yellow Coord Set": [ 'top', 'bottom' ]
Product Beige Maroon Shirt Lehenga Set already processed (component Lehenga exists)
Found components for "Beige Mirror Work Coord Set": [ 'top', 'bottom' ]
Found components for "Black White Embroidery Coord Set - Two Piece": [ 'top', 'bottom', 'accessory', 'dress' ]
Product (@CurlyTales) White Chikan Set already processed (component Top exists)
Found components for "(@Debina Bonnerjee) Stripe Technicolour Coord Set": [ 'top', 'bottom', 'accessory', 'dress' ]
Found components for "Black Banarasi Suit Set": [ 'top', 'bottom', 'dupatta', 'dress' ]
Product (@Debina Bonnerjee) Stripe Technicolour Coord Set already processed (component Top exists)
Found components for "(@Masoom Minawala) Black Co ord Set - Geometric 3 Piece Set": [ 'top', 'bottom', 'jacket', 'accessory', 'dress' ]
Found components for "Beige Waistcoat Set": [ 'top', 'bottom', 'jacket' ]
Product (@Masoom Minawala) Black Co ord Set - Geometric 3 Piece Set already processed (component Top exists)
Found components for "(@ThatBohoGirl) Lime Green Coord Set - Three Piece Set": [ 'top', 'bottom', 'accessory' ]
Found components for "Black White Half Jumpsuit Jacket Set": [ 'jacket', 'accessory', 'dress', 'jumpsuit' ]
Found components for "Black 3 Piece Coord Set - Neckpiece included": [ 'top', 'bottom', 'dress' ]
Found components for "Black Brown Pathani Set": [ 'top' ]
Product Black White Half Jumpsuit Jacket Set already processed (component Jacket exists)
Found components for "Black White Spaghetti Sharara Set": [ 'top', 'bottom', 'dupatta', 'dress' ]
Found components for "Black And Red Coord Set": [ 'jacket', 'dress' ]
Found components for "(@Yasmin Karachiwala) Creamy Charcoal Drape 3 Piece Set": [ 'top', 'bottom', 'dress', 'cape' ]
Found components for "Black Coord Set With Hanging Tassels": [ 'top', 'bottom', 'kaftan' ]
Found components for "Black White Zipper Coord Set": [ 'top', 'bottom', 'kaftan' ]
Found components for "(Divyanka Tripathi) Gold Black Striped Kaftan Set": [ 'top', 'bottom', 'dress', 'kaftan' ]
Found components for "Black Floral Dhoti Set": [ 'top', 'bottom', 'dress' ]
Found components for "Blue Abstract Waist Coat Set": [ 'top', 'bottom', 'jacket' ]
Product Black And Red Coord Set already processed (component Jacket exists)
Found components for "Black and Red Kaftan Dhoti Set": [ 'bottom', 'kaftan' ]
Found components for "(DivyankaTripathi) Three Piece Off-White Drape Pant Set with Handbag": [ 'top', 'bottom', 'accessory' ]
Found components for "Black Grey Off Shoulder Coord Set": [ 'top', 'bottom', 'dress' ]
Found components for "Blue Bandhani Banarasi  Kurta Set": [ 'top', 'bottom', 'dupatta', 'dress' ]
Product Black and Red Kaftan Dhoti Set already processed (component Kaftan exists)
Found components for "Black and Red Three Piece Dhoti Set": [ 'top', 'bottom', 'jacket' ]
Found components for "Black Motif Banarasi Kurta Set": [ 'top', 'bottom', 'dupatta', 'dress' ]
Found components for "(Kajol) Tie Dye Green Drape Sari Kurta Set": [ 'top', 'bottom', 'dupatta', 'dress', 'saree' ]
Found components for "Blue Blazer Set": [ 'bottom', 'jacket' ]
Product Black and Red Three Piece Dhoti Set already processed (component Jacket exists)
Found components for "Black and White Elephant Four Piece Set": [ 'top', 'bottom', 'jacket', 'dupatta', 'accessory' ]
Finding all set products...
Fetching all products from Shopify...
Found components for "Black Pakistani Suit Set": [ 'top', 'bottom', 'dupatta', 'dress' ]
Product Black and White Elephant Four Piece Set already processed (component Jacket exists)
Found components for "Black and Yellow Coord Set": [ 'top', 'bottom' ]
Found components for "A line White Suit Set": [ 'top', 'bottom', 'dupatta', 'dress' ]
Found components for "Blue Bralette Kurta Set": [ 'top', 'bottom' ]
Found 250 total products, filtering for sets...
Found 110 set products, checking processed status...
Found components for "(@CurlyTales) White Chikan Set": [ 'top', 'bottom', 'accessory', 'dress' ]
Found components for "Black Banarasi Suit Set": [ 'top', 'bottom', 'dupatta', 'dress' ]
Product (@CurlyTales) White Chikan Set already processed (component Top exists)
Found components for "(@Debina Bonnerjee) Stripe Technicolour Coord Set": [ 'top', 'bottom', 'accessory', 'dress' ]
Found components for "Black Pathani Dhoti Banjara Potli Set": [ 'top', 'bottom', 'accessory' ]
Found components for "Blue Card Print Coord Set with Handbag": [ 'top', 'bottom', 'accessory' ]
Found components for "Black Brown Pathani Set": [ 'top' ]
Product (@Debina Bonnerjee) Stripe Technicolour Coord Set already processed (component Top exists)
Found components for "(@Masoom Minawala) Black Co ord Set - Geometric 3 Piece Set": [ 'top', 'bottom', 'jacket', 'accessory', 'dress' ]
Found components for "Alia Bhatt (limited edition) Red Blue Coord Set": [ 'jacket', 'accessory', 'dress', 'saree' ]
Found components for "Black Pathani Set - Best Pathani Suit for Women": [ 'top', 'bottom' ]
Found components for "Blue Evil Eye Shubh Labh Set - Accessory": [ 'accessory' ]
Found components for "Black Coord Set With Hanging Tassels": [ 'top', 'bottom', 'kaftan' ]
Found components for "Black Peach Waist Coat Set": [ 'top', 'bottom', 'jacket' ]
Product (@Masoom Minawala) Black Co ord Set - Geometric 3 Piece Set already processed (component Top exists)
Found components for "(@ThatBohoGirl) Lime Green Coord Set - Three Piece Set": [ 'top', 'bottom', 'accessory' ]
Found components for "All White Blazer Set": [ 'top', 'bottom', 'jacket' ]
Product Blue Evil Eye Shubh Labh Set - Accessory already processed (component Accessory exists)
Found components for "Blue Flared Pants With Patchwork Corset Top": [ 'top', 'bottom' ]
Found components for "Black Sharara Set": [ 'top', 'bottom', 'dupatta' ]
Found components for "Antique Silver Polish Choker Necklace Set": [ 'accessory' ]
Found components for "Black Shell Skirt Sari - Two Piece Set": [ 'top', 'bottom', 'saree' ]
Found components for "(@Yasmin Karachiwala) Creamy Charcoal Drape 3 Piece Set": [ 'top', 'bottom', 'dress', 'cape' ]
Found components for "Black Floral Dhoti Set": [ 'top', 'bottom', 'dress' ]
Product Blue Flared Pants With Patchwork Corset Top already processed (component Top exists)
Found components for "Blue Flower Off White Coord Set": [ 'top', 'bottom', 'dress' ]
Found components for "Black Slit Dress And Jacket Set": [ 'jacket', 'dress' ]
Found components for "(Divyanka Tripathi) Gold Black Striped Kaftan Set": [ 'top', 'bottom', 'dress', 'kaftan' ]
Found components for "Black Grey Off Shoulder Coord Set": [ 'top', 'bottom', 'dress' ]
Found components for "Blue Flower Suit Set": [ 'dress' ]
Found components for "Black Spaghetti Dhoti Set": [ 'top', 'bottom', 'dupatta' ]
Found components for "Black Motif Banarasi Kurta Set": [ 'top', 'bottom', 'dupatta', 'dress' ]
Found components for "Blue Gold Jumpsuit Jacket Set": [ 'jacket', 'jumpsuit' ]
Found components for "Black White Embroidery Coord Set - Two Piece": [ 'top', 'bottom', 'accessory', 'dress' ]
Found components for "(DivyankaTripathi) Three Piece Off-White Drape Pant Set with Handbag": [ 'top', 'bottom', 'accessory' ]
Found components for "Black White Half Jumpsuit Jacket Set": [ 'jacket', 'accessory', 'dress', 'jumpsuit' ]
Found components for "Blue Green Farshi Set": [ 'top', 'bottom' ]
Found components for "(Kajol) Tie Dye Green Drape Sari Kurta Set": [ 'top', 'bottom', 'dupatta', 'dress', 'saree' ]
Found components for "Black Pakistani Suit Set": [ 'top', 'bottom', 'dupatta', 'dress' ]
Found components for "Bandhini Pathani Set": [ 'top', 'dress' ]
Found components for "Blue Half Kaftan Coord Set": [ 'top', 'bottom', 'kaftan' ]
Found components for "A line White Suit Set": [ 'top', 'bottom', 'dupatta', 'dress' ]
Found components for "Black Pathani Dhoti Banjara Potli Set": [ 'top', 'bottom', 'accessory' ]
Found components for "Beadwork White Black Suit Set": [ 'top', 'bottom', 'dupatta', 'dress' ]
Found components for "Blue Kurta Jacket Set": [ 'top', 'bottom', 'jacket', 'dress' ]
Found components for "Black Pathani Set - Best Pathani Suit for Women": [ 'top', 'bottom' ]
Found components for "Beige Coord Set with Necklace": [ 'top', 'bottom', 'accessory', 'dress' ]
Found components for "Blue Kurta Pallazo Set": [ 'top', 'bottom', 'dress' ]
Found components for "Alia Bhatt (limited edition) Red Blue Coord Set": [ 'jacket', 'accessory', 'dress', 'saree' ]
Found components for "Beige Kaftan Set": [ 'bottom', 'dress', 'kaftan' ]
Found components for "Blue Lotus Coord Set": [ 'top', 'bottom', 'dress', 'kaftan' ]
Product Black White Half Jumpsuit Jacket Set already processed (component Jacket exists)
Found components for "Black White Spaghetti Sharara Set": [ 'top', 'bottom', 'dupatta', 'dress' ]
Found components for "All White Blazer Set": [ 'top', 'bottom', 'jacket' ]
Found components for "Beige Maroon Shirt Lehenga Set": [ 'top', 'lehenga', 'dress' ]
Found components for "Antique Silver Polish Choker Necklace Set": [ 'accessory' ]
Found components for "Black White Zipper Coord Set": [ 'top', 'bottom', 'kaftan' ]
Found components for "Beige Mirror Work Coord Set": [ 'top', 'bottom' ]
Found components for "Blue Abstract Waist Coat Set": [ 'top', 'bottom', 'jacket' ]
Found components for "Beige Waistcoat Set": [ 'top', 'bottom', 'jacket' ]
Found components for "Blue Organza Anarkali Kurta Set": [ 'top', 'bottom', 'dupatta', 'dress' ]
Found components for "Black Peach Waist Coat Set": [ 'top', 'bottom', 'jacket' ]
Found components for "Blue Bandhani Banarasi  Kurta Set": [ 'top', 'bottom', 'dupatta', 'dress' ]
Found components for "Black 3 Piece Coord Set - Neckpiece included": [ 'top', 'bottom', 'dress' ]
Found components for "Black Sharara Set": [ 'top', 'bottom', 'dupatta' ]
Found components for "Bandhini Pathani Set": [ 'top', 'dress' ]
Found components for "Blue Blazer Set": [ 'bottom', 'jacket' ]
Found components for "Black And Red Coord Set": [ 'jacket', 'dress' ]
Found components for "Black Shell Skirt Sari - Two Piece Set": [ 'top', 'bottom', 'saree' ]
Found components for "Blue Pink Embroidery 3 Piece Set- Pant, Jacket, Blouse": [ 'top', 'bottom', 'jacket', 'dress', 'cape' ]
Found components for "Beadwork White Black Suit Set": [ 'top', 'bottom', 'dupatta', 'dress' ]
Found components for "Black and Red Kaftan Dhoti Set": [ 'bottom', 'kaftan' ]
Found components for "Black Slit Dress And Jacket Set": [ 'jacket', 'dress' ]
Found components for "Blue Pink Sharara Set": [ 'top', 'bottom', 'dupatta', 'dress' ]
Found components for "Black and Red Three Piece Dhoti Set": [ 'top', 'bottom', 'jacket' ]
Found components for "Blue Bralette Kurta Set": [ 'top', 'bottom' ]
Found components for "Blue Polka Off Shoulder Coord Set": [ 'top', 'bottom', 'dress', 'kaftan' ]
Found components for "Black Spaghetti Dhoti Set": [ 'top', 'bottom', 'dupatta' ]
Found components for "Beige Coord Set with Necklace": [ 'top', 'bottom', 'accessory', 'dress' ]
Found components for "Black and White Elephant Four Piece Set": [ 'top', 'bottom', 'jacket', 'dupatta', 'accessory' ]
Found components for "Blue Red Suit Set": [ 'top', 'bottom', 'dupatta', 'dress' ]
Found components for "Black White Embroidery Coord Set - Two Piece": [ 'top', 'bottom', 'accessory', 'dress' ]
Found components for "Black and Yellow Coord Set": [ 'top', 'bottom' ]
Found components for "Beige Kaftan Set": [ 'bottom', 'dress', 'kaftan' ]
Found components for "Blue Shell Skirt Sari - Two Piece Set": [ 'top', 'bottom', 'saree' ]
Found components for "Black White Half Jumpsuit Jacket Set": [ 'jacket', 'accessory', 'dress', 'jumpsuit' ]
Found components for "Black Banarasi Suit Set": [ 'top', 'bottom', 'dupatta', 'dress' ]
Found components for "Blue Slit Kurta Pant Set": [ 'top', 'bottom', 'dress' ]
Found components for "Black White Spaghetti Sharara Set": [ 'top', 'bottom', 'dupatta', 'dress' ]
Found components for "Blue Card Print Coord Set with Handbag": [ 'top', 'bottom', 'accessory' ]
Found components for "Beige Maroon Shirt Lehenga Set": [ 'top', 'lehenga', 'dress' ]
Found components for "Blue Spaghetti Sharara Set": [ 'bottom' ]
Found components for "Black White Zipper Coord Set": [ 'top', 'bottom', 'kaftan' ]
Found components for "Blue Evil Eye Shubh Labh Set - Accessory": [ 'accessory' ]
Found components for "Beige Mirror Work Coord Set": [ 'top', 'bottom' ]
Found components for "Blue Abstract Waist Coat Set": [ 'top', 'bottom', 'jacket' ]
Found components for "Blue Flared Pants With Patchwork Corset Top": [ 'top', 'bottom' ]
Found components for "Beige Waistcoat Set": [ 'top', 'bottom', 'jacket' ]
Found components for "Blue Bandhani Banarasi  Kurta Set": [ 'top', 'bottom', 'dupatta', 'dress' ]
Found components for "Black 3 Piece Coord Set - Neckpiece included": [ 'top', 'bottom', 'dress' ]
Found components for "Blue Blazer Set": [ 'bottom', 'jacket' ]
Found components for "Blue Wave Pocket Co ord Set": [ 'top', 'bottom', 'dress' ]
Found components for "Black Brown Pathani Set": [ 'top' ]
Product Blue Flared Pants With Patchwork Corset Top already processed (component Top exists)
Found components for "Blue Flower Off White Coord Set": [ 'top', 'bottom', 'dress' ]
Found components for "Blue Bralette Kurta Set": [ 'top', 'bottom' ]
Found components for "Blue White Doodle - Three Piece Coord Set": [ 'top', 'bottom', 'dress', 'kaftan' ]
Found components for "Black Coord Set With Hanging Tassels": [ 'top', 'bottom', 'kaftan' ]
Found components for "Blue Card Print Coord Set with Handbag": [ 'top', 'bottom', 'accessory' ]
Found components for "Black And Red Coord Set": [ 'jacket', 'dress' ]
Found components for "Blue Wrap Around Coord Set": [ 'top', 'bottom', 'accessory', 'dress', 'wrap' ]
Found components for "Black Floral Dhoti Set": [ 'top', 'bottom', 'dress' ]
Found components for "Blue Evil Eye Shubh Labh Set - Accessory": [ 'accessory' ]
Found components for "Black and Red Kaftan Dhoti Set": [ 'bottom', 'kaftan' ]
Found components for "Blue Flower Suit Set": [ 'dress' ]
Found components for "Black Grey Off Shoulder Coord Set": [ 'top', 'bottom', 'dress' ]
Found components for "Blue Flared Pants With Patchwork Corset Top": [ 'top', 'bottom' ]
Found components for "Black and Red Three Piece Dhoti Set": [ 'top', 'bottom', 'jacket' ]
Found components for "Blue Gold Jumpsuit Jacket Set": [ 'jacket', 'jumpsuit' ]
Found components for "Blue Yellow Four Piece Potli Set": [ 'top', 'bottom', 'dupatta', 'accessory', 'dress' ]
Found components for "Black Motif Banarasi Kurta Set": [ 'top', 'bottom', 'dupatta', 'dress' ]
Found components for "Black and White Elephant Four Piece Set": [ 'top', 'bottom', 'jacket', 'dupatta', 'accessory' ]
Found components for "Blue Zig Zag Coord Set": [ 'top', 'bottom' ]
Found components for "Blue Green Farshi Set": [ 'top', 'bottom' ]
Found components for "Black Pakistani Suit Set": [ 'top', 'bottom', 'dupatta', 'dress' ]
Found components for "Blue Zipper Coord Set": [ 'top', 'bottom', 'kaftan' ]
Found components for "Blue Half Kaftan Coord Set": [ 'top', 'bottom', 'kaftan' ]
Product Blue Flared Pants With Patchwork Corset Top already processed (component Top exists)
Found components for "Blue Flower Off White Coord Set": [ 'top', 'bottom', 'dress' ]
Found components for "Black Pathani Dhoti Banjara Potli Set": [ 'top', 'bottom', 'accessory' ]
Product Black and White Elephant Four Piece Set already processed (component Jacket exists)
Found components for "Black and Yellow Coord Set": [ 'top', 'bottom' ]
Found components for "Blue Kurta Jacket Set": [ 'top', 'bottom', 'jacket', 'dress' ]
Found components for "Blue Flower Suit Set": [ 'dress' ]
Found components for "Black Pathani Set - Best Pathani Suit for Women": [ 'top', 'bottom' ]
Found components for "Black Banarasi Suit Set": [ 'top', 'bottom', 'dupatta', 'dress' ]
Found components for "Blush Pink Motif Banarasi Kurta Set": [ 'top', 'bottom', 'dupatta', 'dress' ]
Found components for "Blue Kurta Pallazo Set": [ 'top', 'bottom', 'dress' ]
Found components for "Blue Gold Jumpsuit Jacket Set": [ 'jacket', 'jumpsuit' ]
Found components for "Black Peach Waist Coat Set": [ 'top', 'bottom', 'jacket' ]
Found components for "Blush Pink Sharara Set": [ 'top', 'bottom', 'dupatta', 'dress' ]
Found components for "Blue Lotus Coord Set": [ 'top', 'bottom', 'dress', 'kaftan' ]
Found components for "Blue Green Farshi Set": [ 'top', 'bottom' ]
Found components for "Black Sharara Set": [ 'top', 'bottom', 'dupatta' ]
Found components for "Black Brown Pathani Set": [ 'top' ]
Found components for "Boho Black Coord Set": [ 'top', 'bottom', 'dress' ]
Found components for "Blue Half Kaftan Coord Set": [ 'top', 'bottom', 'kaftan' ]
Found components for "Black Shell Skirt Sari - Two Piece Set": [ 'top', 'bottom', 'saree' ]
Found components for "Black Coord Set With Hanging Tassels": [ 'top', 'bottom', 'kaftan' ]
Found components for "Blue Kurta Jacket Set": [ 'top', 'bottom', 'jacket', 'dress' ]
Found components for "Boho Fringe Pink White Set": [ 'top', 'bottom', 'dress' ]
Found components for "Blue Organza Anarkali Kurta Set": [ 'top', 'bottom', 'dupatta', 'dress' ]
Found components for "Black Floral Dhoti Set": [ 'top', 'bottom', 'dress' ]
Found components for "Blue Kurta Pallazo Set": [ 'top', 'bottom', 'dress' ]
Found components for "Blue Pink Embroidery 3 Piece Set- Pant, Jacket, Blouse": [ 'top', 'bottom', 'jacket', 'dress', 'cape' ]
Found components for "Bottle Green Bandhani Jacquard Kurta Set": [ 'top', 'bottom', 'dupatta', 'dress' ]
Found components for "Blue Lotus Coord Set": [ 'top', 'bottom', 'dress', 'kaftan' ]
Found components for "Bottle Green Crepe Coord Set": [ 'top', 'bottom', 'accessory', 'dress' ]
Found components for "Blue Pink Sharara Set": [ 'top', 'bottom', 'dupatta', 'dress' ]
Found components for "Black Slit Dress And Jacket Set": [ 'jacket', 'dress' ]
Found components for "Brass Kundan Pooja Thali 7 Pc Set - Accessory": [ 'accessory' ]
Found components for "Black Grey Off Shoulder Coord Set": [ 'top', 'bottom', 'dress' ]
Found components for "Blue Polka Off Shoulder Coord Set": [ 'top', 'bottom', 'dress', 'kaftan' ]
Found components for "Black Spaghetti Dhoti Set": [ 'top', 'bottom', 'dupatta' ]
Found components for "Blue Red Suit Set": [ 'top', 'bottom', 'dupatta', 'dress' ]
Found components for "Black Motif Banarasi Kurta Set": [ 'top', 'bottom', 'dupatta', 'dress' ]
Found components for "Black White Embroidery Coord Set - Two Piece": [ 'top', 'bottom', 'accessory', 'dress' ]
Found components for "Blue Organza Anarkali Kurta Set": [ 'top', 'bottom', 'dupatta', 'dress' ]
Product Brass Kundan Pooja Thali 7 Pc Set - Accessory already processed (component Accessory exists)
Found components for "Brass Laxmi Charan Diya Set (Pair of 2) - Accessory": [ 'accessory' ]
Found components for "Black White Half Jumpsuit Jacket Set": [ 'jacket', 'accessory', 'dress', 'jumpsuit' ]
Found components for "Black Pakistani Suit Set": [ 'top', 'bottom', 'dupatta', 'dress' ]
Found components for "Blue Pink Embroidery 3 Piece Set- Pant, Jacket, Blouse": [ 'top', 'bottom', 'jacket', 'dress', 'cape' ]
Found components for "Brown & Orange Four Piece Sharara Set": [ 'top', 'bottom', 'dupatta', 'accessory', 'dress' ]
Found components for "Black White Spaghetti Sharara Set": [ 'top', 'bottom', 'dupatta', 'dress' ]
Found components for "Black Pathani Dhoti Banjara Potli Set": [ 'top', 'bottom', 'accessory' ]
Found components for "Brown Coord Set": [ 'top', 'bottom', 'dress' ]
Found components for "Black White Zipper Coord Set": [ 'top', 'bottom', 'kaftan' ]
Found components for "Black Pathani Set - Best Pathani Suit for Women": [ 'top', 'bottom' ]
Found components for "Blue Shell Skirt Sari - Two Piece Set": [ 'top', 'bottom', 'saree' ]
Product Blue Pink Embroidery 3 Piece Set- Pant, Jacket, Blouse already processed (component Jacket exists)
Found components for "Blue Pink Sharara Set": [ 'top', 'bottom', 'dupatta', 'dress' ]
Found components for "Blue Abstract Waist Coat Set": [ 'top', 'bottom', 'jacket' ]
Found components for "Black Peach Waist Coat Set": [ 'top', 'bottom', 'jacket' ]
Found components for "Blue Slit Kurta Pant Set": [ 'top', 'bottom', 'dress' ]
Found components for "Blue Polka Off Shoulder Coord Set": [ 'top', 'bottom', 'dress', 'kaftan' ]
Found components for "Blue Bandhani Banarasi  Kurta Set": [ 'top', 'bottom', 'dupatta', 'dress' ]
Found components for "Blue Spaghetti Sharara Set": [ 'bottom' ]
Found components for "Blue Red Suit Set": [ 'top', 'bottom', 'dupatta', 'dress' ]
Found components for "Blue Blazer Set": [ 'bottom', 'jacket' ]
Found components for "Black Sharara Set": [ 'top', 'bottom', 'dupatta' ]
Found components for "Blue Shell Skirt Sari - Two Piece Set": [ 'top', 'bottom', 'saree' ]
Found components for "Brown Cream Kaftan Coord Set": [ 'top', 'bottom', 'kaftan' ]
Finding all set products...
Fetching all products from Shopify...
Found components for "Blue Bralette Kurta Set": [ 'top', 'bottom' ]
Found components for "Brown High Low Coord Set": [ 'top', 'bottom' ]
Found components for "Blue Slit Kurta Pant Set": [ 'top', 'bottom', 'dress' ]
Error finding set products: Error: Failed to fetch products: Exceeded 2 calls per second for api client. Reduce request rates to resume uninterrupted service.
    at SetProcessorService.findAllSetProducts (/Users/ankurpandey/Desktop/GST/backend/services/setProcessorService.js:396:15)
    at process.processTicksAndRejections (node:internal/process/task_queues:95:5)
    at async /Users/ankurpandey/Desktop/GST/backend/routes/sets.js:62:20
Found components for "Blue Wave Pocket Co ord Set": [ 'top', 'bottom', 'dress' ]
Found components for "Blue Card Print Coord Set with Handbag": [ 'top', 'bottom', 'accessory' ]
Found components for "Brown Lehenga Set": [ 'top', 'dupatta', 'lehenga', 'dress' ]
Found components for "Blue Spaghetti Sharara Set": [ 'bottom' ]
Found components for "Blue Evil Eye Shubh Labh Set - Accessory": [ 'accessory' ]
Found components for "Brownwood Kaftan Set": [ 'bottom', 'dress', 'kaftan' ]
Found components for "Blue Wave Pocket Co ord Set": [ 'top', 'bottom', 'dress' ]
Found components for "Blue White Doodle - Three Piece Coord Set": [ 'top', 'bottom', 'dress', 'kaftan' ]
Found components for "Blue Flared Pants With Patchwork Corset Top": [ 'top', 'bottom' ]
Found components for "Champagne Brown Shell Coord Set": [ 'top', 'bottom' ]
Finding all set products...
Fetching all products from Shopify...
Found components for "Blue Wrap Around Coord Set": [ 'top', 'bottom', 'accessory', 'dress', 'wrap' ]
Found components for "Blue Flower Off White Coord Set": [ 'top', 'bottom', 'dress' ]
Found components for "Black Shell Skirt Sari - Two Piece Set": [ 'top', 'bottom', 'saree' ]
Found components for "Champagne Pink Abstract Waist Coat Set": [ 'top', 'bottom', 'jacket' ]
Error finding set products: Error: Failed to fetch products: Exceeded 2 calls per second for api client. Reduce request rates to resume uninterrupted service.
    at SetProcessorService.findAllSetProducts (/Users/ankurpandey/Desktop/GST/backend/services/setProcessorService.js:396:15)
    at process.processTicksAndRejections (node:internal/process/task_queues:95:5)
    at async /Users/ankurpandey/Desktop/GST/backend/routes/sets.js:62:20
Found components for "Blue Flower Suit Set": [ 'dress' ]
Found components for "Black Slit Dress And Jacket Set": [ 'jacket', 'dress' ]
Found components for "Checks Black Coord Set": [ 'top', 'bottom', 'dress' ]
Found components for "Blue White Doodle - Three Piece Coord Set": [ 'top', 'bottom', 'dress', 'kaftan' ]
Found components for "Black Spaghetti Dhoti Set": [ 'top', 'bottom', 'dupatta' ]
Found components for "Checks Black Kurta Pant Set": [ 'top', 'bottom' ]
Found components for "Blue Yellow Four Piece Potli Set": [ 'top', 'bottom', 'dupatta', 'accessory', 'dress' ]
Found components for "Blue Wrap Around Coord Set": [ 'top', 'bottom', 'accessory', 'dress', 'wrap' ]
Found components for "Checks Navy Blue Coord Set": [ 'top', 'bottom', 'dress' ]
Found components for "Blue Gold Jumpsuit Jacket Set": [ 'jacket', 'jumpsuit' ]
Found components for "Blue Zig Zag Coord Set": [ 'top', 'bottom' ]
Found components for "Blue Yellow Four Piece Potli Set": [ 'top', 'bottom', 'dupatta', 'accessory', 'dress' ]
Found components for "Checks Three Piece Set": [ 'top', 'bottom', 'jacket', 'accessory', 'dress' ]
Found components for "Blue Zipper Coord Set": [ 'top', 'bottom', 'kaftan' ]
Found components for "Blue Zig Zag Coord Set": [ 'top', 'bottom' ]
Found components for "Black White Embroidery Coord Set - Two Piece": [ 'top', 'bottom', 'accessory', 'dress' ]
Found components for "Checks White Drape Kurta Pant Set": [ 'top', 'bottom', 'accessory', 'dress' ]
Product Blue Gold Jumpsuit Jacket Set already processed (component Jacket exists)
Found components for "Blue Green Farshi Set": [ 'top', 'bottom' ]
Found components for "Blush Pink Motif Banarasi Kurta Set": [ 'top', 'bottom', 'dupatta', 'dress' ]
Found components for "Black White Half Jumpsuit Jacket Set": [ 'jacket', 'accessory', 'dress', 'jumpsuit' ]
Found components for "Cheetah Coord Set": [ 'top', 'bottom', 'dress' ]
Found components for "Blue Half Kaftan Coord Set": [ 'top', 'bottom', 'kaftan' ]
Found components for "Blush Pink Sharara Set": [ 'top', 'bottom', 'dupatta', 'dress' ]
Found components for "Black White Spaghetti Sharara Set": [ 'top', 'bottom', 'dupatta', 'dress' ]
Found components for "Blue Zipper Coord Set": [ 'top', 'bottom', 'kaftan' ]
Found components for "Blue Kurta Jacket Set": [ 'top', 'bottom', 'jacket', 'dress' ]
Found components for "Boho Black Coord Set": [ 'top', 'bottom', 'dress' ]
Found components for "Black White Zipper Coord Set": [ 'top', 'bottom', 'kaftan' ]
Found components for "Blush Pink Motif Banarasi Kurta Set": [ 'top', 'bottom', 'dupatta', 'dress' ]
Found components for "Boho Fringe Pink White Set": [ 'top', 'bottom', 'dress' ]
Found components for "Blue Abstract Waist Coat Set": [ 'top', 'bottom', 'jacket' ]
Found components for "Cobalt Blue Coord Set": [ 'top', 'bottom', 'dupatta', 'dress' ]
Found components for "Blush Pink Sharara Set": [ 'top', 'bottom', 'dupatta', 'dress' ]
Found components for "Blue Bandhani Banarasi  Kurta Set": [ 'top', 'bottom', 'dupatta', 'dress' ]
Found components for "Colourful Three Piece Set": [ 'top', 'bottom', 'jacket', 'dress' ]
Product Blue Kurta Jacket Set already processed (component Jacket exists)
Found components for "Blue Kurta Pallazo Set": [ 'top', 'bottom', 'dress' ]
Found components for "Boho Black Coord Set": [ 'top', 'bottom', 'dress' ]
Found components for "Blue Blazer Set": [ 'bottom', 'jacket' ]
Found components for "Cotton Candy Pink Coord Set": [ 'top', 'bottom', 'dress', 'cape' ]
Found components for "Boho Fringe Pink White Set": [ 'top', 'bottom', 'dress' ]
Found components for "Blue Bralette Kurta Set": [ 'top', 'bottom' ]
Found components for "Cream and Red Mirror Work Suit Set": [ 'top', 'bottom' ]
Found components for "Bottle Green Bandhani Jacquard Kurta Set": [ 'top', 'bottom', 'dupatta', 'dress' ]
Found components for "Bottle Green Bandhani Jacquard Kurta Set": [ 'top', 'bottom', 'dupatta', 'dress' ]
Found components for "Blue Card Print Coord Set with Handbag": [ 'top', 'bottom', 'accessory' ]
Found components for "Bottle Green Crepe Coord Set": [ 'top', 'bottom', 'accessory', 'dress' ]
Found components for "Blue Lotus Coord Set": [ 'top', 'bottom', 'dress', 'kaftan' ]
Found components for "Cream Black Cotton Kurta Set": [ 'top', 'bottom', 'dupatta', 'dress' ]
Found components for "Brass Kundan Pooja Thali 7 Pc Set - Accessory": [ 'accessory' ]
Found components for "Blue Organza Anarkali Kurta Set": [ 'top', 'bottom', 'dupatta', 'dress' ]
Found components for "Bottle Green Crepe Coord Set": [ 'top', 'bottom', 'accessory', 'dress' ]
Found components for "Brass Laxmi Charan Diya Set (Pair of 2) - Accessory": [ 'accessory' ]
Found components for "Blue Evil Eye Shubh Labh Set - Accessory": [ 'accessory' ]
Found components for "Blue Pink Embroidery 3 Piece Set- Pant, Jacket, Blouse": [ 'top', 'bottom', 'jacket', 'dress', 'cape' ]
Found components for "Brown & Orange Four Piece Sharara Set": [ 'top', 'bottom', 'dupatta', 'accessory', 'dress' ]
Found components for "Blue Flared Pants With Patchwork Corset Top": [ 'top', 'bottom' ]
Found components for "Blue Pink Sharara Set": [ 'top', 'bottom', 'dupatta', 'dress' ]
Found components for "Brass Kundan Pooja Thali 7 Pc Set - Accessory": [ 'accessory' ]
Found components for "Blue Flower Off White Coord Set": [ 'top', 'bottom', 'dress' ]
Found components for "Blue Polka Off Shoulder Coord Set": [ 'top', 'bottom', 'dress', 'kaftan' ]
Found components for "Brass Laxmi Charan Diya Set (Pair of 2) - Accessory": [ 'accessory' ]
Found components for "Blue Flower Suit Set": [ 'dress' ]
Found components for "Brown Coord Set": [ 'top', 'bottom', 'dress' ]
Found components for "Cream Floral Linen Jacquard Kurta Set": [ 'top', 'bottom', 'dupatta', 'dress' ]
Found components for "Brown & Orange Four Piece Sharara Set": [ 'top', 'bottom', 'dupatta', 'accessory', 'dress' ]
Found components for "Blue Gold Jumpsuit Jacket Set": [ 'jacket', 'jumpsuit' ]
Found components for "Crepe Hot Pink Gold Spaghetti Sharara Set": [ 'top', 'bottom', 'dupatta' ]
Found components for "Brown Cream Kaftan Coord Set": [ 'top', 'bottom', 'kaftan' ]
Found components for "Brown Coord Set": [ 'top', 'bottom', 'dress' ]
Found components for "Crepe Maroon Kaftan Dhoti Set": [ 'top', 'bottom', 'dress', 'kaftan' ]
Found components for "Brown High Low Coord Set": [ 'top', 'bottom' ]
Found components for "Brown Cream Kaftan Coord Set": [ 'top', 'bottom', 'kaftan' ]
Found components for "Blue Red Suit Set": [ 'top', 'bottom', 'dupatta', 'dress' ]
Found components for "Crepe Shell Yellow Pink Kurta Dhoti Set": [ 'top', 'bottom', 'accessory', 'dress' ]
Found components for "Brown High Low Coord Set": [ 'top', 'bottom' ]
Product Blue Gold Jumpsuit Jacket Set already processed (component Jacket exists)
Found components for "Blue Green Farshi Set": [ 'top', 'bottom' ]
Found components for "Blue Shell Skirt Sari - Two Piece Set": [ 'top', 'bottom', 'saree' ]
Found components for "Brown Lehenga Set": [ 'top', 'dupatta', 'lehenga', 'dress' ]
Found components for "Blue Half Kaftan Coord Set": [ 'top', 'bottom', 'kaftan' ]
Found components for "Blue Slit Kurta Pant Set": [ 'top', 'bottom', 'dress' ]
Found components for "Cube Blue Dhoti Skirt Jacket Coord Set": [ 'top', 'bottom', 'jacket' ]
Found components for "Blue Kurta Jacket Set": [ 'top', 'bottom', 'jacket', 'dress' ]
Found components for "Blue Spaghetti Sharara Set": [ 'bottom' ]
Found components for "Cutwork Beige 3 Piece Coord Set": [ 'top', 'bottom', 'jacket', 'dress' ]
Found components for "Brown Lehenga Set": [ 'top', 'dupatta', 'lehenga', 'dress' ]
Found components for "Blue Wave Pocket Co ord Set": [ 'top', 'bottom', 'dress' ]
Found components for "Brownwood Kaftan Set": [ 'bottom', 'dress', 'kaftan' ]
Found components for "Cutwork Embroidery Green Kurta Set": [ 'top', 'bottom', 'accessory' ]
Found components for "Brownwood Kaftan Set": [ 'bottom', 'dress', 'kaftan' ]
Found components for "Blue White Doodle - Three Piece Coord Set": [ 'top', 'bottom', 'dress', 'kaftan' ]
Product Blue Kurta Jacket Set already processed (component Jacket exists)
Found components for "Blue Kurta Pallazo Set": [ 'top', 'bottom', 'dress' ]
Found components for "Cutwork Embroidery Grey Kurta Set": [ 'top', 'bottom', 'accessory' ]
Found components for "Champagne Brown Shell Coord Set": [ 'top', 'bottom' ]
Found components for "Blue Wrap Around Coord Set": [ 'top', 'bottom', 'accessory', 'dress', 'wrap' ]
Found components for "Blue Lotus Coord Set": [ 'top', 'bottom', 'dress', 'kaftan' ]
Found components for "Dark Navy Blue Kaftan Coord Set": [ 'top', 'bottom', 'dress', 'kaftan' ]
Found components for "Blue Yellow Four Piece Potli Set": [ 'top', 'bottom', 'dupatta', 'accessory', 'dress' ]
Found components for "Blue Organza Anarkali Kurta Set": [ 'top', 'bottom', 'dupatta', 'dress' ]
Found components for "Dark Red Blazer Skirt Set": [ 'top', 'bottom', 'jacket', 'dress' ]
Found components for "Champagne Pink Abstract Waist Coat Set": [ 'top', 'bottom', 'jacket' ]
Found components for "Blue Pink Embroidery 3 Piece Set- Pant, Jacket, Blouse": [ 'top', 'bottom', 'jacket', 'dress', 'cape' ]
Found components for "Dark Red Pathani Set": [ 'top', 'bottom' ]
Found components for "Checks Black Coord Set": [ 'top', 'bottom', 'dress' ]
Found components for "Blue Pink Sharara Set": [ 'top', 'bottom', 'dupatta', 'dress' ]
Found components for "Champagne Brown Shell Coord Set": [ 'top', 'bottom' ]
Found components for "Checks Black Kurta Pant Set": [ 'top', 'bottom' ]
Found components for "Champagne Pink Abstract Waist Coat Set": [ 'top', 'bottom', 'jacket' ]
Found components for "Blue Polka Off Shoulder Coord Set": [ 'top', 'bottom', 'dress', 'kaftan' ]
Found components for "Blue Zig Zag Coord Set": [ 'top', 'bottom' ]
Found components for "Blue Red Suit Set": [ 'top', 'bottom', 'dupatta', 'dress' ]
Found components for "Checks Black Coord Set": [ 'top', 'bottom', 'dress' ]
Found components for "Blue Zipper Coord Set": [ 'top', 'bottom', 'kaftan' ]
Found components for "Checks Navy Blue Coord Set": [ 'top', 'bottom', 'dress' ]
Found components for "Checks Black Kurta Pant Set": [ 'top', 'bottom' ]
Found components for "Blush Pink Motif Banarasi Kurta Set": [ 'top', 'bottom', 'dupatta', 'dress' ]
Found components for "Checks Three Piece Set": [ 'top', 'bottom', 'jacket', 'accessory', 'dress' ]
Found components for "Checks Navy Blue Coord Set": [ 'top', 'bottom', 'dress' ]
97 set products are unprocessed
Found components for "(@ThatBohoGirl) Lime Green Coord Set - Three Piece Set": [ 'top', 'bottom', 'accessory' ]
Found components for "(@Yasmin Karachiwala) Creamy Charcoal Drape 3 Piece Set": [ 'top', 'bottom', 'dress', 'cape' ]
Found components for "(Divyanka Tripathi) Gold Black Striped Kaftan Set": [ 'top', 'bottom', 'dress', 'kaftan' ]
Found components for "(DivyankaTripathi) Three Piece Off-White Drape Pant Set with Handbag": [ 'top', 'bottom', 'accessory' ]
Found components for "(Kajol) Tie Dye Green Drape Sari Kurta Set": [ 'top', 'bottom', 'dupatta', 'dress', 'saree' ]
Found components for "A line White Suit Set": [ 'top', 'bottom', 'dupatta', 'dress' ]
Found components for "Alia Bhatt (limited edition) Red Blue Coord Set": [ 'jacket', 'accessory', 'dress', 'saree' ]
Found components for "All White Blazer Set": [ 'top', 'bottom', 'jacket' ]
Found components for "Antique Silver Polish Choker Necklace Set": [ 'accessory' ]
Found components for "Bandhini Pathani Set": [ 'top', 'dress' ]
Found components for "Beadwork White Black Suit Set": [ 'top', 'bottom', 'dupatta', 'dress' ]
Found components for "Beige Coord Set with Necklace": [ 'top', 'bottom', 'accessory', 'dress' ]
Found components for "Beige Kaftan Set": [ 'bottom', 'dress', 'kaftan' ]
Found components for "Beige Mirror Work Coord Set": [ 'top', 'bottom' ]
Found components for "Beige Waistcoat Set": [ 'top', 'bottom', 'jacket' ]
Found components for "Black 3 Piece Coord Set - Neckpiece included": [ 'top', 'bottom', 'dress' ]
Found components for "Black and Yellow Coord Set": [ 'top', 'bottom' ]
Found components for "Black Banarasi Suit Set": [ 'top', 'bottom', 'dupatta', 'dress' ]
Found components for "Black Brown Pathani Set": [ 'top' ]
Found components for "Black Coord Set With Hanging Tassels": [ 'top', 'bottom', 'kaftan' ]
Found components for "Black Floral Dhoti Set": [ 'top', 'bottom', 'dress' ]
Found components for "Black Grey Off Shoulder Coord Set": [ 'top', 'bottom', 'dress' ]
Found components for "Black Motif Banarasi Kurta Set": [ 'top', 'bottom', 'dupatta', 'dress' ]
Found components for "Black Pakistani Suit Set": [ 'top', 'bottom', 'dupatta', 'dress' ]
Found components for "Black Pathani Dhoti Banjara Potli Set": [ 'top', 'bottom', 'accessory' ]
Found components for "Black Pathani Set - Best Pathani Suit for Women": [ 'top', 'bottom' ]
Found components for "Black Peach Waist Coat Set": [ 'top', 'bottom', 'jacket' ]
Found components for "Black Sharara Set": [ 'top', 'bottom', 'dupatta' ]
Found components for "Black Shell Skirt Sari - Two Piece Set": [ 'top', 'bottom', 'saree' ]
Found components for "Black Spaghetti Dhoti Set": [ 'top', 'bottom', 'dupatta' ]
Found components for "Black White Embroidery Coord Set - Two Piece": [ 'top', 'bottom', 'accessory', 'dress' ]
Found components for "Black White Spaghetti Sharara Set": [ 'top', 'bottom', 'dupatta', 'dress' ]
Found components for "Black White Zipper Coord Set": [ 'top', 'bottom', 'kaftan' ]
Found components for "Blue Abstract Waist Coat Set": [ 'top', 'bottom', 'jacket' ]
Found components for "Blue Bandhani Banarasi  Kurta Set": [ 'top', 'bottom', 'dupatta', 'dress' ]
Found components for "Blue Blazer Set": [ 'bottom', 'jacket' ]
Found components for "Blue Bralette Kurta Set": [ 'top', 'bottom' ]
Found components for "Blue Card Print Coord Set with Handbag": [ 'top', 'bottom', 'accessory' ]
Found components for "Blue Flower Off White Coord Set": [ 'top', 'bottom', 'dress' ]
Found components for "Blue Flower Suit Set": [ 'dress' ]
Found components for "Blue Gold Jumpsuit Jacket Set": [ 'jacket', 'jumpsuit' ]
Found components for "Blue Green Farshi Set": [ 'top', 'bottom' ]
Found components for "Blue Half Kaftan Coord Set": [ 'top', 'bottom', 'kaftan' ]
Found components for "Blue Kurta Jacket Set": [ 'top', 'bottom', 'jacket', 'dress' ]
Found components for "Blue Kurta Pallazo Set": [ 'top', 'bottom', 'dress' ]
Found components for "Blue Lotus Coord Set": [ 'top', 'bottom', 'dress', 'kaftan' ]
Found components for "Blue Organza Anarkali Kurta Set": [ 'top', 'bottom', 'dupatta', 'dress' ]
Found components for "Blue Pink Embroidery 3 Piece Set- Pant, Jacket, Blouse": [ 'top', 'bottom', 'jacket', 'dress', 'cape' ]
Found components for "Blue Pink Sharara Set": [ 'top', 'bottom', 'dupatta', 'dress' ]
Found components for "Blue Polka Off Shoulder Coord Set": [ 'top', 'bottom', 'dress', 'kaftan' ]
Found components for "Blue Red Suit Set": [ 'top', 'bottom', 'dupatta', 'dress' ]
Found components for "Blue Shell Skirt Sari - Two Piece Set": [ 'top', 'bottom', 'saree' ]
Found components for "Blue Slit Kurta Pant Set": [ 'top', 'bottom', 'dress' ]
Found components for "Blue Spaghetti Sharara Set": [ 'bottom' ]
Found components for "Blue Wave Pocket Co ord Set": [ 'top', 'bottom', 'dress' ]
Found components for "Blue White Doodle - Three Piece Coord Set": [ 'top', 'bottom', 'dress', 'kaftan' ]
Found components for "Blue Wrap Around Coord Set": [ 'top', 'bottom', 'accessory', 'dress', 'wrap' ]
Found components for "Blue Yellow Four Piece Potli Set": [ 'top', 'bottom', 'dupatta', 'accessory', 'dress' ]
Found components for "Blue Zig Zag Coord Set": [ 'top', 'bottom' ]
Found components for "Blue Zipper Coord Set": [ 'top', 'bottom', 'kaftan' ]
Found components for "Blush Pink Motif Banarasi Kurta Set": [ 'top', 'bottom', 'dupatta', 'dress' ]
Found components for "Blush Pink Sharara Set": [ 'top', 'bottom', 'dupatta', 'dress' ]
Found components for "Boho Black Coord Set": [ 'top', 'bottom', 'dress' ]
Found components for "Boho Fringe Pink White Set": [ 'top', 'bottom', 'dress' ]
Found components for "Bottle Green Bandhani Jacquard Kurta Set": [ 'top', 'bottom', 'dupatta', 'dress' ]
Found components for "Bottle Green Crepe Coord Set": [ 'top', 'bottom', 'accessory', 'dress' ]
Found components for "Brass Laxmi Charan Diya Set (Pair of 2) - Accessory": [ 'accessory' ]
Found components for "Brown & Orange Four Piece Sharara Set": [ 'top', 'bottom', 'dupatta', 'accessory', 'dress' ]
Found components for "Brown Coord Set": [ 'top', 'bottom', 'dress' ]
Found components for "Brown Cream Kaftan Coord Set": [ 'top', 'bottom', 'kaftan' ]
Found components for "Brown High Low Coord Set": [ 'top', 'bottom' ]
Found components for "Brown Lehenga Set": [ 'top', 'dupatta', 'lehenga', 'dress' ]
Found components for "Brownwood Kaftan Set": [ 'bottom', 'dress', 'kaftan' ]
Found components for "Champagne Brown Shell Coord Set": [ 'top', 'bottom' ]
Found components for "Champagne Pink Abstract Waist Coat Set": [ 'top', 'bottom', 'jacket' ]
Found components for "Checks Black Coord Set": [ 'top', 'bottom', 'dress' ]
Found components for "Checks Black Kurta Pant Set": [ 'top', 'bottom' ]
Found components for "Checks Navy Blue Coord Set": [ 'top', 'bottom', 'dress' ]
Found components for "Checks Three Piece Set": [ 'top', 'bottom', 'jacket', 'accessory', 'dress' ]
Found components for "Checks White Drape Kurta Pant Set": [ 'top', 'bottom', 'accessory', 'dress' ]
Found components for "Cheetah Coord Set": [ 'top', 'bottom', 'dress' ]
Found components for "Cobalt Blue Coord Set": [ 'top', 'bottom', 'dupatta', 'dress' ]
Found components for "Colourful Three Piece Set": [ 'top', 'bottom', 'jacket', 'dress' ]
Found components for "Cotton Candy Pink Coord Set": [ 'top', 'bottom', 'dress', 'cape' ]
Found components for "Cream and Red Mirror Work Suit Set": [ 'top', 'bottom' ]
Found components for "Cream Black Cotton Kurta Set": [ 'top', 'bottom', 'dupatta', 'dress' ]
Found components for "Cream Floral Linen Jacquard Kurta Set": [ 'top', 'bottom', 'dupatta', 'dress' ]
Found components for "Crepe Hot Pink Gold Spaghetti Sharara Set": [ 'top', 'bottom', 'dupatta' ]
Found components for "Crepe Maroon Kaftan Dhoti Set": [ 'top', 'bottom', 'dress', 'kaftan' ]
Found components for "Crepe Shell Yellow Pink Kurta Dhoti Set": [ 'top', 'bottom', 'accessory', 'dress' ]
Found components for "Cube Blue Dhoti Skirt Jacket Coord Set": [ 'top', 'bottom', 'jacket' ]
Found components for "Cutwork Beige 3 Piece Coord Set": [ 'top', 'bottom', 'jacket', 'dress' ]
Found components for "Cutwork Embroidery Green Kurta Set": [ 'top', 'bottom', 'accessory' ]
Found components for "Cutwork Embroidery Grey Kurta Set": [ 'top', 'bottom', 'accessory' ]
Found components for "Dark Navy Blue Kaftan Coord Set": [ 'top', 'bottom', 'dress', 'kaftan' ]
Found components for "Dark Red Blazer Skirt Set": [ 'top', 'bottom', 'jacket', 'dress' ]
Found components for "Dark Red Pathani Set": [ 'top', 'bottom' ]
Found components for "Checks White Drape Kurta Pant Set": [ 'top', 'bottom', 'accessory', 'dress' ]
Found components for "Checks Three Piece Set": [ 'top', 'bottom', 'jacket', 'accessory', 'dress' ]
Found components for "Blue Shell Skirt Sari - Two Piece Set": [ 'top', 'bottom', 'saree' ]
Found components for "Blush Pink Sharara Set": [ 'top', 'bottom', 'dupatta', 'dress' ]
Found components for "Cheetah Coord Set": [ 'top', 'bottom', 'dress' ]
Found components for "Checks White Drape Kurta Pant Set": [ 'top', 'bottom', 'accessory', 'dress' ]
Found components for "Blue Slit Kurta Pant Set": [ 'top', 'bottom', 'dress' ]
Found components for "Boho Black Coord Set": [ 'top', 'bottom', 'dress' ]
Found components for "Cobalt Blue Coord Set": [ 'top', 'bottom', 'dupatta', 'dress' ]
Found components for "Blue Spaghetti Sharara Set": [ 'bottom' ]
Found components for "Boho Fringe Pink White Set": [ 'top', 'bottom', 'dress' ]
Found components for "Colourful Three Piece Set": [ 'top', 'bottom', 'jacket', 'dress' ]
Found components for "Blue Wave Pocket Co ord Set": [ 'top', 'bottom', 'dress' ]
Found components for "Cheetah Coord Set": [ 'top', 'bottom', 'dress' ]
Found components for "Cotton Candy Pink Coord Set": [ 'top', 'bottom', 'dress', 'cape' ]
Found components for "Blue White Doodle - Three Piece Coord Set": [ 'top', 'bottom', 'dress', 'kaftan' ]
Product Blue Kurta Jacket Set already processed (component Jacket exists)
Found components for "Cream and Red Mirror Work Suit Set": [ 'top', 'bottom' ]
Found components for "Blue Wrap Around Coord Set": [ 'top', 'bottom', 'accessory', 'dress', 'wrap' ]
Found components for "Bottle Green Bandhani Jacquard Kurta Set": [ 'top', 'bottom', 'dupatta', 'dress' ]
Found components for "Cream Black Cotton Kurta Set": [ 'top', 'bottom', 'dupatta', 'dress' ]
Found components for "Cobalt Blue Coord Set": [ 'top', 'bottom', 'dupatta', 'dress' ]
Found components for "Bottle Green Crepe Coord Set": [ 'top', 'bottom', 'accessory', 'dress' ]
Found components for "Cream Floral Linen Jacquard Kurta Set": [ 'top', 'bottom', 'dupatta', 'dress' ]
Found components for "Colourful Three Piece Set": [ 'top', 'bottom', 'jacket', 'dress' ]
Found components for "Brass Kundan Pooja Thali 7 Pc Set - Accessory": [ 'accessory' ]
Found components for "Cotton Candy Pink Coord Set": [ 'top', 'bottom', 'dress', 'cape' ]
Found components for "Brass Laxmi Charan Diya Set (Pair of 2) - Accessory": [ 'accessory' ]
Found components for "Blue Yellow Four Piece Potli Set": [ 'top', 'bottom', 'dupatta', 'accessory', 'dress' ]
Found components for "Crepe Hot Pink Gold Spaghetti Sharara Set": [ 'top', 'bottom', 'dupatta' ]
Found components for "Brown & Orange Four Piece Sharara Set": [ 'top', 'bottom', 'dupatta', 'accessory', 'dress' ]
Found components for "Cream and Red Mirror Work Suit Set": [ 'top', 'bottom' ]
Found components for "Crepe Maroon Kaftan Dhoti Set": [ 'top', 'bottom', 'dress', 'kaftan' ]
Found components for "Cream Black Cotton Kurta Set": [ 'top', 'bottom', 'dupatta', 'dress' ]
Found components for "Blue Zig Zag Coord Set": [ 'top', 'bottom' ]
Found components for "Crepe Shell Yellow Pink Kurta Dhoti Set": [ 'top', 'bottom', 'accessory', 'dress' ]
Found components for "Blue Zipper Coord Set": [ 'top', 'bottom', 'kaftan' ]
Found components for "Cube Blue Dhoti Skirt Jacket Coord Set": [ 'top', 'bottom', 'jacket' ]
Found components for "Brown Coord Set": [ 'top', 'bottom', 'dress' ]
Found components for "Cream Floral Linen Jacquard Kurta Set": [ 'top', 'bottom', 'dupatta', 'dress' ]
Found components for "Blush Pink Motif Banarasi Kurta Set": [ 'top', 'bottom', 'dupatta', 'dress' ]
Found components for "Cutwork Beige 3 Piece Coord Set": [ 'top', 'bottom', 'jacket', 'dress' ]
Found components for "Brown Cream Kaftan Coord Set": [ 'top', 'bottom', 'kaftan' ]
Found components for "Cutwork Embroidery Green Kurta Set": [ 'top', 'bottom', 'accessory' ]
Found components for "Blush Pink Sharara Set": [ 'top', 'bottom', 'dupatta', 'dress' ]
Found components for "Brown High Low Coord Set": [ 'top', 'bottom' ]
Found components for "Crepe Hot Pink Gold Spaghetti Sharara Set": [ 'top', 'bottom', 'dupatta' ]
Found components for "Cutwork Embroidery Grey Kurta Set": [ 'top', 'bottom', 'accessory' ]
Found components for "Brown Lehenga Set": [ 'top', 'dupatta', 'lehenga', 'dress' ]
Found components for "Dark Navy Blue Kaftan Coord Set": [ 'top', 'bottom', 'dress', 'kaftan' ]
Found components for "Boho Black Coord Set": [ 'top', 'bottom', 'dress' ]
Found components for "Brownwood Kaftan Set": [ 'bottom', 'dress', 'kaftan' ]
Found components for "Crepe Maroon Kaftan Dhoti Set": [ 'top', 'bottom', 'dress', 'kaftan' ]
Found components for "Dark Red Blazer Skirt Set": [ 'top', 'bottom', 'jacket', 'dress' ]
Found components for "Champagne Brown Shell Coord Set": [ 'top', 'bottom' ]
Found components for "Boho Fringe Pink White Set": [ 'top', 'bottom', 'dress' ]
Found components for "Dark Red Pathani Set": [ 'top', 'bottom' ]
Found components for "Champagne Pink Abstract Waist Coat Set": [ 'top', 'bottom', 'jacket' ]
Found components for "Bottle Green Bandhani Jacquard Kurta Set": [ 'top', 'bottom', 'dupatta', 'dress' ]
Found components for "Crepe Shell Yellow Pink Kurta Dhoti Set": [ 'top', 'bottom', 'accessory', 'dress' ]
Found components for "Checks Black Coord Set": [ 'top', 'bottom', 'dress' ]
Found components for "Bottle Green Crepe Coord Set": [ 'top', 'bottom', 'accessory', 'dress' ]
100 set products are unprocessed
Found components for "(@ThatBohoGirl) Lime Green Coord Set - Three Piece Set": [ 'top', 'bottom', 'accessory' ]
Found components for "(@Yasmin Karachiwala) Creamy Charcoal Drape 3 Piece Set": [ 'top', 'bottom', 'dress', 'cape' ]
Found components for "(Divyanka Tripathi) Gold Black Striped Kaftan Set": [ 'top', 'bottom', 'dress', 'kaftan' ]
Found components for "(DivyankaTripathi) Three Piece Off-White Drape Pant Set with Handbag": [ 'top', 'bottom', 'accessory' ]
Found components for "(Kajol) Tie Dye Green Drape Sari Kurta Set": [ 'top', 'bottom', 'dupatta', 'dress', 'saree' ]
Found components for "A line White Suit Set": [ 'top', 'bottom', 'dupatta', 'dress' ]
Found components for "Alia Bhatt (limited edition) Red Blue Coord Set": [ 'jacket', 'accessory', 'dress', 'saree' ]
Found components for "All White Blazer Set": [ 'top', 'bottom', 'jacket' ]
Found components for "Antique Silver Polish Choker Necklace Set": [ 'accessory' ]
Found components for "Bandhini Pathani Set": [ 'top', 'dress' ]
Found components for "Beadwork White Black Suit Set": [ 'top', 'bottom', 'dupatta', 'dress' ]
Found components for "Beige Coord Set with Necklace": [ 'top', 'bottom', 'accessory', 'dress' ]
Found components for "Beige Kaftan Set": [ 'bottom', 'dress', 'kaftan' ]
Found components for "Beige Mirror Work Coord Set": [ 'top', 'bottom' ]
Found components for "Beige Waistcoat Set": [ 'top', 'bottom', 'jacket' ]
Found components for "Black 3 Piece Coord Set - Neckpiece included": [ 'top', 'bottom', 'dress' ]
Found components for "Black and Yellow Coord Set": [ 'top', 'bottom' ]
Found components for "Black Banarasi Suit Set": [ 'top', 'bottom', 'dupatta', 'dress' ]
Found components for "Black Brown Pathani Set": [ 'top' ]
Found components for "Black Coord Set With Hanging Tassels": [ 'top', 'bottom', 'kaftan' ]
Found components for "Black Floral Dhoti Set": [ 'top', 'bottom', 'dress' ]
Found components for "Black Grey Off Shoulder Coord Set": [ 'top', 'bottom', 'dress' ]
Found components for "Black Motif Banarasi Kurta Set": [ 'top', 'bottom', 'dupatta', 'dress' ]
Found components for "Black Pakistani Suit Set": [ 'top', 'bottom', 'dupatta', 'dress' ]
Found components for "Black Pathani Dhoti Banjara Potli Set": [ 'top', 'bottom', 'accessory' ]
Found components for "Black Pathani Set - Best Pathani Suit for Women": [ 'top', 'bottom' ]
Found components for "Black Peach Waist Coat Set": [ 'top', 'bottom', 'jacket' ]
Found components for "Black Sharara Set": [ 'top', 'bottom', 'dupatta' ]
Found components for "Black Shell Skirt Sari - Two Piece Set": [ 'top', 'bottom', 'saree' ]
Found components for "Black Slit Dress And Jacket Set": [ 'jacket', 'dress' ]
Found components for "Black Spaghetti Dhoti Set": [ 'top', 'bottom', 'dupatta' ]
Found components for "Black White Embroidery Coord Set - Two Piece": [ 'top', 'bottom', 'accessory', 'dress' ]
Found components for "Black White Spaghetti Sharara Set": [ 'top', 'bottom', 'dupatta', 'dress' ]
Found components for "Black White Zipper Coord Set": [ 'top', 'bottom', 'kaftan' ]
Found components for "Blue Abstract Waist Coat Set": [ 'top', 'bottom', 'jacket' ]
Found components for "Blue Bandhani Banarasi  Kurta Set": [ 'top', 'bottom', 'dupatta', 'dress' ]
Found components for "Blue Blazer Set": [ 'bottom', 'jacket' ]
Found components for "Blue Bralette Kurta Set": [ 'top', 'bottom' ]
Found components for "Blue Card Print Coord Set with Handbag": [ 'top', 'bottom', 'accessory' ]
Found components for "Blue Evil Eye Shubh Labh Set - Accessory": [ 'accessory' ]
Found components for "Blue Flower Off White Coord Set": [ 'top', 'bottom', 'dress' ]
Found components for "Blue Flower Suit Set": [ 'dress' ]
Found components for "Blue Gold Jumpsuit Jacket Set": [ 'jacket', 'jumpsuit' ]
Found components for "Blue Green Farshi Set": [ 'top', 'bottom' ]
Found components for "Blue Half Kaftan Coord Set": [ 'top', 'bottom', 'kaftan' ]
Found components for "Blue Kurta Jacket Set": [ 'top', 'bottom', 'jacket', 'dress' ]
Found components for "Blue Kurta Pallazo Set": [ 'top', 'bottom', 'dress' ]
Found components for "Blue Lotus Coord Set": [ 'top', 'bottom', 'dress', 'kaftan' ]
Found components for "Blue Organza Anarkali Kurta Set": [ 'top', 'bottom', 'dupatta', 'dress' ]
Found components for "Blue Pink Embroidery 3 Piece Set- Pant, Jacket, Blouse": [ 'top', 'bottom', 'jacket', 'dress', 'cape' ]
Found components for "Blue Pink Sharara Set": [ 'top', 'bottom', 'dupatta', 'dress' ]
Found components for "Blue Polka Off Shoulder Coord Set": [ 'top', 'bottom', 'dress', 'kaftan' ]
Found components for "Blue Red Suit Set": [ 'top', 'bottom', 'dupatta', 'dress' ]
Found components for "Blue Shell Skirt Sari - Two Piece Set": [ 'top', 'bottom', 'saree' ]
Found components for "Blue Slit Kurta Pant Set": [ 'top', 'bottom', 'dress' ]
Found components for "Blue Spaghetti Sharara Set": [ 'bottom' ]
Found components for "Blue Wave Pocket Co ord Set": [ 'top', 'bottom', 'dress' ]
Found components for "Blue White Doodle - Three Piece Coord Set": [ 'top', 'bottom', 'dress', 'kaftan' ]
Found components for "Blue Wrap Around Coord Set": [ 'top', 'bottom', 'accessory', 'dress', 'wrap' ]
Found components for "Blue Yellow Four Piece Potli Set": [ 'top', 'bottom', 'dupatta', 'accessory', 'dress' ]
Found components for "Blue Zig Zag Coord Set": [ 'top', 'bottom' ]
Found components for "Blue Zipper Coord Set": [ 'top', 'bottom', 'kaftan' ]
Found components for "Blush Pink Motif Banarasi Kurta Set": [ 'top', 'bottom', 'dupatta', 'dress' ]
Found components for "Blush Pink Sharara Set": [ 'top', 'bottom', 'dupatta', 'dress' ]
Found components for "Boho Black Coord Set": [ 'top', 'bottom', 'dress' ]
Found components for "Boho Fringe Pink White Set": [ 'top', 'bottom', 'dress' ]
Found components for "Bottle Green Bandhani Jacquard Kurta Set": [ 'top', 'bottom', 'dupatta', 'dress' ]
Found components for "Bottle Green Crepe Coord Set": [ 'top', 'bottom', 'accessory', 'dress' ]
Found components for "Brass Kundan Pooja Thali 7 Pc Set - Accessory": [ 'accessory' ]
Found components for "Brass Laxmi Charan Diya Set (Pair of 2) - Accessory": [ 'accessory' ]
Found components for "Brown & Orange Four Piece Sharara Set": [ 'top', 'bottom', 'dupatta', 'accessory', 'dress' ]
Found components for "Brown Coord Set": [ 'top', 'bottom', 'dress' ]
Found components for "Brown Cream Kaftan Coord Set": [ 'top', 'bottom', 'kaftan' ]
Found components for "Brown High Low Coord Set": [ 'top', 'bottom' ]
Found components for "Brown Lehenga Set": [ 'top', 'dupatta', 'lehenga', 'dress' ]
Found components for "Brownwood Kaftan Set": [ 'bottom', 'dress', 'kaftan' ]
Found components for "Champagne Brown Shell Coord Set": [ 'top', 'bottom' ]
Found components for "Champagne Pink Abstract Waist Coat Set": [ 'top', 'bottom', 'jacket' ]
Found components for "Checks Black Coord Set": [ 'top', 'bottom', 'dress' ]
Found components for "Checks Black Kurta Pant Set": [ 'top', 'bottom' ]
Found components for "Checks Navy Blue Coord Set": [ 'top', 'bottom', 'dress' ]
Found components for "Checks Three Piece Set": [ 'top', 'bottom', 'jacket', 'accessory', 'dress' ]
Found components for "Checks White Drape Kurta Pant Set": [ 'top', 'bottom', 'accessory', 'dress' ]
Found components for "Cheetah Coord Set": [ 'top', 'bottom', 'dress' ]
Found components for "Cobalt Blue Coord Set": [ 'top', 'bottom', 'dupatta', 'dress' ]
Found components for "Colourful Three Piece Set": [ 'top', 'bottom', 'jacket', 'dress' ]
Found components for "Cotton Candy Pink Coord Set": [ 'top', 'bottom', 'dress', 'cape' ]
Found components for "Cream and Red Mirror Work Suit Set": [ 'top', 'bottom' ]
Found components for "Cream Black Cotton Kurta Set": [ 'top', 'bottom', 'dupatta', 'dress' ]
Found components for "Cream Floral Linen Jacquard Kurta Set": [ 'top', 'bottom', 'dupatta', 'dress' ]
Found components for "Crepe Hot Pink Gold Spaghetti Sharara Set": [ 'top', 'bottom', 'dupatta' ]
Found components for "Crepe Maroon Kaftan Dhoti Set": [ 'top', 'bottom', 'dress', 'kaftan' ]
Found components for "Crepe Shell Yellow Pink Kurta Dhoti Set": [ 'top', 'bottom', 'accessory', 'dress' ]
Found components for "Cube Blue Dhoti Skirt Jacket Coord Set": [ 'top', 'bottom', 'jacket' ]
Found components for "Cutwork Beige 3 Piece Coord Set": [ 'top', 'bottom', 'jacket', 'dress' ]
Found components for "Cutwork Embroidery Green Kurta Set": [ 'top', 'bottom', 'accessory' ]
Found components for "Cutwork Embroidery Grey Kurta Set": [ 'top', 'bottom', 'accessory' ]
Found components for "Dark Navy Blue Kaftan Coord Set": [ 'top', 'bottom', 'dress', 'kaftan' ]
Found components for "Dark Red Blazer Skirt Set": [ 'top', 'bottom', 'jacket', 'dress' ]
Found components for "Dark Red Pathani Set": [ 'top', 'bottom' ]
Found components for "Brass Kundan Pooja Thali 7 Pc Set - Accessory": [ 'accessory' ]
Found components for "Checks Black Kurta Pant Set": [ 'top', 'bottom' ]
Found components for "Cube Blue Dhoti Skirt Jacket Coord Set": [ 'top', 'bottom', 'jacket' ]
Found components for "Checks Navy Blue Coord Set": [ 'top', 'bottom', 'dress' ]
Found components for "Cutwork Beige 3 Piece Coord Set": [ 'top', 'bottom', 'jacket', 'dress' ]
Found components for "Brass Laxmi Charan Diya Set (Pair of 2) - Accessory": [ 'accessory' ]
Found components for "Checks Three Piece Set": [ 'top', 'bottom', 'jacket', 'accessory', 'dress' ]
Found components for "Brown & Orange Four Piece Sharara Set": [ 'top', 'bottom', 'dupatta', 'accessory', 'dress' ]
Found components for "Checks White Drape Kurta Pant Set": [ 'top', 'bottom', 'accessory', 'dress' ]
Found components for "Brown Coord Set": [ 'top', 'bottom', 'dress' ]
Found components for "Cutwork Embroidery Green Kurta Set": [ 'top', 'bottom', 'accessory' ]
Found components for "Brown Cream Kaftan Coord Set": [ 'top', 'bottom', 'kaftan' ]
Found components for "Cutwork Embroidery Grey Kurta Set": [ 'top', 'bottom', 'accessory' ]
Found components for "Cheetah Coord Set": [ 'top', 'bottom', 'dress' ]
Found components for "Dark Navy Blue Kaftan Coord Set": [ 'top', 'bottom', 'dress', 'kaftan' ]
Found components for "Cobalt Blue Coord Set": [ 'top', 'bottom', 'dupatta', 'dress' ]
Found components for "Brown High Low Coord Set": [ 'top', 'bottom' ]
Found components for "Colourful Three Piece Set": [ 'top', 'bottom', 'jacket', 'dress' ]
Found components for "Cotton Candy Pink Coord Set": [ 'top', 'bottom', 'dress', 'cape' ]
Found components for "Brown Lehenga Set": [ 'top', 'dupatta', 'lehenga', 'dress' ]
Found components for "Cream and Red Mirror Work Suit Set": [ 'top', 'bottom' ]
Found components for "Brownwood Kaftan Set": [ 'bottom', 'dress', 'kaftan' ]
Found components for "Cream Black Cotton Kurta Set": [ 'top', 'bottom', 'dupatta', 'dress' ]
Found components for "Dark Red Blazer Skirt Set": [ 'top', 'bottom', 'jacket', 'dress' ]
Found components for "Dark Red Pathani Set": [ 'top', 'bottom' ]
Found components for "Champagne Brown Shell Coord Set": [ 'top', 'bottom' ]
Found components for "Champagne Pink Abstract Waist Coat Set": [ 'top', 'bottom', 'jacket' ]
Found components for "Cream Floral Linen Jacquard Kurta Set": [ 'top', 'bottom', 'dupatta', 'dress' ]
100 set products are unprocessed
Found components for "(@ThatBohoGirl) Lime Green Coord Set - Three Piece Set": [ 'top', 'bottom', 'accessory' ]
Found components for "(@Yasmin Karachiwala) Creamy Charcoal Drape 3 Piece Set": [ 'top', 'bottom', 'dress', 'cape' ]
Found components for "(Divyanka Tripathi) Gold Black Striped Kaftan Set": [ 'top', 'bottom', 'dress', 'kaftan' ]
Found components for "(DivyankaTripathi) Three Piece Off-White Drape Pant Set with Handbag": [ 'top', 'bottom', 'accessory' ]
Found components for "(Kajol) Tie Dye Green Drape Sari Kurta Set": [ 'top', 'bottom', 'dupatta', 'dress', 'saree' ]
Found components for "A line White Suit Set": [ 'top', 'bottom', 'dupatta', 'dress' ]
Found components for "Alia Bhatt (limited edition) Red Blue Coord Set": [ 'jacket', 'accessory', 'dress', 'saree' ]
Found components for "All White Blazer Set": [ 'top', 'bottom', 'jacket' ]
Found components for "Antique Silver Polish Choker Necklace Set": [ 'accessory' ]
Found components for "Bandhini Pathani Set": [ 'top', 'dress' ]
Found components for "Beadwork White Black Suit Set": [ 'top', 'bottom', 'dupatta', 'dress' ]
Found components for "Beige Coord Set with Necklace": [ 'top', 'bottom', 'accessory', 'dress' ]
Found components for "Beige Kaftan Set": [ 'bottom', 'dress', 'kaftan' ]
Found components for "Beige Mirror Work Coord Set": [ 'top', 'bottom' ]
Found components for "Beige Waistcoat Set": [ 'top', 'bottom', 'jacket' ]
Found components for "Black 3 Piece Coord Set - Neckpiece included": [ 'top', 'bottom', 'dress' ]
Found components for "Black and Yellow Coord Set": [ 'top', 'bottom' ]
Found components for "Black Banarasi Suit Set": [ 'top', 'bottom', 'dupatta', 'dress' ]
Found components for "Black Brown Pathani Set": [ 'top' ]
Found components for "Black Coord Set With Hanging Tassels": [ 'top', 'bottom', 'kaftan' ]
Found components for "Black Floral Dhoti Set": [ 'top', 'bottom', 'dress' ]
Found components for "Black Grey Off Shoulder Coord Set": [ 'top', 'bottom', 'dress' ]
Found components for "Black Motif Banarasi Kurta Set": [ 'top', 'bottom', 'dupatta', 'dress' ]
Found components for "Black Pakistani Suit Set": [ 'top', 'bottom', 'dupatta', 'dress' ]
Found components for "Black Pathani Dhoti Banjara Potli Set": [ 'top', 'bottom', 'accessory' ]
Found components for "Black Pathani Set - Best Pathani Suit for Women": [ 'top', 'bottom' ]
Found components for "Black Peach Waist Coat Set": [ 'top', 'bottom', 'jacket' ]
Found components for "Black Sharara Set": [ 'top', 'bottom', 'dupatta' ]
Found components for "Black Shell Skirt Sari - Two Piece Set": [ 'top', 'bottom', 'saree' ]
Found components for "Black Slit Dress And Jacket Set": [ 'jacket', 'dress' ]
Found components for "Black Spaghetti Dhoti Set": [ 'top', 'bottom', 'dupatta' ]
Found components for "Black White Embroidery Coord Set - Two Piece": [ 'top', 'bottom', 'accessory', 'dress' ]
Found components for "Black White Half Jumpsuit Jacket Set": [ 'jacket', 'accessory', 'dress', 'jumpsuit' ]
Found components for "Black White Spaghetti Sharara Set": [ 'top', 'bottom', 'dupatta', 'dress' ]
Found components for "Black White Zipper Coord Set": [ 'top', 'bottom', 'kaftan' ]
Found components for "Blue Abstract Waist Coat Set": [ 'top', 'bottom', 'jacket' ]
Found components for "Blue Bandhani Banarasi  Kurta Set": [ 'top', 'bottom', 'dupatta', 'dress' ]
Found components for "Blue Blazer Set": [ 'bottom', 'jacket' ]
Found components for "Blue Bralette Kurta Set": [ 'top', 'bottom' ]
Found components for "Blue Card Print Coord Set with Handbag": [ 'top', 'bottom', 'accessory' ]
Found components for "Blue Evil Eye Shubh Labh Set - Accessory": [ 'accessory' ]
Found components for "Blue Flower Off White Coord Set": [ 'top', 'bottom', 'dress' ]
Found components for "Blue Flower Suit Set": [ 'dress' ]
Found components for "Blue Gold Jumpsuit Jacket Set": [ 'jacket', 'jumpsuit' ]
Found components for "Blue Green Farshi Set": [ 'top', 'bottom' ]
Found components for "Blue Half Kaftan Coord Set": [ 'top', 'bottom', 'kaftan' ]
Found components for "Blue Kurta Jacket Set": [ 'top', 'bottom', 'jacket', 'dress' ]
Found components for "Blue Kurta Pallazo Set": [ 'top', 'bottom', 'dress' ]
Found components for "Blue Lotus Coord Set": [ 'top', 'bottom', 'dress', 'kaftan' ]
Found components for "Blue Organza Anarkali Kurta Set": [ 'top', 'bottom', 'dupatta', 'dress' ]
Found components for "Blue Pink Sharara Set": [ 'top', 'bottom', 'dupatta', 'dress' ]
Found components for "Blue Polka Off Shoulder Coord Set": [ 'top', 'bottom', 'dress', 'kaftan' ]
Found components for "Blue Red Suit Set": [ 'top', 'bottom', 'dupatta', 'dress' ]
Found components for "Blue Shell Skirt Sari - Two Piece Set": [ 'top', 'bottom', 'saree' ]
Found components for "Blue Slit Kurta Pant Set": [ 'top', 'bottom', 'dress' ]
Found components for "Blue Spaghetti Sharara Set": [ 'bottom' ]
Found components for "Blue Wave Pocket Co ord Set": [ 'top', 'bottom', 'dress' ]
Found components for "Blue White Doodle - Three Piece Coord Set": [ 'top', 'bottom', 'dress', 'kaftan' ]
Found components for "Blue Wrap Around Coord Set": [ 'top', 'bottom', 'accessory', 'dress', 'wrap' ]
Found components for "Blue Yellow Four Piece Potli Set": [ 'top', 'bottom', 'dupatta', 'accessory', 'dress' ]
Found components for "Blue Zig Zag Coord Set": [ 'top', 'bottom' ]
Found components for "Blue Zipper Coord Set": [ 'top', 'bottom', 'kaftan' ]
Found components for "Blush Pink Motif Banarasi Kurta Set": [ 'top', 'bottom', 'dupatta', 'dress' ]
Found components for "Blush Pink Sharara Set": [ 'top', 'bottom', 'dupatta', 'dress' ]
Found components for "Boho Black Coord Set": [ 'top', 'bottom', 'dress' ]
Found components for "Boho Fringe Pink White Set": [ 'top', 'bottom', 'dress' ]
Found components for "Bottle Green Bandhani Jacquard Kurta Set": [ 'top', 'bottom', 'dupatta', 'dress' ]
Found components for "Bottle Green Crepe Coord Set": [ 'top', 'bottom', 'accessory', 'dress' ]
Found components for "Brass Kundan Pooja Thali 7 Pc Set - Accessory": [ 'accessory' ]
Found components for "Brass Laxmi Charan Diya Set (Pair of 2) - Accessory": [ 'accessory' ]
Found components for "Brown & Orange Four Piece Sharara Set": [ 'top', 'bottom', 'dupatta', 'accessory', 'dress' ]
Found components for "Brown Coord Set": [ 'top', 'bottom', 'dress' ]
Found components for "Brown Cream Kaftan Coord Set": [ 'top', 'bottom', 'kaftan' ]
Found components for "Brown High Low Coord Set": [ 'top', 'bottom' ]
Found components for "Brown Lehenga Set": [ 'top', 'dupatta', 'lehenga', 'dress' ]
Found components for "Brownwood Kaftan Set": [ 'bottom', 'dress', 'kaftan' ]
Found components for "Champagne Brown Shell Coord Set": [ 'top', 'bottom' ]
Found components for "Champagne Pink Abstract Waist Coat Set": [ 'top', 'bottom', 'jacket' ]
Found components for "Checks Black Coord Set": [ 'top', 'bottom', 'dress' ]
Found components for "Checks Black Kurta Pant Set": [ 'top', 'bottom' ]
Found components for "Checks Navy Blue Coord Set": [ 'top', 'bottom', 'dress' ]
Found components for "Checks Three Piece Set": [ 'top', 'bottom', 'jacket', 'accessory', 'dress' ]
Found components for "Checks White Drape Kurta Pant Set": [ 'top', 'bottom', 'accessory', 'dress' ]
Found components for "Cheetah Coord Set": [ 'top', 'bottom', 'dress' ]
Found components for "Cobalt Blue Coord Set": [ 'top', 'bottom', 'dupatta', 'dress' ]
Found components for "Colourful Three Piece Set": [ 'top', 'bottom', 'jacket', 'dress' ]
Found components for "Cotton Candy Pink Coord Set": [ 'top', 'bottom', 'dress', 'cape' ]
Found components for "Cream and Red Mirror Work Suit Set": [ 'top', 'bottom' ]
Found components for "Cream Black Cotton Kurta Set": [ 'top', 'bottom', 'dupatta', 'dress' ]
Found components for "Cream Floral Linen Jacquard Kurta Set": [ 'top', 'bottom', 'dupatta', 'dress' ]
Found components for "Crepe Hot Pink Gold Spaghetti Sharara Set": [ 'top', 'bottom', 'dupatta' ]
Found components for "Crepe Maroon Kaftan Dhoti Set": [ 'top', 'bottom', 'dress', 'kaftan' ]
Found components for "Crepe Shell Yellow Pink Kurta Dhoti Set": [ 'top', 'bottom', 'accessory', 'dress' ]
Found components for "Cube Blue Dhoti Skirt Jacket Coord Set": [ 'top', 'bottom', 'jacket' ]
Found components for "Cutwork Beige 3 Piece Coord Set": [ 'top', 'bottom', 'jacket', 'dress' ]
Found components for "Cutwork Embroidery Green Kurta Set": [ 'top', 'bottom', 'accessory' ]
Found components for "Cutwork Embroidery Grey Kurta Set": [ 'top', 'bottom', 'accessory' ]
Found components for "Dark Navy Blue Kaftan Coord Set": [ 'top', 'bottom', 'dress', 'kaftan' ]
Found components for "Dark Red Blazer Skirt Set": [ 'top', 'bottom', 'jacket', 'dress' ]
Found components for "Dark Red Pathani Set": [ 'top', 'bottom' ]
Found components for "Crepe Hot Pink Gold Spaghetti Sharara Set": [ 'top', 'bottom', 'dupatta' ]
Found components for "Crepe Maroon Kaftan Dhoti Set": [ 'top', 'bottom', 'dress', 'kaftan' ]
Found components for "Checks Black Coord Set": [ 'top', 'bottom', 'dress' ]
Found components for "Crepe Shell Yellow Pink Kurta Dhoti Set": [ 'top', 'bottom', 'accessory', 'dress' ]
Found components for "Cube Blue Dhoti Skirt Jacket Coord Set": [ 'top', 'bottom', 'jacket' ]
Found components for "Checks Black Kurta Pant Set": [ 'top', 'bottom' ]
Found components for "Cutwork Beige 3 Piece Coord Set": [ 'top', 'bottom', 'jacket', 'dress' ]
Found components for "Checks Navy Blue Coord Set": [ 'top', 'bottom', 'dress' ]
Found components for "Cutwork Embroidery Green Kurta Set": [ 'top', 'bottom', 'accessory' ]
Found components for "Checks Three Piece Set": [ 'top', 'bottom', 'jacket', 'accessory', 'dress' ]
Found components for "Cutwork Embroidery Grey Kurta Set": [ 'top', 'bottom', 'accessory' ]
Found components for "Dark Navy Blue Kaftan Coord Set": [ 'top', 'bottom', 'dress', 'kaftan' ]
Found components for "Checks White Drape Kurta Pant Set": [ 'top', 'bottom', 'accessory', 'dress' ]
Found components for "Cheetah Coord Set": [ 'top', 'bottom', 'dress' ]
Found components for "Dark Red Blazer Skirt Set": [ 'top', 'bottom', 'jacket', 'dress' ]
Found components for "Cobalt Blue Coord Set": [ 'top', 'bottom', 'dupatta', 'dress' ]
Found components for "Dark Red Pathani Set": [ 'top', 'bottom' ]
Found components for "Colourful Three Piece Set": [ 'top', 'bottom', 'jacket', 'dress' ]
105 set products are unprocessed
Found components for "(@ThatBohoGirl) Lime Green Coord Set - Three Piece Set": [ 'top', 'bottom', 'accessory' ]
Found components for "(@Yasmin Karachiwala) Creamy Charcoal Drape 3 Piece Set": [ 'top', 'bottom', 'dress', 'cape' ]
Found components for "(Divyanka Tripathi) Gold Black Striped Kaftan Set": [ 'top', 'bottom', 'dress', 'kaftan' ]
Found components for "(DivyankaTripathi) Three Piece Off-White Drape Pant Set with Handbag": [ 'top', 'bottom', 'accessory' ]
Found components for "(Kajol) Tie Dye Green Drape Sari Kurta Set": [ 'top', 'bottom', 'dupatta', 'dress', 'saree' ]
Found components for "A line White Suit Set": [ 'top', 'bottom', 'dupatta', 'dress' ]
Found components for "Alia Bhatt (limited edition) Red Blue Coord Set": [ 'jacket', 'accessory', 'dress', 'saree' ]
Found components for "All White Blazer Set": [ 'top', 'bottom', 'jacket' ]
Found components for "Antique Silver Polish Choker Necklace Set": [ 'accessory' ]
Found components for "Bandhini Pathani Set": [ 'top', 'dress' ]
Found components for "Beadwork White Black Suit Set": [ 'top', 'bottom', 'dupatta', 'dress' ]
Found components for "Beige Coord Set with Necklace": [ 'top', 'bottom', 'accessory', 'dress' ]
Found components for "Beige Kaftan Set": [ 'bottom', 'dress', 'kaftan' ]
Found components for "Beige Maroon Shirt Lehenga Set": [ 'top', 'lehenga', 'dress' ]
Found components for "Beige Mirror Work Coord Set": [ 'top', 'bottom' ]
Found components for "Beige Waistcoat Set": [ 'top', 'bottom', 'jacket' ]
Found components for "Black 3 Piece Coord Set - Neckpiece included": [ 'top', 'bottom', 'dress' ]
Found components for "Black And Red Coord Set": [ 'jacket', 'dress' ]
Found components for "Black and Red Kaftan Dhoti Set": [ 'bottom', 'kaftan' ]
Found components for "Black and Red Three Piece Dhoti Set": [ 'top', 'bottom', 'jacket' ]
Found components for "Black and White Elephant Four Piece Set": [ 'top', 'bottom', 'jacket', 'dupatta', 'accessory' ]
Found components for "Black and Yellow Coord Set": [ 'top', 'bottom' ]
Found components for "Black Banarasi Suit Set": [ 'top', 'bottom', 'dupatta', 'dress' ]
Found components for "Black Brown Pathani Set": [ 'top' ]
Found components for "Black Coord Set With Hanging Tassels": [ 'top', 'bottom', 'kaftan' ]
Found components for "Black Floral Dhoti Set": [ 'top', 'bottom', 'dress' ]
Found components for "Black Grey Off Shoulder Coord Set": [ 'top', 'bottom', 'dress' ]
Found components for "Black Motif Banarasi Kurta Set": [ 'top', 'bottom', 'dupatta', 'dress' ]
Found components for "Black Pakistani Suit Set": [ 'top', 'bottom', 'dupatta', 'dress' ]
Found components for "Black Pathani Dhoti Banjara Potli Set": [ 'top', 'bottom', 'accessory' ]
Found components for "Black Pathani Set - Best Pathani Suit for Women": [ 'top', 'bottom' ]
Found components for "Black Peach Waist Coat Set": [ 'top', 'bottom', 'jacket' ]
Found components for "Black Sharara Set": [ 'top', 'bottom', 'dupatta' ]
Found components for "Black Shell Skirt Sari - Two Piece Set": [ 'top', 'bottom', 'saree' ]
Found components for "Black Slit Dress And Jacket Set": [ 'jacket', 'dress' ]
Found components for "Black Spaghetti Dhoti Set": [ 'top', 'bottom', 'dupatta' ]
Found components for "Black White Embroidery Coord Set - Two Piece": [ 'top', 'bottom', 'accessory', 'dress' ]
Found components for "Black White Half Jumpsuit Jacket Set": [ 'jacket', 'accessory', 'dress', 'jumpsuit' ]
Found components for "Black White Spaghetti Sharara Set": [ 'top', 'bottom', 'dupatta', 'dress' ]
Found components for "Black White Zipper Coord Set": [ 'top', 'bottom', 'kaftan' ]
Found components for "Blue Abstract Waist Coat Set": [ 'top', 'bottom', 'jacket' ]
Found components for "Blue Bandhani Banarasi  Kurta Set": [ 'top', 'bottom', 'dupatta', 'dress' ]
Found components for "Blue Blazer Set": [ 'bottom', 'jacket' ]
Found components for "Blue Bralette Kurta Set": [ 'top', 'bottom' ]
Found components for "Blue Card Print Coord Set with Handbag": [ 'top', 'bottom', 'accessory' ]
Found components for "Blue Evil Eye Shubh Labh Set - Accessory": [ 'accessory' ]
Found components for "Blue Flared Pants With Patchwork Corset Top": [ 'top', 'bottom' ]
Found components for "Blue Flower Off White Coord Set": [ 'top', 'bottom', 'dress' ]
Found components for "Blue Flower Suit Set": [ 'dress' ]
Found components for "Blue Green Farshi Set": [ 'top', 'bottom' ]
Found components for "Blue Half Kaftan Coord Set": [ 'top', 'bottom', 'kaftan' ]
Found components for "Blue Kurta Pallazo Set": [ 'top', 'bottom', 'dress' ]
Found components for "Blue Lotus Coord Set": [ 'top', 'bottom', 'dress', 'kaftan' ]
Found components for "Blue Organza Anarkali Kurta Set": [ 'top', 'bottom', 'dupatta', 'dress' ]
Found components for "Blue Pink Embroidery 3 Piece Set- Pant, Jacket, Blouse": [ 'top', 'bottom', 'jacket', 'dress', 'cape' ]
Found components for "Blue Pink Sharara Set": [ 'top', 'bottom', 'dupatta', 'dress' ]
Found components for "Blue Polka Off Shoulder Coord Set": [ 'top', 'bottom', 'dress', 'kaftan' ]
Found components for "Blue Red Suit Set": [ 'top', 'bottom', 'dupatta', 'dress' ]
Found components for "Blue Shell Skirt Sari - Two Piece Set": [ 'top', 'bottom', 'saree' ]
Found components for "Blue Slit Kurta Pant Set": [ 'top', 'bottom', 'dress' ]
Found components for "Blue Spaghetti Sharara Set": [ 'bottom' ]
Found components for "Blue Wave Pocket Co ord Set": [ 'top', 'bottom', 'dress' ]
Found components for "Blue White Doodle - Three Piece Coord Set": [ 'top', 'bottom', 'dress', 'kaftan' ]
Found components for "Blue Wrap Around Coord Set": [ 'top', 'bottom', 'accessory', 'dress', 'wrap' ]
Found components for "Blue Yellow Four Piece Potli Set": [ 'top', 'bottom', 'dupatta', 'accessory', 'dress' ]
Found components for "Blue Zig Zag Coord Set": [ 'top', 'bottom' ]
Found components for "Blue Zipper Coord Set": [ 'top', 'bottom', 'kaftan' ]
Found components for "Blush Pink Motif Banarasi Kurta Set": [ 'top', 'bottom', 'dupatta', 'dress' ]
Found components for "Blush Pink Sharara Set": [ 'top', 'bottom', 'dupatta', 'dress' ]
Found components for "Boho Black Coord Set": [ 'top', 'bottom', 'dress' ]
Found components for "Boho Fringe Pink White Set": [ 'top', 'bottom', 'dress' ]
Found components for "Bottle Green Bandhani Jacquard Kurta Set": [ 'top', 'bottom', 'dupatta', 'dress' ]
Found components for "Bottle Green Crepe Coord Set": [ 'top', 'bottom', 'accessory', 'dress' ]
Found components for "Brass Kundan Pooja Thali 7 Pc Set - Accessory": [ 'accessory' ]
Found components for "Brass Laxmi Charan Diya Set (Pair of 2) - Accessory": [ 'accessory' ]
Found components for "Brown & Orange Four Piece Sharara Set": [ 'top', 'bottom', 'dupatta', 'accessory', 'dress' ]
Found components for "Brown Coord Set": [ 'top', 'bottom', 'dress' ]
Found components for "Brown Cream Kaftan Coord Set": [ 'top', 'bottom', 'kaftan' ]
Found components for "Brown High Low Coord Set": [ 'top', 'bottom' ]
Found components for "Brown Lehenga Set": [ 'top', 'dupatta', 'lehenga', 'dress' ]
Found components for "Brownwood Kaftan Set": [ 'bottom', 'dress', 'kaftan' ]
Found components for "Champagne Brown Shell Coord Set": [ 'top', 'bottom' ]
Found components for "Champagne Pink Abstract Waist Coat Set": [ 'top', 'bottom', 'jacket' ]
Found components for "Checks Black Coord Set": [ 'top', 'bottom', 'dress' ]
Found components for "Checks Black Kurta Pant Set": [ 'top', 'bottom' ]
Found components for "Checks Navy Blue Coord Set": [ 'top', 'bottom', 'dress' ]
Found components for "Checks Three Piece Set": [ 'top', 'bottom', 'jacket', 'accessory', 'dress' ]
Found components for "Checks White Drape Kurta Pant Set": [ 'top', 'bottom', 'accessory', 'dress' ]
Found components for "Cheetah Coord Set": [ 'top', 'bottom', 'dress' ]
Found components for "Cobalt Blue Coord Set": [ 'top', 'bottom', 'dupatta', 'dress' ]
Found components for "Colourful Three Piece Set": [ 'top', 'bottom', 'jacket', 'dress' ]
Found components for "Cotton Candy Pink Coord Set": [ 'top', 'bottom', 'dress', 'cape' ]
Found components for "Cream and Red Mirror Work Suit Set": [ 'top', 'bottom' ]
Found components for "Cream Black Cotton Kurta Set": [ 'top', 'bottom', 'dupatta', 'dress' ]
Found components for "Cream Floral Linen Jacquard Kurta Set": [ 'top', 'bottom', 'dupatta', 'dress' ]
Found components for "Crepe Hot Pink Gold Spaghetti Sharara Set": [ 'top', 'bottom', 'dupatta' ]
Found components for "Crepe Maroon Kaftan Dhoti Set": [ 'top', 'bottom', 'dress', 'kaftan' ]
Found components for "Crepe Shell Yellow Pink Kurta Dhoti Set": [ 'top', 'bottom', 'accessory', 'dress' ]
Found components for "Cube Blue Dhoti Skirt Jacket Coord Set": [ 'top', 'bottom', 'jacket' ]
Found components for "Cutwork Beige 3 Piece Coord Set": [ 'top', 'bottom', 'jacket', 'dress' ]
Found components for "Cutwork Embroidery Green Kurta Set": [ 'top', 'bottom', 'accessory' ]
Found components for "Cutwork Embroidery Grey Kurta Set": [ 'top', 'bottom', 'accessory' ]
Found components for "Dark Navy Blue Kaftan Coord Set": [ 'top', 'bottom', 'dress', 'kaftan' ]
Found components for "Dark Red Blazer Skirt Set": [ 'top', 'bottom', 'jacket', 'dress' ]
Found components for "Dark Red Pathani Set": [ 'top', 'bottom' ]
Found components for "Cotton Candy Pink Coord Set": [ 'top', 'bottom', 'dress', 'cape' ]
Found components for "Cream and Red Mirror Work Suit Set": [ 'top', 'bottom' ]
Found components for "Cream Black Cotton Kurta Set": [ 'top', 'bottom', 'dupatta', 'dress' ]
Found components for "Cream Floral Linen Jacquard Kurta Set": [ 'top', 'bottom', 'dupatta', 'dress' ]
Found components for "Crepe Hot Pink Gold Spaghetti Sharara Set": [ 'top', 'bottom', 'dupatta' ]
Found components for "Crepe Maroon Kaftan Dhoti Set": [ 'top', 'bottom', 'dress', 'kaftan' ]
Finding all set products...
Fetching all products from Shopify...
Found components for "Crepe Shell Yellow Pink Kurta Dhoti Set": [ 'top', 'bottom', 'accessory', 'dress' ]
Found 250 total products, filtering for sets...
Found 110 set products, checking processed status...
Found components for "(@CurlyTales) White Chikan Set": [ 'top', 'bottom', 'accessory', 'dress' ]
Found components for "Cube Blue Dhoti Skirt Jacket Coord Set": [ 'top', 'bottom', 'jacket' ]
Product (@CurlyTales) White Chikan Set already processed (component Top exists)
Found components for "(@Debina Bonnerjee) Stripe Technicolour Coord Set": [ 'top', 'bottom', 'accessory', 'dress' ]
Product (@Debina Bonnerjee) Stripe Technicolour Coord Set already processed (component Top exists)
Found components for "(@Masoom Minawala) Black Co ord Set - Geometric 3 Piece Set": [ 'top', 'bottom', 'jacket', 'accessory', 'dress' ]
Found components for "Cutwork Beige 3 Piece Coord Set": [ 'top', 'bottom', 'jacket', 'dress' ]
Product (@Masoom Minawala) Black Co ord Set - Geometric 3 Piece Set already processed (component Top exists)
Found components for "(@ThatBohoGirl) Lime Green Coord Set - Three Piece Set": [ 'top', 'bottom', 'accessory' ]
Found components for "Cutwork Embroidery Green Kurta Set": [ 'top', 'bottom', 'accessory' ]
Found components for "(@Yasmin Karachiwala) Creamy Charcoal Drape 3 Piece Set": [ 'top', 'bottom', 'dress', 'cape' ]
Found components for "Cutwork Embroidery Grey Kurta Set": [ 'top', 'bottom', 'accessory' ]
Found components for "(Divyanka Tripathi) Gold Black Striped Kaftan Set": [ 'top', 'bottom', 'dress', 'kaftan' ]
Found components for "Dark Navy Blue Kaftan Coord Set": [ 'top', 'bottom', 'dress', 'kaftan' ]
Found components for "(DivyankaTripathi) Three Piece Off-White Drape Pant Set with Handbag": [ 'top', 'bottom', 'accessory' ]
Found components for "Dark Red Blazer Skirt Set": [ 'top', 'bottom', 'jacket', 'dress' ]
Found components for "(Kajol) Tie Dye Green Drape Sari Kurta Set": [ 'top', 'bottom', 'dupatta', 'dress', 'saree' ]
Found components for "Dark Red Pathani Set": [ 'top', 'bottom' ]
Found components for "A line White Suit Set": [ 'top', 'bottom', 'dupatta', 'dress' ]
104 set products are unprocessed
Found components for "(@ThatBohoGirl) Lime Green Coord Set - Three Piece Set": [ 'top', 'bottom', 'accessory' ]
Found components for "(@Yasmin Karachiwala) Creamy Charcoal Drape 3 Piece Set": [ 'top', 'bottom', 'dress', 'cape' ]
Found components for "(Divyanka Tripathi) Gold Black Striped Kaftan Set": [ 'top', 'bottom', 'dress', 'kaftan' ]
Found components for "(DivyankaTripathi) Three Piece Off-White Drape Pant Set with Handbag": [ 'top', 'bottom', 'accessory' ]
Found components for "(Kajol) Tie Dye Green Drape Sari Kurta Set": [ 'top', 'bottom', 'dupatta', 'dress', 'saree' ]
Found components for "A line White Suit Set": [ 'top', 'bottom', 'dupatta', 'dress' ]
Found components for "Alia Bhatt (limited edition) Red Blue Coord Set": [ 'jacket', 'accessory', 'dress', 'saree' ]
Found components for "All White Blazer Set": [ 'top', 'bottom', 'jacket' ]
Found components for "Antique Silver Polish Choker Necklace Set": [ 'accessory' ]
Found components for "Bandhini Pathani Set": [ 'top', 'dress' ]
Found components for "Beadwork White Black Suit Set": [ 'top', 'bottom', 'dupatta', 'dress' ]
Found components for "Beige Coord Set with Necklace": [ 'top', 'bottom', 'accessory', 'dress' ]
Found components for "Beige Kaftan Set": [ 'bottom', 'dress', 'kaftan' ]
Found components for "Beige Maroon Shirt Lehenga Set": [ 'top', 'lehenga', 'dress' ]
Found components for "Beige Mirror Work Coord Set": [ 'top', 'bottom' ]
Found components for "Beige Waistcoat Set": [ 'top', 'bottom', 'jacket' ]
Found components for "Black 3 Piece Coord Set - Neckpiece included": [ 'top', 'bottom', 'dress' ]
Found components for "Black And Red Coord Set": [ 'jacket', 'dress' ]
Found components for "Black and Red Kaftan Dhoti Set": [ 'bottom', 'kaftan' ]
Found components for "Black and Red Three Piece Dhoti Set": [ 'top', 'bottom', 'jacket' ]
Found components for "Black and Yellow Coord Set": [ 'top', 'bottom' ]
Found components for "Black Banarasi Suit Set": [ 'top', 'bottom', 'dupatta', 'dress' ]
Found components for "Black Brown Pathani Set": [ 'top' ]
Found components for "Black Coord Set With Hanging Tassels": [ 'top', 'bottom', 'kaftan' ]
Found components for "Black Floral Dhoti Set": [ 'top', 'bottom', 'dress' ]
Found components for "Black Grey Off Shoulder Coord Set": [ 'top', 'bottom', 'dress' ]
Found components for "Black Motif Banarasi Kurta Set": [ 'top', 'bottom', 'dupatta', 'dress' ]
Found components for "Black Pakistani Suit Set": [ 'top', 'bottom', 'dupatta', 'dress' ]
Found components for "Black Pathani Dhoti Banjara Potli Set": [ 'top', 'bottom', 'accessory' ]
Found components for "Black Pathani Set - Best Pathani Suit for Women": [ 'top', 'bottom' ]
Found components for "Black Peach Waist Coat Set": [ 'top', 'bottom', 'jacket' ]
Found components for "Black Sharara Set": [ 'top', 'bottom', 'dupatta' ]
Found components for "Black Shell Skirt Sari - Two Piece Set": [ 'top', 'bottom', 'saree' ]
Found components for "Black Slit Dress And Jacket Set": [ 'jacket', 'dress' ]
Found components for "Black Spaghetti Dhoti Set": [ 'top', 'bottom', 'dupatta' ]
Found components for "Black White Embroidery Coord Set - Two Piece": [ 'top', 'bottom', 'accessory', 'dress' ]
Found components for "Black White Half Jumpsuit Jacket Set": [ 'jacket', 'accessory', 'dress', 'jumpsuit' ]
Found components for "Black White Spaghetti Sharara Set": [ 'top', 'bottom', 'dupatta', 'dress' ]
Found components for "Black White Zipper Coord Set": [ 'top', 'bottom', 'kaftan' ]
Found components for "Blue Abstract Waist Coat Set": [ 'top', 'bottom', 'jacket' ]
Found components for "Blue Bandhani Banarasi  Kurta Set": [ 'top', 'bottom', 'dupatta', 'dress' ]
Found components for "Blue Blazer Set": [ 'bottom', 'jacket' ]
Found components for "Blue Bralette Kurta Set": [ 'top', 'bottom' ]
Found components for "Blue Card Print Coord Set with Handbag": [ 'top', 'bottom', 'accessory' ]
Found components for "Blue Evil Eye Shubh Labh Set - Accessory": [ 'accessory' ]
Found components for "Blue Flared Pants With Patchwork Corset Top": [ 'top', 'bottom' ]
Found components for "Blue Flower Off White Coord Set": [ 'top', 'bottom', 'dress' ]
Found components for "Blue Flower Suit Set": [ 'dress' ]
Found components for "Blue Green Farshi Set": [ 'top', 'bottom' ]
Found components for "Blue Half Kaftan Coord Set": [ 'top', 'bottom', 'kaftan' ]
Found components for "Blue Kurta Pallazo Set": [ 'top', 'bottom', 'dress' ]
Found components for "Blue Lotus Coord Set": [ 'top', 'bottom', 'dress', 'kaftan' ]
Found components for "Blue Organza Anarkali Kurta Set": [ 'top', 'bottom', 'dupatta', 'dress' ]
Found components for "Blue Pink Embroidery 3 Piece Set- Pant, Jacket, Blouse": [ 'top', 'bottom', 'jacket', 'dress', 'cape' ]
Found components for "Blue Pink Sharara Set": [ 'top', 'bottom', 'dupatta', 'dress' ]
Found components for "Blue Polka Off Shoulder Coord Set": [ 'top', 'bottom', 'dress', 'kaftan' ]
Found components for "Blue Red Suit Set": [ 'top', 'bottom', 'dupatta', 'dress' ]
Found components for "Blue Shell Skirt Sari - Two Piece Set": [ 'top', 'bottom', 'saree' ]
Found components for "Blue Slit Kurta Pant Set": [ 'top', 'bottom', 'dress' ]
Found components for "Blue Spaghetti Sharara Set": [ 'bottom' ]
Found components for "Blue Wave Pocket Co ord Set": [ 'top', 'bottom', 'dress' ]
Found components for "Blue White Doodle - Three Piece Coord Set": [ 'top', 'bottom', 'dress', 'kaftan' ]
Found components for "Blue Wrap Around Coord Set": [ 'top', 'bottom', 'accessory', 'dress', 'wrap' ]
Found components for "Blue Yellow Four Piece Potli Set": [ 'top', 'bottom', 'dupatta', 'accessory', 'dress' ]
Found components for "Blue Zig Zag Coord Set": [ 'top', 'bottom' ]
Found components for "Blue Zipper Coord Set": [ 'top', 'bottom', 'kaftan' ]
Found components for "Blush Pink Motif Banarasi Kurta Set": [ 'top', 'bottom', 'dupatta', 'dress' ]
Found components for "Blush Pink Sharara Set": [ 'top', 'bottom', 'dupatta', 'dress' ]
Found components for "Boho Black Coord Set": [ 'top', 'bottom', 'dress' ]
Found components for "Boho Fringe Pink White Set": [ 'top', 'bottom', 'dress' ]
Found components for "Bottle Green Bandhani Jacquard Kurta Set": [ 'top', 'bottom', 'dupatta', 'dress' ]
Found components for "Bottle Green Crepe Coord Set": [ 'top', 'bottom', 'accessory', 'dress' ]
Found components for "Brass Kundan Pooja Thali 7 Pc Set - Accessory": [ 'accessory' ]
Found components for "Brass Laxmi Charan Diya Set (Pair of 2) - Accessory": [ 'accessory' ]
Found components for "Brown & Orange Four Piece Sharara Set": [ 'top', 'bottom', 'dupatta', 'accessory', 'dress' ]
Found components for "Brown Coord Set": [ 'top', 'bottom', 'dress' ]
Found components for "Brown Cream Kaftan Coord Set": [ 'top', 'bottom', 'kaftan' ]
Found components for "Brown High Low Coord Set": [ 'top', 'bottom' ]
Found components for "Brown Lehenga Set": [ 'top', 'dupatta', 'lehenga', 'dress' ]
Found components for "Brownwood Kaftan Set": [ 'bottom', 'dress', 'kaftan' ]
Found components for "Champagne Brown Shell Coord Set": [ 'top', 'bottom' ]
Found components for "Champagne Pink Abstract Waist Coat Set": [ 'top', 'bottom', 'jacket' ]
Found components for "Checks Black Coord Set": [ 'top', 'bottom', 'dress' ]
Found components for "Checks Black Kurta Pant Set": [ 'top', 'bottom' ]
Found components for "Checks Navy Blue Coord Set": [ 'top', 'bottom', 'dress' ]
Found components for "Checks Three Piece Set": [ 'top', 'bottom', 'jacket', 'accessory', 'dress' ]
Found components for "Checks White Drape Kurta Pant Set": [ 'top', 'bottom', 'accessory', 'dress' ]
Found components for "Cheetah Coord Set": [ 'top', 'bottom', 'dress' ]
Found components for "Cobalt Blue Coord Set": [ 'top', 'bottom', 'dupatta', 'dress' ]
Found components for "Colourful Three Piece Set": [ 'top', 'bottom', 'jacket', 'dress' ]
Found components for "Cotton Candy Pink Coord Set": [ 'top', 'bottom', 'dress', 'cape' ]
Found components for "Cream and Red Mirror Work Suit Set": [ 'top', 'bottom' ]
Found components for "Cream Black Cotton Kurta Set": [ 'top', 'bottom', 'dupatta', 'dress' ]
Found components for "Cream Floral Linen Jacquard Kurta Set": [ 'top', 'bottom', 'dupatta', 'dress' ]
Found components for "Crepe Hot Pink Gold Spaghetti Sharara Set": [ 'top', 'bottom', 'dupatta' ]
Found components for "Crepe Maroon Kaftan Dhoti Set": [ 'top', 'bottom', 'dress', 'kaftan' ]
Found components for "Crepe Shell Yellow Pink Kurta Dhoti Set": [ 'top', 'bottom', 'accessory', 'dress' ]
Found components for "Cube Blue Dhoti Skirt Jacket Coord Set": [ 'top', 'bottom', 'jacket' ]
Found components for "Cutwork Beige 3 Piece Coord Set": [ 'top', 'bottom', 'jacket', 'dress' ]
Found components for "Cutwork Embroidery Green Kurta Set": [ 'top', 'bottom', 'accessory' ]
Found components for "Cutwork Embroidery Grey Kurta Set": [ 'top', 'bottom', 'accessory' ]
Found components for "Dark Navy Blue Kaftan Coord Set": [ 'top', 'bottom', 'dress', 'kaftan' ]
Found components for "Dark Red Blazer Skirt Set": [ 'top', 'bottom', 'jacket', 'dress' ]
Found components for "Dark Red Pathani Set": [ 'top', 'bottom' ]
Found components for "Alia Bhatt (limited edition) Red Blue Coord Set": [ 'jacket', 'accessory', 'dress', 'saree' ]
Found components for "All White Blazer Set": [ 'top', 'bottom', 'jacket' ]
Found components for "Antique Silver Polish Choker Necklace Set": [ 'accessory' ]
Found components for "Bandhini Pathani Set": [ 'top', 'dress' ]
Found components for "Beadwork White Black Suit Set": [ 'top', 'bottom', 'dupatta', 'dress' ]
Found components for "Beige Coord Set with Necklace": [ 'top', 'bottom', 'accessory', 'dress' ]
Found components for "Beige Kaftan Set": [ 'bottom', 'dress', 'kaftan' ]
Found components for "Beige Maroon Shirt Lehenga Set": [ 'top', 'lehenga', 'dress' ]
Product Beige Maroon Shirt Lehenga Set already processed (component Lehenga exists)
Found components for "Beige Mirror Work Coord Set": [ 'top', 'bottom' ]
Found components for "Beige Waistcoat Set": [ 'top', 'bottom', 'jacket' ]
Found components for "Black 3 Piece Coord Set - Neckpiece included": [ 'top', 'bottom', 'dress' ]
Found components for "Black And Red Coord Set": [ 'jacket', 'dress' ]
Product Black And Red Coord Set already processed (component Jacket exists)
Found components for "Black and Red Kaftan Dhoti Set": [ 'bottom', 'kaftan' ]
Product Black and Red Kaftan Dhoti Set already processed (component Kaftan exists)
Found components for "Black and Red Three Piece Dhoti Set": [ 'top', 'bottom', 'jacket' ]
Product Black and Red Three Piece Dhoti Set already processed (component Jacket exists)
Found components for "Black and White Elephant Four Piece Set": [ 'top', 'bottom', 'jacket', 'dupatta', 'accessory' ]
Product Black and White Elephant Four Piece Set already processed (component Jacket exists)
Found components for "Black and Yellow Coord Set": [ 'top', 'bottom' ]
Found components for "Black Banarasi Suit Set": [ 'top', 'bottom', 'dupatta', 'dress' ]
Found components for "Black Brown Pathani Set": [ 'top' ]
Found components for "Black Coord Set With Hanging Tassels": [ 'top', 'bottom', 'kaftan' ]
Found components for "Black Floral Dhoti Set": [ 'top', 'bottom', 'dress' ]
Found components for "Black Grey Off Shoulder Coord Set": [ 'top', 'bottom', 'dress' ]
Found components for "Black Motif Banarasi Kurta Set": [ 'top', 'bottom', 'dupatta', 'dress' ]
Found components for "Black Pakistani Suit Set": [ 'top', 'bottom', 'dupatta', 'dress' ]
Found components for "Black Pathani Dhoti Banjara Potli Set": [ 'top', 'bottom', 'accessory' ]
Found components for "Black Pathani Set - Best Pathani Suit for Women": [ 'top', 'bottom' ]
Found components for "Black Peach Waist Coat Set": [ 'top', 'bottom', 'jacket' ]
Found components for "Black Sharara Set": [ 'top', 'bottom', 'dupatta' ]
Found components for "Black Shell Skirt Sari - Two Piece Set": [ 'top', 'bottom', 'saree' ]
Found components for "Black Slit Dress And Jacket Set": [ 'jacket', 'dress' ]
Product Black Slit Dress And Jacket Set already processed (component Jacket exists)
Found components for "Black Spaghetti Dhoti Set": [ 'top', 'bottom', 'dupatta' ]
Found components for "Black White Embroidery Coord Set - Two Piece": [ 'top', 'bottom', 'accessory', 'dress' ]
Found components for "Black White Half Jumpsuit Jacket Set": [ 'jacket', 'accessory', 'dress', 'jumpsuit' ]
Product Black White Half Jumpsuit Jacket Set already processed (component Jacket exists)
Found components for "Black White Spaghetti Sharara Set": [ 'top', 'bottom', 'dupatta', 'dress' ]
Found components for "Black White Zipper Coord Set": [ 'top', 'bottom', 'kaftan' ]
Found components for "Blue Abstract Waist Coat Set": [ 'top', 'bottom', 'jacket' ]
Found components for "Blue Bandhani Banarasi  Kurta Set": [ 'top', 'bottom', 'dupatta', 'dress' ]
Found components for "Blue Blazer Set": [ 'bottom', 'jacket' ]
Found components for "Blue Bralette Kurta Set": [ 'top', 'bottom' ]
Found components for "Blue Card Print Coord Set with Handbag": [ 'top', 'bottom', 'accessory' ]
Found components for "Blue Evil Eye Shubh Labh Set - Accessory": [ 'accessory' ]
Product Blue Evil Eye Shubh Labh Set - Accessory already processed (component Accessory exists)
Found components for "Blue Flared Pants With Patchwork Corset Top": [ 'top', 'bottom' ]
Product Blue Flared Pants With Patchwork Corset Top already processed (component Top exists)
Found components for "Blue Flower Off White Coord Set": [ 'top', 'bottom', 'dress' ]
Finding all set products...
Fetching all products from Shopify...
Found components for "Blue Flower Suit Set": [ 'dress' ]
Found 250 total products, filtering for sets...
Found 110 set products, checking processed status...
Found components for "(@CurlyTales) White Chikan Set": [ 'top', 'bottom', 'accessory', 'dress' ]
Product (@CurlyTales) White Chikan Set already processed (component Top exists)
Found components for "(@Debina Bonnerjee) Stripe Technicolour Coord Set": [ 'top', 'bottom', 'accessory', 'dress' ]
Found components for "Blue Gold Jumpsuit Jacket Set": [ 'jacket', 'jumpsuit' ]
Product (@Debina Bonnerjee) Stripe Technicolour Coord Set already processed (component Top exists)
Found components for "(@Masoom Minawala) Black Co ord Set - Geometric 3 Piece Set": [ 'top', 'bottom', 'jacket', 'accessory', 'dress' ]
Product Blue Gold Jumpsuit Jacket Set already processed (component Jacket exists)
Found components for "Blue Green Farshi Set": [ 'top', 'bottom' ]
Found components for "Blue Half Kaftan Coord Set": [ 'top', 'bottom', 'kaftan' ]
Product (@Masoom Minawala) Black Co ord Set - Geometric 3 Piece Set already processed (component Top exists)
Found components for "(@ThatBohoGirl) Lime Green Coord Set - Three Piece Set": [ 'top', 'bottom', 'accessory' ]
Found components for "Blue Kurta Jacket Set": [ 'top', 'bottom', 'jacket', 'dress' ]
Found components for "(@Yasmin Karachiwala) Creamy Charcoal Drape 3 Piece Set": [ 'top', 'bottom', 'dress', 'cape' ]
Product Blue Kurta Jacket Set already processed (component Jacket exists)
Found components for "Blue Kurta Pallazo Set": [ 'top', 'bottom', 'dress' ]
Found components for "(Divyanka Tripathi) Gold Black Striped Kaftan Set": [ 'top', 'bottom', 'dress', 'kaftan' ]
Found components for "Blue Lotus Coord Set": [ 'top', 'bottom', 'dress', 'kaftan' ]
Found components for "(DivyankaTripathi) Three Piece Off-White Drape Pant Set with Handbag": [ 'top', 'bottom', 'accessory' ]
Found components for "Blue Organza Anarkali Kurta Set": [ 'top', 'bottom', 'dupatta', 'dress' ]
Found components for "(Kajol) Tie Dye Green Drape Sari Kurta Set": [ 'top', 'bottom', 'dupatta', 'dress', 'saree' ]
Found components for "Blue Pink Embroidery 3 Piece Set- Pant, Jacket, Blouse": [ 'top', 'bottom', 'jacket', 'dress', 'cape' ]
Found components for "A line White Suit Set": [ 'top', 'bottom', 'dupatta', 'dress' ]
Product Blue Pink Embroidery 3 Piece Set- Pant, Jacket, Blouse already processed (component Jacket exists)
Found components for "Blue Pink Sharara Set": [ 'top', 'bottom', 'dupatta', 'dress' ]
Found components for "Alia Bhatt (limited edition) Red Blue Coord Set": [ 'jacket', 'accessory', 'dress', 'saree' ]
Found components for "Blue Polka Off Shoulder Coord Set": [ 'top', 'bottom', 'dress', 'kaftan' ]
Found components for "All White Blazer Set": [ 'top', 'bottom', 'jacket' ]
Found components for "Blue Red Suit Set": [ 'top', 'bottom', 'dupatta', 'dress' ]
Found components for "Antique Silver Polish Choker Necklace Set": [ 'accessory' ]
Found components for "Blue Shell Skirt Sari - Two Piece Set": [ 'top', 'bottom', 'saree' ]
Found components for "Bandhini Pathani Set": [ 'top', 'dress' ]
Finding all set products...
Fetching all products from Shopify...
Found components for "Blue Slit Kurta Pant Set": [ 'top', 'bottom', 'dress' ]
Found components for "Beadwork White Black Suit Set": [ 'top', 'bottom', 'dupatta', 'dress' ]
Found 250 total products, filtering for sets...
Found 110 set products, checking processed status...
Found components for "(@CurlyTales) White Chikan Set": [ 'top', 'bottom', 'accessory', 'dress' ]
Found components for "Blue Spaghetti Sharara Set": [ 'bottom' ]
Found components for "Beige Coord Set with Necklace": [ 'top', 'bottom', 'accessory', 'dress' ]
Found components for "Blue Wave Pocket Co ord Set": [ 'top', 'bottom', 'dress' ]
Product (@CurlyTales) White Chikan Set already processed (component Top exists)
Found components for "(@Debina Bonnerjee) Stripe Technicolour Coord Set": [ 'top', 'bottom', 'accessory', 'dress' ]
Found components for "Blue White Doodle - Three Piece Coord Set": [ 'top', 'bottom', 'dress', 'kaftan' ]
Found components for "Beige Kaftan Set": [ 'bottom', 'dress', 'kaftan' ]
Found components for "Beige Maroon Shirt Lehenga Set": [ 'top', 'lehenga', 'dress' ]
Found components for "Blue Wrap Around Coord Set": [ 'top', 'bottom', 'accessory', 'dress', 'wrap' ]
Product (@Debina Bonnerjee) Stripe Technicolour Coord Set already processed (component Top exists)
Found components for "(@Masoom Minawala) Black Co ord Set - Geometric 3 Piece Set": [ 'top', 'bottom', 'jacket', 'accessory', 'dress' ]
Product Beige Maroon Shirt Lehenga Set already processed (component Lehenga exists)
Found components for "Beige Mirror Work Coord Set": [ 'top', 'bottom' ]
Found components for "Blue Yellow Four Piece Potli Set": [ 'top', 'bottom', 'dupatta', 'accessory', 'dress' ]
Found components for "Beige Waistcoat Set": [ 'top', 'bottom', 'jacket' ]
Product (@Masoom Minawala) Black Co ord Set - Geometric 3 Piece Set already processed (component Top exists)
Found components for "(@ThatBohoGirl) Lime Green Coord Set - Three Piece Set": [ 'top', 'bottom', 'accessory' ]
Found components for "(@Yasmin Karachiwala) Creamy Charcoal Drape 3 Piece Set": [ 'top', 'bottom', 'dress', 'cape' ]
Found components for "Black 3 Piece Coord Set - Neckpiece included": [ 'top', 'bottom', 'dress' ]
Found components for "Blue Zig Zag Coord Set": [ 'top', 'bottom' ]
Found components for "Black And Red Coord Set": [ 'jacket', 'dress' ]
Found components for "Blue Zipper Coord Set": [ 'top', 'bottom', 'kaftan' ]
Found components for "(Divyanka Tripathi) Gold Black Striped Kaftan Set": [ 'top', 'bottom', 'dress', 'kaftan' ]
Found components for "Blush Pink Motif Banarasi Kurta Set": [ 'top', 'bottom', 'dupatta', 'dress' ]
Product Black And Red Coord Set already processed (component Jacket exists)
Found components for "Black and Red Kaftan Dhoti Set": [ 'bottom', 'kaftan' ]
Found components for "Blush Pink Sharara Set": [ 'top', 'bottom', 'dupatta', 'dress' ]
Found components for "(DivyankaTripathi) Three Piece Off-White Drape Pant Set with Handbag": [ 'top', 'bottom', 'accessory' ]
Product Black and Red Kaftan Dhoti Set already processed (component Kaftan exists)
Found components for "Black and Red Three Piece Dhoti Set": [ 'top', 'bottom', 'jacket' ]
Found components for "Boho Black Coord Set": [ 'top', 'bottom', 'dress' ]
Product Black and Red Three Piece Dhoti Set already processed (component Jacket exists)
Found components for "Black and White Elephant Four Piece Set": [ 'top', 'bottom', 'jacket', 'dupatta', 'accessory' ]
Found components for "Boho Fringe Pink White Set": [ 'top', 'bottom', 'dress' ]
Found components for "(Kajol) Tie Dye Green Drape Sari Kurta Set": [ 'top', 'bottom', 'dupatta', 'dress', 'saree' ]
Product Black and White Elephant Four Piece Set already processed (component Jacket exists)
Found components for "Black and Yellow Coord Set": [ 'top', 'bottom' ]
Found components for "Bottle Green Bandhani Jacquard Kurta Set": [ 'top', 'bottom', 'dupatta', 'dress' ]
Found components for "Black Banarasi Suit Set": [ 'top', 'bottom', 'dupatta', 'dress' ]
Found components for "A line White Suit Set": [ 'top', 'bottom', 'dupatta', 'dress' ]
Found components for "Bottle Green Crepe Coord Set": [ 'top', 'bottom', 'accessory', 'dress' ]
Found components for "Black Brown Pathani Set": [ 'top' ]
Found components for "Alia Bhatt (limited edition) Red Blue Coord Set": [ 'jacket', 'accessory', 'dress', 'saree' ]
Found components for "Brass Kundan Pooja Thali 7 Pc Set - Accessory": [ 'accessory' ]
Found components for "Black Coord Set With Hanging Tassels": [ 'top', 'bottom', 'kaftan' ]
Found components for "All White Blazer Set": [ 'top', 'bottom', 'jacket' ]
Product Brass Kundan Pooja Thali 7 Pc Set - Accessory already processed (component Accessory exists)
Found components for "Brass Laxmi Charan Diya Set (Pair of 2) - Accessory": [ 'accessory' ]
Found components for "Black Floral Dhoti Set": [ 'top', 'bottom', 'dress' ]
Found components for "Antique Silver Polish Choker Necklace Set": [ 'accessory' ]
Product Brass Laxmi Charan Diya Set (Pair of 2) - Accessory already processed (component Accessory exists)
Found components for "Brown & Orange Four Piece Sharara Set": [ 'top', 'bottom', 'dupatta', 'accessory', 'dress' ]
Found components for "Black Grey Off Shoulder Coord Set": [ 'top', 'bottom', 'dress' ]
Found components for "Bandhini Pathani Set": [ 'top', 'dress' ]
Found components for "Brown Coord Set": [ 'top', 'bottom', 'dress' ]
Found components for "Black Motif Banarasi Kurta Set": [ 'top', 'bottom', 'dupatta', 'dress' ]
Found components for "Beadwork White Black Suit Set": [ 'top', 'bottom', 'dupatta', 'dress' ]
Found components for "Black Pakistani Suit Set": [ 'top', 'bottom', 'dupatta', 'dress' ]
Found components for "Beige Coord Set with Necklace": [ 'top', 'bottom', 'accessory', 'dress' ]
Found components for "Brown Cream Kaftan Coord Set": [ 'top', 'bottom', 'kaftan' ]
Found components for "Black Pathani Dhoti Banjara Potli Set": [ 'top', 'bottom', 'accessory' ]
Found components for "Beige Kaftan Set": [ 'bottom', 'dress', 'kaftan' ]
Found components for "Brown High Low Coord Set": [ 'top', 'bottom' ]
Found components for "Black Pathani Set - Best Pathani Suit for Women": [ 'top', 'bottom' ]
Found components for "Black Peach Waist Coat Set": [ 'top', 'bottom', 'jacket' ]
Found components for "Brown Lehenga Set": [ 'top', 'dupatta', 'lehenga', 'dress' ]
Found components for "Brownwood Kaftan Set": [ 'bottom', 'dress', 'kaftan' ]
Found components for "Beige Maroon Shirt Lehenga Set": [ 'top', 'lehenga', 'dress' ]
Found components for "Beige Mirror Work Coord Set": [ 'top', 'bottom' ]
Found components for "Black Sharara Set": [ 'top', 'bottom', 'dupatta' ]
Found components for "Champagne Brown Shell Coord Set": [ 'top', 'bottom' ]
Found components for "Beige Waistcoat Set": [ 'top', 'bottom', 'jacket' ]
Found components for "Black Shell Skirt Sari - Two Piece Set": [ 'top', 'bottom', 'saree' ]
Found components for "Champagne Pink Abstract Waist Coat Set": [ 'top', 'bottom', 'jacket' ]
Found components for "Checks Black Coord Set": [ 'top', 'bottom', 'dress' ]
Found components for "Black Slit Dress And Jacket Set": [ 'jacket', 'dress' ]
Found components for "Checks Black Kurta Pant Set": [ 'top', 'bottom' ]
Product Black Slit Dress And Jacket Set already processed (component Jacket exists)
Found components for "Black Spaghetti Dhoti Set": [ 'top', 'bottom', 'dupatta' ]
Found components for "Black 3 Piece Coord Set - Neckpiece included": [ 'top', 'bottom', 'dress' ]
Found components for "Black And Red Coord Set": [ 'jacket', 'dress' ]
Found components for "Black White Embroidery Coord Set - Two Piece": [ 'top', 'bottom', 'accessory', 'dress' ]
Found components for "Checks Navy Blue Coord Set": [ 'top', 'bottom', 'dress' ]
Found components for "Black White Half Jumpsuit Jacket Set": [ 'jacket', 'accessory', 'dress', 'jumpsuit' ]
Found components for "Black White Spaghetti Sharara Set": [ 'top', 'bottom', 'dupatta', 'dress' ]
Found components for "Checks Three Piece Set": [ 'top', 'bottom', 'jacket', 'accessory', 'dress' ]
Product Black And Red Coord Set already processed (component Jacket exists)
Found components for "Black and Red Kaftan Dhoti Set": [ 'bottom', 'kaftan' ]
Found components for "Checks White Drape Kurta Pant Set": [ 'top', 'bottom', 'accessory', 'dress' ]
Found components for "Black White Zipper Coord Set": [ 'top', 'bottom', 'kaftan' ]
Found components for "Cheetah Coord Set": [ 'top', 'bottom', 'dress' ]
Found components for "Blue Abstract Waist Coat Set": [ 'top', 'bottom', 'jacket' ]
Product Black and Red Kaftan Dhoti Set already processed (component Kaftan exists)
Found components for "Black and Red Three Piece Dhoti Set": [ 'top', 'bottom', 'jacket' ]
Found components for "Blue Bandhani Banarasi  Kurta Set": [ 'top', 'bottom', 'dupatta', 'dress' ]
Found components for "Black and White Elephant Four Piece Set": [ 'top', 'bottom', 'jacket', 'dupatta', 'accessory' ]
Found components for "Cobalt Blue Coord Set": [ 'top', 'bottom', 'dupatta', 'dress' ]
Found components for "Black and Yellow Coord Set": [ 'top', 'bottom' ]
Found components for "Colourful Three Piece Set": [ 'top', 'bottom', 'jacket', 'dress' ]
Found components for "Blue Blazer Set": [ 'bottom', 'jacket' ]
Found components for "Cotton Candy Pink Coord Set": [ 'top', 'bottom', 'dress', 'cape' ]
Found components for "Cream and Red Mirror Work Suit Set": [ 'top', 'bottom' ]
Found components for "Blue Bralette Kurta Set": [ 'top', 'bottom' ]
Found components for "Black Banarasi Suit Set": [ 'top', 'bottom', 'dupatta', 'dress' ]
Found components for "Blue Card Print Coord Set with Handbag": [ 'top', 'bottom', 'accessory' ]
Found components for "Black Brown Pathani Set": [ 'top' ]
Found components for "Black Coord Set With Hanging Tassels": [ 'top', 'bottom', 'kaftan' ]
Found components for "Cream Black Cotton Kurta Set": [ 'top', 'bottom', 'dupatta', 'dress' ]
Found components for "Blue Evil Eye Shubh Labh Set - Accessory": [ 'accessory' ]
Found components for "Cream Floral Linen Jacquard Kurta Set": [ 'top', 'bottom', 'dupatta', 'dress' ]
Found components for "Black Floral Dhoti Set": [ 'top', 'bottom', 'dress' ]
Found components for "Crepe Hot Pink Gold Spaghetti Sharara Set": [ 'top', 'bottom', 'dupatta' ]
Product Blue Evil Eye Shubh Labh Set - Accessory already processed (component Accessory exists)
Found components for "Blue Flared Pants With Patchwork Corset Top": [ 'top', 'bottom' ]
Found components for "Crepe Maroon Kaftan Dhoti Set": [ 'top', 'bottom', 'dress', 'kaftan' ]
Found components for "Crepe Shell Yellow Pink Kurta Dhoti Set": [ 'top', 'bottom', 'accessory', 'dress' ]
Found components for "Blue Flower Off White Coord Set": [ 'top', 'bottom', 'dress' ]
Found components for "Black Grey Off Shoulder Coord Set": [ 'top', 'bottom', 'dress' ]
Found components for "Cube Blue Dhoti Skirt Jacket Coord Set": [ 'top', 'bottom', 'jacket' ]
Found components for "Black Motif Banarasi Kurta Set": [ 'top', 'bottom', 'dupatta', 'dress' ]
Found components for "Black Pakistani Suit Set": [ 'top', 'bottom', 'dupatta', 'dress' ]
Found components for "Blue Flower Suit Set": [ 'dress' ]
Found components for "Blue Gold Jumpsuit Jacket Set": [ 'jacket', 'jumpsuit' ]
Found components for "Black Pathani Dhoti Banjara Potli Set": [ 'top', 'bottom', 'accessory' ]
Found components for "Black Pathani Set - Best Pathani Suit for Women": [ 'top', 'bottom' ]
Found components for "Cutwork Beige 3 Piece Coord Set": [ 'top', 'bottom', 'jacket', 'dress' ]
Found components for "Black Peach Waist Coat Set": [ 'top', 'bottom', 'jacket' ]
Product Blue Gold Jumpsuit Jacket Set already processed (component Jacket exists)
Found components for "Blue Green Farshi Set": [ 'top', 'bottom' ]
Found components for "Black Sharara Set": [ 'top', 'bottom', 'dupatta' ]
Found components for "Cutwork Embroidery Green Kurta Set": [ 'top', 'bottom', 'accessory' ]
Found components for "Blue Half Kaftan Coord Set": [ 'top', 'bottom', 'kaftan' ]
Found components for "Blue Kurta Jacket Set": [ 'top', 'bottom', 'jacket', 'dress' ]
Found components for "Cutwork Embroidery Grey Kurta Set": [ 'top', 'bottom', 'accessory' ]
Found components for "Dark Navy Blue Kaftan Coord Set": [ 'top', 'bottom', 'dress', 'kaftan' ]
Product Blue Kurta Jacket Set already processed (component Jacket exists)
Found components for "Blue Kurta Pallazo Set": [ 'top', 'bottom', 'dress' ]
Found components for "Black Shell Skirt Sari - Two Piece Set": [ 'top', 'bottom', 'saree' ]
Found components for "Blue Lotus Coord Set": [ 'top', 'bottom', 'dress', 'kaftan' ]
Found components for "Black Slit Dress And Jacket Set": [ 'jacket', 'dress' ]
Found components for "Black Spaghetti Dhoti Set": [ 'top', 'bottom', 'dupatta' ]
Found components for "Dark Red Blazer Skirt Set": [ 'top', 'bottom', 'jacket', 'dress' ]
Found components for "Blue Organza Anarkali Kurta Set": [ 'top', 'bottom', 'dupatta', 'dress' ]
Found components for "Dark Red Pathani Set": [ 'top', 'bottom' ]
Found components for "Blue Pink Embroidery 3 Piece Set- Pant, Jacket, Blouse": [ 'top', 'bottom', 'jacket', 'dress', 'cape' ]
Found components for "Blue Pink Sharara Set": [ 'top', 'bottom', 'dupatta', 'dress' ]
93 set products are unprocessed
Found components for "(@ThatBohoGirl) Lime Green Coord Set - Three Piece Set": [ 'top', 'bottom', 'accessory' ]
Found components for "(@Yasmin Karachiwala) Creamy Charcoal Drape 3 Piece Set": [ 'top', 'bottom', 'dress', 'cape' ]
Found components for "(Divyanka Tripathi) Gold Black Striped Kaftan Set": [ 'top', 'bottom', 'dress', 'kaftan' ]
Found components for "(DivyankaTripathi) Three Piece Off-White Drape Pant Set with Handbag": [ 'top', 'bottom', 'accessory' ]
Found components for "(Kajol) Tie Dye Green Drape Sari Kurta Set": [ 'top', 'bottom', 'dupatta', 'dress', 'saree' ]
Found components for "A line White Suit Set": [ 'top', 'bottom', 'dupatta', 'dress' ]
Found components for "Alia Bhatt (limited edition) Red Blue Coord Set": [ 'jacket', 'accessory', 'dress', 'saree' ]
Found components for "All White Blazer Set": [ 'top', 'bottom', 'jacket' ]
Found components for "Antique Silver Polish Choker Necklace Set": [ 'accessory' ]
Found components for "Bandhini Pathani Set": [ 'top', 'dress' ]
Found components for "Beadwork White Black Suit Set": [ 'top', 'bottom', 'dupatta', 'dress' ]
Found components for "Beige Coord Set with Necklace": [ 'top', 'bottom', 'accessory', 'dress' ]
Found components for "Beige Kaftan Set": [ 'bottom', 'dress', 'kaftan' ]
Found components for "Beige Mirror Work Coord Set": [ 'top', 'bottom' ]
Found components for "Beige Waistcoat Set": [ 'top', 'bottom', 'jacket' ]
Found components for "Black 3 Piece Coord Set - Neckpiece included": [ 'top', 'bottom', 'dress' ]
Found components for "Black and Yellow Coord Set": [ 'top', 'bottom' ]
Found components for "Black Banarasi Suit Set": [ 'top', 'bottom', 'dupatta', 'dress' ]
Found components for "Black Brown Pathani Set": [ 'top' ]
Found components for "Black Coord Set With Hanging Tassels": [ 'top', 'bottom', 'kaftan' ]
Found components for "Black Floral Dhoti Set": [ 'top', 'bottom', 'dress' ]
Found components for "Black Grey Off Shoulder Coord Set": [ 'top', 'bottom', 'dress' ]
Found components for "Black Motif Banarasi Kurta Set": [ 'top', 'bottom', 'dupatta', 'dress' ]
Found components for "Black Pakistani Suit Set": [ 'top', 'bottom', 'dupatta', 'dress' ]
Found components for "Black Pathani Dhoti Banjara Potli Set": [ 'top', 'bottom', 'accessory' ]
Found components for "Black Pathani Set - Best Pathani Suit for Women": [ 'top', 'bottom' ]
Found components for "Black Peach Waist Coat Set": [ 'top', 'bottom', 'jacket' ]
Found components for "Black Sharara Set": [ 'top', 'bottom', 'dupatta' ]
Found components for "Black Shell Skirt Sari - Two Piece Set": [ 'top', 'bottom', 'saree' ]
Found components for "Black Spaghetti Dhoti Set": [ 'top', 'bottom', 'dupatta' ]
Found components for "Black White Embroidery Coord Set - Two Piece": [ 'top', 'bottom', 'accessory', 'dress' ]
Found components for "Black White Spaghetti Sharara Set": [ 'top', 'bottom', 'dupatta', 'dress' ]
Found components for "Black White Zipper Coord Set": [ 'top', 'bottom', 'kaftan' ]
Found components for "Blue Abstract Waist Coat Set": [ 'top', 'bottom', 'jacket' ]
Found components for "Blue Bandhani Banarasi  Kurta Set": [ 'top', 'bottom', 'dupatta', 'dress' ]
Found components for "Blue Blazer Set": [ 'bottom', 'jacket' ]
Found components for "Blue Bralette Kurta Set": [ 'top', 'bottom' ]
Found components for "Blue Card Print Coord Set with Handbag": [ 'top', 'bottom', 'accessory' ]
Found components for "Blue Flower Off White Coord Set": [ 'top', 'bottom', 'dress' ]
Found components for "Blue Flower Suit Set": [ 'dress' ]
Found components for "Blue Green Farshi Set": [ 'top', 'bottom' ]
Found components for "Blue Half Kaftan Coord Set": [ 'top', 'bottom', 'kaftan' ]
Found components for "Blue Kurta Pallazo Set": [ 'top', 'bottom', 'dress' ]
Found components for "Blue Lotus Coord Set": [ 'top', 'bottom', 'dress', 'kaftan' ]
Found components for "Blue Organza Anarkali Kurta Set": [ 'top', 'bottom', 'dupatta', 'dress' ]
Found components for "Blue Pink Sharara Set": [ 'top', 'bottom', 'dupatta', 'dress' ]
Found components for "Blue Polka Off Shoulder Coord Set": [ 'top', 'bottom', 'dress', 'kaftan' ]
Found components for "Blue Red Suit Set": [ 'top', 'bottom', 'dupatta', 'dress' ]
Found components for "Blue Shell Skirt Sari - Two Piece Set": [ 'top', 'bottom', 'saree' ]
Found components for "Blue Slit Kurta Pant Set": [ 'top', 'bottom', 'dress' ]
Found components for "Blue Spaghetti Sharara Set": [ 'bottom' ]
Found components for "Blue Wave Pocket Co ord Set": [ 'top', 'bottom', 'dress' ]
Found components for "Blue White Doodle - Three Piece Coord Set": [ 'top', 'bottom', 'dress', 'kaftan' ]
Found components for "Blue Wrap Around Coord Set": [ 'top', 'bottom', 'accessory', 'dress', 'wrap' ]
Found components for "Blue Yellow Four Piece Potli Set": [ 'top', 'bottom', 'dupatta', 'accessory', 'dress' ]
Found components for "Blue Zig Zag Coord Set": [ 'top', 'bottom' ]
Found components for "Blue Zipper Coord Set": [ 'top', 'bottom', 'kaftan' ]
Found components for "Blush Pink Motif Banarasi Kurta Set": [ 'top', 'bottom', 'dupatta', 'dress' ]
Found components for "Blush Pink Sharara Set": [ 'top', 'bottom', 'dupatta', 'dress' ]
Found components for "Boho Black Coord Set": [ 'top', 'bottom', 'dress' ]
Found components for "Boho Fringe Pink White Set": [ 'top', 'bottom', 'dress' ]
Found components for "Bottle Green Bandhani Jacquard Kurta Set": [ 'top', 'bottom', 'dupatta', 'dress' ]
Found components for "Bottle Green Crepe Coord Set": [ 'top', 'bottom', 'accessory', 'dress' ]
Found components for "Brown & Orange Four Piece Sharara Set": [ 'top', 'bottom', 'dupatta', 'accessory', 'dress' ]
Found components for "Brown Coord Set": [ 'top', 'bottom', 'dress' ]
Found components for "Brown Cream Kaftan Coord Set": [ 'top', 'bottom', 'kaftan' ]
Found components for "Brown High Low Coord Set": [ 'top', 'bottom' ]
Found components for "Brown Lehenga Set": [ 'top', 'dupatta', 'lehenga', 'dress' ]
Found components for "Brownwood Kaftan Set": [ 'bottom', 'dress', 'kaftan' ]
Found components for "Champagne Brown Shell Coord Set": [ 'top', 'bottom' ]
Found components for "Champagne Pink Abstract Waist Coat Set": [ 'top', 'bottom', 'jacket' ]
Found components for "Checks Black Coord Set": [ 'top', 'bottom', 'dress' ]
Found components for "Checks Black Kurta Pant Set": [ 'top', 'bottom' ]
Found components for "Checks Navy Blue Coord Set": [ 'top', 'bottom', 'dress' ]
Found components for "Checks Three Piece Set": [ 'top', 'bottom', 'jacket', 'accessory', 'dress' ]
Found components for "Checks White Drape Kurta Pant Set": [ 'top', 'bottom', 'accessory', 'dress' ]
Found components for "Cheetah Coord Set": [ 'top', 'bottom', 'dress' ]
Found components for "Cobalt Blue Coord Set": [ 'top', 'bottom', 'dupatta', 'dress' ]
Found components for "Colourful Three Piece Set": [ 'top', 'bottom', 'jacket', 'dress' ]
Found components for "Cotton Candy Pink Coord Set": [ 'top', 'bottom', 'dress', 'cape' ]
Found components for "Cream and Red Mirror Work Suit Set": [ 'top', 'bottom' ]
Found components for "Cream Black Cotton Kurta Set": [ 'top', 'bottom', 'dupatta', 'dress' ]
Found components for "Cream Floral Linen Jacquard Kurta Set": [ 'top', 'bottom', 'dupatta', 'dress' ]
Found components for "Crepe Hot Pink Gold Spaghetti Sharara Set": [ 'top', 'bottom', 'dupatta' ]
Found components for "Crepe Maroon Kaftan Dhoti Set": [ 'top', 'bottom', 'dress', 'kaftan' ]
Found components for "Crepe Shell Yellow Pink Kurta Dhoti Set": [ 'top', 'bottom', 'accessory', 'dress' ]
Found components for "Cube Blue Dhoti Skirt Jacket Coord Set": [ 'top', 'bottom', 'jacket' ]
Found components for "Cutwork Beige 3 Piece Coord Set": [ 'top', 'bottom', 'jacket', 'dress' ]
Found components for "Cutwork Embroidery Green Kurta Set": [ 'top', 'bottom', 'accessory' ]
Found components for "Cutwork Embroidery Grey Kurta Set": [ 'top', 'bottom', 'accessory' ]
Found components for "Dark Navy Blue Kaftan Coord Set": [ 'top', 'bottom', 'dress', 'kaftan' ]
Found components for "Dark Red Blazer Skirt Set": [ 'top', 'bottom', 'jacket', 'dress' ]
Found components for "Dark Red Pathani Set": [ 'top', 'bottom' ]
Found components for "Black White Embroidery Coord Set - Two Piece": [ 'top', 'bottom', 'accessory', 'dress' ]
Found components for "Blue Polka Off Shoulder Coord Set": [ 'top', 'bottom', 'dress', 'kaftan' ]
Found components for "Black White Half Jumpsuit Jacket Set": [ 'jacket', 'accessory', 'dress', 'jumpsuit' ]
Found components for "Black White Spaghetti Sharara Set": [ 'top', 'bottom', 'dupatta', 'dress' ]
Found components for "Blue Red Suit Set": [ 'top', 'bottom', 'dupatta', 'dress' ]
Found components for "Blue Shell Skirt Sari - Two Piece Set": [ 'top', 'bottom', 'saree' ]
Found components for "Black White Zipper Coord Set": [ 'top', 'bottom', 'kaftan' ]
Found components for "Blue Slit Kurta Pant Set": [ 'top', 'bottom', 'dress' ]
Found components for "Blue Abstract Waist Coat Set": [ 'top', 'bottom', 'jacket' ]
Found components for "Blue Bandhani Banarasi  Kurta Set": [ 'top', 'bottom', 'dupatta', 'dress' ]
Found components for "Blue Spaghetti Sharara Set": [ 'bottom' ]
Found components for "Blue Wave Pocket Co ord Set": [ 'top', 'bottom', 'dress' ]
Found components for "Blue Blazer Set": [ 'bottom', 'jacket' ]
Found components for "Blue Bralette Kurta Set": [ 'top', 'bottom' ]
Found components for "Blue White Doodle - Three Piece Coord Set": [ 'top', 'bottom', 'dress', 'kaftan' ]
Found components for "Blue Wrap Around Coord Set": [ 'top', 'bottom', 'accessory', 'dress', 'wrap' ]
Found components for "Blue Yellow Four Piece Potli Set": [ 'top', 'bottom', 'dupatta', 'accessory', 'dress' ]
Found components for "Blue Card Print Coord Set with Handbag": [ 'top', 'bottom', 'accessory' ]
Found components for "Blue Zig Zag Coord Set": [ 'top', 'bottom' ]
Found components for "Blue Evil Eye Shubh Labh Set - Accessory": [ 'accessory' ]
Found components for "Blue Zipper Coord Set": [ 'top', 'bottom', 'kaftan' ]
Product Blue Evil Eye Shubh Labh Set - Accessory already processed (component Accessory exists)
Found components for "Blue Flared Pants With Patchwork Corset Top": [ 'top', 'bottom' ]
Found components for "Blush Pink Motif Banarasi Kurta Set": [ 'top', 'bottom', 'dupatta', 'dress' ]
Found components for "Blush Pink Sharara Set": [ 'top', 'bottom', 'dupatta', 'dress' ]
Product Blue Flared Pants With Patchwork Corset Top already processed (component Top exists)
Found components for "Blue Flower Off White Coord Set": [ 'top', 'bottom', 'dress' ]
Found components for "Blue Flower Suit Set": [ 'dress' ]
Found components for "Boho Black Coord Set": [ 'top', 'bottom', 'dress' ]
Found components for "Blue Gold Jumpsuit Jacket Set": [ 'jacket', 'jumpsuit' ]
Found components for "Boho Fringe Pink White Set": [ 'top', 'bottom', 'dress' ]
Finding all set products...
Fetching all products from Shopify...
Product Blue Gold Jumpsuit Jacket Set already processed (component Jacket exists)
Found components for "Blue Green Farshi Set": [ 'top', 'bottom' ]
Error finding set products: Error: Failed to fetch products: Exceeded 2 calls per second for api client. Reduce request rates to resume uninterrupted service.
    at SetProcessorService.findAllSetProducts (/Users/ankurpandey/Desktop/GST/backend/services/setProcessorService.js:396:15)
    at process.processTicksAndRejections (node:internal/process/task_queues:95:5)
    at async /Users/ankurpandey/Desktop/GST/backend/routes/sets.js:62:20
Found components for "Blue Half Kaftan Coord Set": [ 'top', 'bottom', 'kaftan' ]
Found components for "Bottle Green Bandhani Jacquard Kurta Set": [ 'top', 'bottom', 'dupatta', 'dress' ]
Found components for "Blue Kurta Jacket Set": [ 'top', 'bottom', 'jacket', 'dress' ]
Found components for "Bottle Green Crepe Coord Set": [ 'top', 'bottom', 'accessory', 'dress' ]
Found components for "Brass Kundan Pooja Thali 7 Pc Set - Accessory": [ 'accessory' ]
Product Blue Kurta Jacket Set already processed (component Jacket exists)
Found components for "Blue Kurta Pallazo Set": [ 'top', 'bottom', 'dress' ]
Found components for "Blue Lotus Coord Set": [ 'top', 'bottom', 'dress', 'kaftan' ]
Product Brass Kundan Pooja Thali 7 Pc Set - Accessory already processed (component Accessory exists)
Found components for "Brass Laxmi Charan Diya Set (Pair of 2) - Accessory": [ 'accessory' ]
Found components for "Blue Organza Anarkali Kurta Set": [ 'top', 'bottom', 'dupatta', 'dress' ]
Found components for "Blue Pink Embroidery 3 Piece Set- Pant, Jacket, Blouse": [ 'top', 'bottom', 'jacket', 'dress', 'cape' ]
Product Blue Pink Embroidery 3 Piece Set- Pant, Jacket, Blouse already processed (component Jacket exists)
Found components for "Blue Pink Sharara Set": [ 'top', 'bottom', 'dupatta', 'dress' ]
Product Brass Laxmi Charan Diya Set (Pair of 2) - Accessory already processed (component Accessory exists)
Found components for "Brown & Orange Four Piece Sharara Set": [ 'top', 'bottom', 'dupatta', 'accessory', 'dress' ]
Found components for "Blue Polka Off Shoulder Coord Set": [ 'top', 'bottom', 'dress', 'kaftan' ]
Found components for "Brown Coord Set": [ 'top', 'bottom', 'dress' ]
Found components for "Blue Red Suit Set": [ 'top', 'bottom', 'dupatta', 'dress' ]
Found components for "Blue Shell Skirt Sari - Two Piece Set": [ 'top', 'bottom', 'saree' ]
Found components for "Brown Cream Kaftan Coord Set": [ 'top', 'bottom', 'kaftan' ]
Found components for "Brown High Low Coord Set": [ 'top', 'bottom' ]
Found components for "Blue Slit Kurta Pant Set": [ 'top', 'bottom', 'dress' ]
Found components for "Blue Spaghetti Sharara Set": [ 'bottom' ]
Found components for "Brown Lehenga Set": [ 'top', 'dupatta', 'lehenga', 'dress' ]
Found components for "Brownwood Kaftan Set": [ 'bottom', 'dress', 'kaftan' ]
Found components for "Blue Wave Pocket Co ord Set": [ 'top', 'bottom', 'dress' ]
Found components for "Champagne Brown Shell Coord Set": [ 'top', 'bottom' ]
Found components for "Blue White Doodle - Three Piece Coord Set": [ 'top', 'bottom', 'dress', 'kaftan' ]
Found components for "Blue Wrap Around Coord Set": [ 'top', 'bottom', 'accessory', 'dress', 'wrap' ]
Found components for "Champagne Pink Abstract Waist Coat Set": [ 'top', 'bottom', 'jacket' ]
Found components for "Checks Black Coord Set": [ 'top', 'bottom', 'dress' ]
Found components for "Blue Yellow Four Piece Potli Set": [ 'top', 'bottom', 'dupatta', 'accessory', 'dress' ]
Found components for "Checks Black Kurta Pant Set": [ 'top', 'bottom' ]
Found components for "Checks Navy Blue Coord Set": [ 'top', 'bottom', 'dress' ]
Found components for "Blue Zig Zag Coord Set": [ 'top', 'bottom' ]
Found components for "Blue Zipper Coord Set": [ 'top', 'bottom', 'kaftan' ]
Found components for "Checks Three Piece Set": [ 'top', 'bottom', 'jacket', 'accessory', 'dress' ]
Found components for "Blush Pink Motif Banarasi Kurta Set": [ 'top', 'bottom', 'dupatta', 'dress' ]
Found components for "Checks White Drape Kurta Pant Set": [ 'top', 'bottom', 'accessory', 'dress' ]
Found components for "Blush Pink Sharara Set": [ 'top', 'bottom', 'dupatta', 'dress' ]
Found components for "Cheetah Coord Set": [ 'top', 'bottom', 'dress' ]
Found components for "Boho Black Coord Set": [ 'top', 'bottom', 'dress' ]
Found components for "Cobalt Blue Coord Set": [ 'top', 'bottom', 'dupatta', 'dress' ]
Found components for "Boho Fringe Pink White Set": [ 'top', 'bottom', 'dress' ]
Found components for "Bottle Green Bandhani Jacquard Kurta Set": [ 'top', 'bottom', 'dupatta', 'dress' ]
Found components for "Colourful Three Piece Set": [ 'top', 'bottom', 'jacket', 'dress' ]
Found components for "Bottle Green Crepe Coord Set": [ 'top', 'bottom', 'accessory', 'dress' ]
Found components for "Cotton Candy Pink Coord Set": [ 'top', 'bottom', 'dress', 'cape' ]
Found components for "Brass Kundan Pooja Thali 7 Pc Set - Accessory": [ 'accessory' ]
Found components for "Cream and Red Mirror Work Suit Set": [ 'top', 'bottom' ]
Found components for "Cream Black Cotton Kurta Set": [ 'top', 'bottom', 'dupatta', 'dress' ]
Product Brass Kundan Pooja Thali 7 Pc Set - Accessory already processed (component Accessory exists)
Found components for "Brass Laxmi Charan Diya Set (Pair of 2) - Accessory": [ 'accessory' ]
Product Brass Laxmi Charan Diya Set (Pair of 2) - Accessory already processed (component Accessory exists)
Found components for "Brown & Orange Four Piece Sharara Set": [ 'top', 'bottom', 'dupatta', 'accessory', 'dress' ]
Found components for "Cream Floral Linen Jacquard Kurta Set": [ 'top', 'bottom', 'dupatta', 'dress' ]
Found components for "Brown Coord Set": [ 'top', 'bottom', 'dress' ]
Found components for "Brown Cream Kaftan Coord Set": [ 'top', 'bottom', 'kaftan' ]
Found components for "Crepe Hot Pink Gold Spaghetti Sharara Set": [ 'top', 'bottom', 'dupatta' ]
Found components for "Brown High Low Coord Set": [ 'top', 'bottom' ]
Found components for "Crepe Maroon Kaftan Dhoti Set": [ 'top', 'bottom', 'dress', 'kaftan' ]
Found components for "Brown Lehenga Set": [ 'top', 'dupatta', 'lehenga', 'dress' ]
Found components for "Brownwood Kaftan Set": [ 'bottom', 'dress', 'kaftan' ]
Found components for "Crepe Shell Yellow Pink Kurta Dhoti Set": [ 'top', 'bottom', 'accessory', 'dress' ]
Found components for "Cube Blue Dhoti Skirt Jacket Coord Set": [ 'top', 'bottom', 'jacket' ]
Found components for "Champagne Brown Shell Coord Set": [ 'top', 'bottom' ]
Found components for "Cutwork Beige 3 Piece Coord Set": [ 'top', 'bottom', 'jacket', 'dress' ]
Found components for "Champagne Pink Abstract Waist Coat Set": [ 'top', 'bottom', 'jacket' ]
Found components for "Cutwork Embroidery Green Kurta Set": [ 'top', 'bottom', 'accessory' ]
Found components for "Checks Black Coord Set": [ 'top', 'bottom', 'dress' ]
Found components for "Cutwork Embroidery Grey Kurta Set": [ 'top', 'bottom', 'accessory' ]
Found components for "Checks Black Kurta Pant Set": [ 'top', 'bottom' ]
Found components for "Dark Navy Blue Kaftan Coord Set": [ 'top', 'bottom', 'dress', 'kaftan' ]
Found components for "Checks Navy Blue Coord Set": [ 'top', 'bottom', 'dress' ]
Found components for "Dark Red Blazer Skirt Set": [ 'top', 'bottom', 'jacket', 'dress' ]
Found components for "Checks Three Piece Set": [ 'top', 'bottom', 'jacket', 'accessory', 'dress' ]
Found components for "Checks White Drape Kurta Pant Set": [ 'top', 'bottom', 'accessory', 'dress' ]
Found components for "Dark Red Pathani Set": [ 'top', 'bottom' ]
Found components for "Cheetah Coord Set": [ 'top', 'bottom', 'dress' ]
96 set products are unprocessed
Found components for "(@ThatBohoGirl) Lime Green Coord Set - Three Piece Set": [ 'top', 'bottom', 'accessory' ]
Found components for "(@Yasmin Karachiwala) Creamy Charcoal Drape 3 Piece Set": [ 'top', 'bottom', 'dress', 'cape' ]
Found components for "(Divyanka Tripathi) Gold Black Striped Kaftan Set": [ 'top', 'bottom', 'dress', 'kaftan' ]
Found components for "(DivyankaTripathi) Three Piece Off-White Drape Pant Set with Handbag": [ 'top', 'bottom', 'accessory' ]
Found components for "(Kajol) Tie Dye Green Drape Sari Kurta Set": [ 'top', 'bottom', 'dupatta', 'dress', 'saree' ]
Found components for "A line White Suit Set": [ 'top', 'bottom', 'dupatta', 'dress' ]
Found components for "Alia Bhatt (limited edition) Red Blue Coord Set": [ 'jacket', 'accessory', 'dress', 'saree' ]
Found components for "All White Blazer Set": [ 'top', 'bottom', 'jacket' ]
Found components for "Antique Silver Polish Choker Necklace Set": [ 'accessory' ]
Found components for "Bandhini Pathani Set": [ 'top', 'dress' ]
Found components for "Beadwork White Black Suit Set": [ 'top', 'bottom', 'dupatta', 'dress' ]
Found components for "Beige Coord Set with Necklace": [ 'top', 'bottom', 'accessory', 'dress' ]
Found components for "Beige Kaftan Set": [ 'bottom', 'dress', 'kaftan' ]
Found components for "Beige Mirror Work Coord Set": [ 'top', 'bottom' ]
Found components for "Beige Waistcoat Set": [ 'top', 'bottom', 'jacket' ]
Found components for "Black 3 Piece Coord Set - Neckpiece included": [ 'top', 'bottom', 'dress' ]
Found components for "Black and Yellow Coord Set": [ 'top', 'bottom' ]
Found components for "Black Banarasi Suit Set": [ 'top', 'bottom', 'dupatta', 'dress' ]
Found components for "Black Brown Pathani Set": [ 'top' ]
Found components for "Black Coord Set With Hanging Tassels": [ 'top', 'bottom', 'kaftan' ]
Found components for "Black Floral Dhoti Set": [ 'top', 'bottom', 'dress' ]
Found components for "Black Grey Off Shoulder Coord Set": [ 'top', 'bottom', 'dress' ]
Found components for "Black Motif Banarasi Kurta Set": [ 'top', 'bottom', 'dupatta', 'dress' ]
Found components for "Black Pakistani Suit Set": [ 'top', 'bottom', 'dupatta', 'dress' ]
Found components for "Black Pathani Dhoti Banjara Potli Set": [ 'top', 'bottom', 'accessory' ]
Found components for "Black Pathani Set - Best Pathani Suit for Women": [ 'top', 'bottom' ]
Found components for "Black Peach Waist Coat Set": [ 'top', 'bottom', 'jacket' ]
Found components for "Black Sharara Set": [ 'top', 'bottom', 'dupatta' ]
Found components for "Black Shell Skirt Sari - Two Piece Set": [ 'top', 'bottom', 'saree' ]
Found components for "Black Spaghetti Dhoti Set": [ 'top', 'bottom', 'dupatta' ]
Found components for "Black White Embroidery Coord Set - Two Piece": [ 'top', 'bottom', 'accessory', 'dress' ]
Found components for "Black White Half Jumpsuit Jacket Set": [ 'jacket', 'accessory', 'dress', 'jumpsuit' ]
Found components for "Black White Spaghetti Sharara Set": [ 'top', 'bottom', 'dupatta', 'dress' ]
Found components for "Black White Zipper Coord Set": [ 'top', 'bottom', 'kaftan' ]
Found components for "Blue Abstract Waist Coat Set": [ 'top', 'bottom', 'jacket' ]
Found components for "Blue Bandhani Banarasi  Kurta Set": [ 'top', 'bottom', 'dupatta', 'dress' ]
Found components for "Blue Blazer Set": [ 'bottom', 'jacket' ]
Found components for "Blue Bralette Kurta Set": [ 'top', 'bottom' ]
Found components for "Blue Card Print Coord Set with Handbag": [ 'top', 'bottom', 'accessory' ]
Found components for "Blue Flared Pants With Patchwork Corset Top": [ 'top', 'bottom' ]
Found components for "Blue Flower Off White Coord Set": [ 'top', 'bottom', 'dress' ]
Found components for "Blue Flower Suit Set": [ 'dress' ]
Found components for "Blue Green Farshi Set": [ 'top', 'bottom' ]
Found components for "Blue Half Kaftan Coord Set": [ 'top', 'bottom', 'kaftan' ]
Found components for "Blue Kurta Pallazo Set": [ 'top', 'bottom', 'dress' ]
Found components for "Blue Lotus Coord Set": [ 'top', 'bottom', 'dress', 'kaftan' ]
Found components for "Blue Organza Anarkali Kurta Set": [ 'top', 'bottom', 'dupatta', 'dress' ]
Found components for "Blue Pink Embroidery 3 Piece Set- Pant, Jacket, Blouse": [ 'top', 'bottom', 'jacket', 'dress', 'cape' ]
Found components for "Blue Pink Sharara Set": [ 'top', 'bottom', 'dupatta', 'dress' ]
Found components for "Blue Polka Off Shoulder Coord Set": [ 'top', 'bottom', 'dress', 'kaftan' ]
Found components for "Blue Red Suit Set": [ 'top', 'bottom', 'dupatta', 'dress' ]
Found components for "Blue Shell Skirt Sari - Two Piece Set": [ 'top', 'bottom', 'saree' ]
Found components for "Blue Slit Kurta Pant Set": [ 'top', 'bottom', 'dress' ]
Found components for "Blue Spaghetti Sharara Set": [ 'bottom' ]
Found components for "Blue Wave Pocket Co ord Set": [ 'top', 'bottom', 'dress' ]
Found components for "Blue White Doodle - Three Piece Coord Set": [ 'top', 'bottom', 'dress', 'kaftan' ]
Found components for "Blue Wrap Around Coord Set": [ 'top', 'bottom', 'accessory', 'dress', 'wrap' ]
Found components for "Blue Yellow Four Piece Potli Set": [ 'top', 'bottom', 'dupatta', 'accessory', 'dress' ]
Found components for "Blue Zig Zag Coord Set": [ 'top', 'bottom' ]
Found components for "Blue Zipper Coord Set": [ 'top', 'bottom', 'kaftan' ]
Found components for "Blush Pink Motif Banarasi Kurta Set": [ 'top', 'bottom', 'dupatta', 'dress' ]
Found components for "Blush Pink Sharara Set": [ 'top', 'bottom', 'dupatta', 'dress' ]
Found components for "Boho Black Coord Set": [ 'top', 'bottom', 'dress' ]
Found components for "Boho Fringe Pink White Set": [ 'top', 'bottom', 'dress' ]
Found components for "Bottle Green Bandhani Jacquard Kurta Set": [ 'top', 'bottom', 'dupatta', 'dress' ]
Found components for "Bottle Green Crepe Coord Set": [ 'top', 'bottom', 'accessory', 'dress' ]
Found components for "Brown & Orange Four Piece Sharara Set": [ 'top', 'bottom', 'dupatta', 'accessory', 'dress' ]
Found components for "Brown Coord Set": [ 'top', 'bottom', 'dress' ]
Found components for "Brown Cream Kaftan Coord Set": [ 'top', 'bottom', 'kaftan' ]
Found components for "Brown High Low Coord Set": [ 'top', 'bottom' ]
Found components for "Brown Lehenga Set": [ 'top', 'dupatta', 'lehenga', 'dress' ]
Found components for "Brownwood Kaftan Set": [ 'bottom', 'dress', 'kaftan' ]
Found components for "Champagne Brown Shell Coord Set": [ 'top', 'bottom' ]
Found components for "Champagne Pink Abstract Waist Coat Set": [ 'top', 'bottom', 'jacket' ]
Found components for "Checks Black Coord Set": [ 'top', 'bottom', 'dress' ]
Found components for "Checks Black Kurta Pant Set": [ 'top', 'bottom' ]
Found components for "Checks Navy Blue Coord Set": [ 'top', 'bottom', 'dress' ]
Found components for "Checks Three Piece Set": [ 'top', 'bottom', 'jacket', 'accessory', 'dress' ]
Found components for "Checks White Drape Kurta Pant Set": [ 'top', 'bottom', 'accessory', 'dress' ]
Found components for "Cheetah Coord Set": [ 'top', 'bottom', 'dress' ]
Found components for "Cobalt Blue Coord Set": [ 'top', 'bottom', 'dupatta', 'dress' ]
Found components for "Colourful Three Piece Set": [ 'top', 'bottom', 'jacket', 'dress' ]
Found components for "Cotton Candy Pink Coord Set": [ 'top', 'bottom', 'dress', 'cape' ]
Found components for "Cream and Red Mirror Work Suit Set": [ 'top', 'bottom' ]
Found components for "Cream Black Cotton Kurta Set": [ 'top', 'bottom', 'dupatta', 'dress' ]
Found components for "Cream Floral Linen Jacquard Kurta Set": [ 'top', 'bottom', 'dupatta', 'dress' ]
Found components for "Crepe Hot Pink Gold Spaghetti Sharara Set": [ 'top', 'bottom', 'dupatta' ]
Found components for "Crepe Maroon Kaftan Dhoti Set": [ 'top', 'bottom', 'dress', 'kaftan' ]
Found components for "Crepe Shell Yellow Pink Kurta Dhoti Set": [ 'top', 'bottom', 'accessory', 'dress' ]
Found components for "Cube Blue Dhoti Skirt Jacket Coord Set": [ 'top', 'bottom', 'jacket' ]
Found components for "Cutwork Beige 3 Piece Coord Set": [ 'top', 'bottom', 'jacket', 'dress' ]
Found components for "Cutwork Embroidery Green Kurta Set": [ 'top', 'bottom', 'accessory' ]
Found components for "Cutwork Embroidery Grey Kurta Set": [ 'top', 'bottom', 'accessory' ]
Found components for "Dark Navy Blue Kaftan Coord Set": [ 'top', 'bottom', 'dress', 'kaftan' ]
Found components for "Dark Red Blazer Skirt Set": [ 'top', 'bottom', 'jacket', 'dress' ]
Found components for "Dark Red Pathani Set": [ 'top', 'bottom' ]
Found components for "Cobalt Blue Coord Set": [ 'top', 'bottom', 'dupatta', 'dress' ]
Found components for "Colourful Three Piece Set": [ 'top', 'bottom', 'jacket', 'dress' ]
Found components for "Cotton Candy Pink Coord Set": [ 'top', 'bottom', 'dress', 'cape' ]
Found components for "Cream and Red Mirror Work Suit Set": [ 'top', 'bottom' ]
Found components for "Cream Black Cotton Kurta Set": [ 'top', 'bottom', 'dupatta', 'dress' ]
Found components for "Cream Floral Linen Jacquard Kurta Set": [ 'top', 'bottom', 'dupatta', 'dress' ]
Found components for "Crepe Hot Pink Gold Spaghetti Sharara Set": [ 'top', 'bottom', 'dupatta' ]
Found components for "Crepe Maroon Kaftan Dhoti Set": [ 'top', 'bottom', 'dress', 'kaftan' ]
Found components for "Crepe Shell Yellow Pink Kurta Dhoti Set": [ 'top', 'bottom', 'accessory', 'dress' ]
Found components for "Cube Blue Dhoti Skirt Jacket Coord Set": [ 'top', 'bottom', 'jacket' ]
Found components for "Cutwork Beige 3 Piece Coord Set": [ 'top', 'bottom', 'jacket', 'dress' ]
Found components for "Cutwork Embroidery Green Kurta Set": [ 'top', 'bottom', 'accessory' ]
Found components for "Cutwork Embroidery Grey Kurta Set": [ 'top', 'bottom', 'accessory' ]
Found components for "Dark Navy Blue Kaftan Coord Set": [ 'top', 'bottom', 'dress', 'kaftan' ]
Found components for "Dark Red Blazer Skirt Set": [ 'top', 'bottom', 'jacket', 'dress' ]
Found components for "Dark Red Pathani Set": [ 'top', 'bottom' ]
98 set products are unprocessed
Found components for "(@ThatBohoGirl) Lime Green Coord Set - Three Piece Set": [ 'top', 'bottom', 'accessory' ]
Found components for "(@Yasmin Karachiwala) Creamy Charcoal Drape 3 Piece Set": [ 'top', 'bottom', 'dress', 'cape' ]
Found components for "(Divyanka Tripathi) Gold Black Striped Kaftan Set": [ 'top', 'bottom', 'dress', 'kaftan' ]
Found components for "(DivyankaTripathi) Three Piece Off-White Drape Pant Set with Handbag": [ 'top', 'bottom', 'accessory' ]
Found components for "(Kajol) Tie Dye Green Drape Sari Kurta Set": [ 'top', 'bottom', 'dupatta', 'dress', 'saree' ]
Found components for "A line White Suit Set": [ 'top', 'bottom', 'dupatta', 'dress' ]
Found components for "Alia Bhatt (limited edition) Red Blue Coord Set": [ 'jacket', 'accessory', 'dress', 'saree' ]
Found components for "All White Blazer Set": [ 'top', 'bottom', 'jacket' ]
Found components for "Antique Silver Polish Choker Necklace Set": [ 'accessory' ]
Found components for "Bandhini Pathani Set": [ 'top', 'dress' ]
Found components for "Beadwork White Black Suit Set": [ 'top', 'bottom', 'dupatta', 'dress' ]
Found components for "Beige Coord Set with Necklace": [ 'top', 'bottom', 'accessory', 'dress' ]
Found components for "Beige Kaftan Set": [ 'bottom', 'dress', 'kaftan' ]
Found components for "Beige Maroon Shirt Lehenga Set": [ 'top', 'lehenga', 'dress' ]
Found components for "Beige Mirror Work Coord Set": [ 'top', 'bottom' ]
Found components for "Beige Waistcoat Set": [ 'top', 'bottom', 'jacket' ]
Found components for "Black 3 Piece Coord Set - Neckpiece included": [ 'top', 'bottom', 'dress' ]
Found components for "Black and Red Three Piece Dhoti Set": [ 'top', 'bottom', 'jacket' ]
Found components for "Black and White Elephant Four Piece Set": [ 'top', 'bottom', 'jacket', 'dupatta', 'accessory' ]
Found components for "Black and Yellow Coord Set": [ 'top', 'bottom' ]
Found components for "Black Banarasi Suit Set": [ 'top', 'bottom', 'dupatta', 'dress' ]
Found components for "Black Brown Pathani Set": [ 'top' ]
Found components for "Black Coord Set With Hanging Tassels": [ 'top', 'bottom', 'kaftan' ]
Found components for "Black Floral Dhoti Set": [ 'top', 'bottom', 'dress' ]
Found components for "Black Grey Off Shoulder Coord Set": [ 'top', 'bottom', 'dress' ]
Found components for "Black Motif Banarasi Kurta Set": [ 'top', 'bottom', 'dupatta', 'dress' ]
Found components for "Black Pakistani Suit Set": [ 'top', 'bottom', 'dupatta', 'dress' ]
Found components for "Black Pathani Dhoti Banjara Potli Set": [ 'top', 'bottom', 'accessory' ]
Found components for "Black Pathani Set - Best Pathani Suit for Women": [ 'top', 'bottom' ]
Found components for "Black Peach Waist Coat Set": [ 'top', 'bottom', 'jacket' ]
Found components for "Black Sharara Set": [ 'top', 'bottom', 'dupatta' ]
Found components for "Black Shell Skirt Sari - Two Piece Set": [ 'top', 'bottom', 'saree' ]
Found components for "Black Slit Dress And Jacket Set": [ 'jacket', 'dress' ]
Found components for "Black Spaghetti Dhoti Set": [ 'top', 'bottom', 'dupatta' ]
Found components for "Black White Embroidery Coord Set - Two Piece": [ 'top', 'bottom', 'accessory', 'dress' ]
Found components for "Black White Half Jumpsuit Jacket Set": [ 'jacket', 'accessory', 'dress', 'jumpsuit' ]
Found components for "Black White Spaghetti Sharara Set": [ 'top', 'bottom', 'dupatta', 'dress' ]
Found components for "Black White Zipper Coord Set": [ 'top', 'bottom', 'kaftan' ]
Found components for "Blue Abstract Waist Coat Set": [ 'top', 'bottom', 'jacket' ]
Found components for "Blue Bandhani Banarasi  Kurta Set": [ 'top', 'bottom', 'dupatta', 'dress' ]
Found components for "Blue Blazer Set": [ 'bottom', 'jacket' ]
Found components for "Blue Bralette Kurta Set": [ 'top', 'bottom' ]
Found components for "Blue Card Print Coord Set with Handbag": [ 'top', 'bottom', 'accessory' ]
Found components for "Blue Flower Off White Coord Set": [ 'top', 'bottom', 'dress' ]
Found components for "Blue Flower Suit Set": [ 'dress' ]
Found components for "Blue Green Farshi Set": [ 'top', 'bottom' ]
Found components for "Blue Half Kaftan Coord Set": [ 'top', 'bottom', 'kaftan' ]
Found components for "Blue Kurta Pallazo Set": [ 'top', 'bottom', 'dress' ]
Found components for "Blue Lotus Coord Set": [ 'top', 'bottom', 'dress', 'kaftan' ]
Found components for "Blue Organza Anarkali Kurta Set": [ 'top', 'bottom', 'dupatta', 'dress' ]
Found components for "Blue Pink Sharara Set": [ 'top', 'bottom', 'dupatta', 'dress' ]
Found components for "Blue Polka Off Shoulder Coord Set": [ 'top', 'bottom', 'dress', 'kaftan' ]
Found components for "Blue Red Suit Set": [ 'top', 'bottom', 'dupatta', 'dress' ]
Found components for "Blue Shell Skirt Sari - Two Piece Set": [ 'top', 'bottom', 'saree' ]
Found components for "Blue Slit Kurta Pant Set": [ 'top', 'bottom', 'dress' ]
Found components for "Blue Spaghetti Sharara Set": [ 'bottom' ]
Found components for "Blue Wave Pocket Co ord Set": [ 'top', 'bottom', 'dress' ]
Found components for "Blue White Doodle - Three Piece Coord Set": [ 'top', 'bottom', 'dress', 'kaftan' ]
Found components for "Blue Wrap Around Coord Set": [ 'top', 'bottom', 'accessory', 'dress', 'wrap' ]
Found components for "Blue Yellow Four Piece Potli Set": [ 'top', 'bottom', 'dupatta', 'accessory', 'dress' ]
Found components for "Blue Zig Zag Coord Set": [ 'top', 'bottom' ]
Found components for "Blue Zipper Coord Set": [ 'top', 'bottom', 'kaftan' ]
Found components for "Blush Pink Motif Banarasi Kurta Set": [ 'top', 'bottom', 'dupatta', 'dress' ]
Found components for "Blush Pink Sharara Set": [ 'top', 'bottom', 'dupatta', 'dress' ]
Found components for "Boho Black Coord Set": [ 'top', 'bottom', 'dress' ]
Found components for "Boho Fringe Pink White Set": [ 'top', 'bottom', 'dress' ]
Found components for "Bottle Green Bandhani Jacquard Kurta Set": [ 'top', 'bottom', 'dupatta', 'dress' ]
Found components for "Bottle Green Crepe Coord Set": [ 'top', 'bottom', 'accessory', 'dress' ]
Found components for "Brown & Orange Four Piece Sharara Set": [ 'top', 'bottom', 'dupatta', 'accessory', 'dress' ]
Found components for "Brown Coord Set": [ 'top', 'bottom', 'dress' ]
Found components for "Brown Cream Kaftan Coord Set": [ 'top', 'bottom', 'kaftan' ]
Found components for "Brown High Low Coord Set": [ 'top', 'bottom' ]
Found components for "Brown Lehenga Set": [ 'top', 'dupatta', 'lehenga', 'dress' ]
Found components for "Brownwood Kaftan Set": [ 'bottom', 'dress', 'kaftan' ]
Found components for "Champagne Brown Shell Coord Set": [ 'top', 'bottom' ]
Found components for "Champagne Pink Abstract Waist Coat Set": [ 'top', 'bottom', 'jacket' ]
Found components for "Checks Black Coord Set": [ 'top', 'bottom', 'dress' ]
Found components for "Checks Black Kurta Pant Set": [ 'top', 'bottom' ]
Found components for "Checks Navy Blue Coord Set": [ 'top', 'bottom', 'dress' ]
Found components for "Checks Three Piece Set": [ 'top', 'bottom', 'jacket', 'accessory', 'dress' ]
Found components for "Checks White Drape Kurta Pant Set": [ 'top', 'bottom', 'accessory', 'dress' ]
Found components for "Cheetah Coord Set": [ 'top', 'bottom', 'dress' ]
Found components for "Cobalt Blue Coord Set": [ 'top', 'bottom', 'dupatta', 'dress' ]
Found components for "Colourful Three Piece Set": [ 'top', 'bottom', 'jacket', 'dress' ]
Found components for "Cotton Candy Pink Coord Set": [ 'top', 'bottom', 'dress', 'cape' ]
Found components for "Cream and Red Mirror Work Suit Set": [ 'top', 'bottom' ]
Found components for "Cream Black Cotton Kurta Set": [ 'top', 'bottom', 'dupatta', 'dress' ]
Found components for "Cream Floral Linen Jacquard Kurta Set": [ 'top', 'bottom', 'dupatta', 'dress' ]
Found components for "Crepe Hot Pink Gold Spaghetti Sharara Set": [ 'top', 'bottom', 'dupatta' ]
Found components for "Crepe Maroon Kaftan Dhoti Set": [ 'top', 'bottom', 'dress', 'kaftan' ]
Found components for "Crepe Shell Yellow Pink Kurta Dhoti Set": [ 'top', 'bottom', 'accessory', 'dress' ]
Found components for "Cube Blue Dhoti Skirt Jacket Coord Set": [ 'top', 'bottom', 'jacket' ]
Found components for "Cutwork Beige 3 Piece Coord Set": [ 'top', 'bottom', 'jacket', 'dress' ]
Found components for "Cutwork Embroidery Green Kurta Set": [ 'top', 'bottom', 'accessory' ]
Found components for "Cutwork Embroidery Grey Kurta Set": [ 'top', 'bottom', 'accessory' ]
Found components for "Dark Navy Blue Kaftan Coord Set": [ 'top', 'bottom', 'dress', 'kaftan' ]
Found components for "Dark Red Blazer Skirt Set": [ 'top', 'bottom', 'jacket', 'dress' ]
Found components for "Dark Red Pathani Set": [ 'top', 'bottom' ]
Product Black and White Elephant Four Piece Set already processed (component Jacket exists)
Product Black Slit Dress And Jacket Set already processed (component Jacket exists)
Finding all set products...
Fetching all products from Shopify...
Found 250 total products, filtering for sets...
Found 110 set products, checking processed status...
Found components for "(@CurlyTales) White Chikan Set": [ 'top', 'bottom', 'accessory', 'dress' ]
Product (@CurlyTales) White Chikan Set already processed (component Top exists)
Found components for "(@Debina Bonnerjee) Stripe Technicolour Coord Set": [ 'top', 'bottom', 'accessory', 'dress' ]
Product (@Debina Bonnerjee) Stripe Technicolour Coord Set already processed (component Top exists)
Found components for "(@Masoom Minawala) Black Co ord Set - Geometric 3 Piece Set": [ 'top', 'bottom', 'jacket', 'accessory', 'dress' ]
Product (@Masoom Minawala) Black Co ord Set - Geometric 3 Piece Set already processed (component Top exists)
Found components for "(@ThatBohoGirl) Lime Green Coord Set - Three Piece Set": [ 'top', 'bottom', 'accessory' ]
Found components for "(@Yasmin Karachiwala) Creamy Charcoal Drape 3 Piece Set": [ 'top', 'bottom', 'dress', 'cape' ]
Found components for "(Divyanka Tripathi) Gold Black Striped Kaftan Set": [ 'top', 'bottom', 'dress', 'kaftan' ]
Found components for "(DivyankaTripathi) Three Piece Off-White Drape Pant Set with Handbag": [ 'top', 'bottom', 'accessory' ]
Found components for "(Kajol) Tie Dye Green Drape Sari Kurta Set": [ 'top', 'bottom', 'dupatta', 'dress', 'saree' ]
Found components for "A line White Suit Set": [ 'top', 'bottom', 'dupatta', 'dress' ]
Finding all set products...
Fetching all products from Shopify...
Found components for "Alia Bhatt (limited edition) Red Blue Coord Set": [ 'jacket', 'accessory', 'dress', 'saree' ]
Found 250 total products, filtering for sets...
Found 110 set products, checking processed status...
Found components for "(@CurlyTales) White Chikan Set": [ 'top', 'bottom', 'accessory', 'dress' ]
Product (@CurlyTales) White Chikan Set already processed (component Top exists)
Found components for "(@Debina Bonnerjee) Stripe Technicolour Coord Set": [ 'top', 'bottom', 'accessory', 'dress' ]
Found components for "All White Blazer Set": [ 'top', 'bottom', 'jacket' ]
Product (@Debina Bonnerjee) Stripe Technicolour Coord Set already processed (component Top exists)
Found components for "(@Masoom Minawala) Black Co ord Set - Geometric 3 Piece Set": [ 'top', 'bottom', 'jacket', 'accessory', 'dress' ]
Found components for "Antique Silver Polish Choker Necklace Set": [ 'accessory' ]
Product (@Masoom Minawala) Black Co ord Set - Geometric 3 Piece Set already processed (component Top exists)
Found components for "(@ThatBohoGirl) Lime Green Coord Set - Three Piece Set": [ 'top', 'bottom', 'accessory' ]
Found components for "Bandhini Pathani Set": [ 'top', 'dress' ]
Found components for "(@Yasmin Karachiwala) Creamy Charcoal Drape 3 Piece Set": [ 'top', 'bottom', 'dress', 'cape' ]
Found components for "Beadwork White Black Suit Set": [ 'top', 'bottom', 'dupatta', 'dress' ]
Found components for "(Divyanka Tripathi) Gold Black Striped Kaftan Set": [ 'top', 'bottom', 'dress', 'kaftan' ]
Found components for "(DivyankaTripathi) Three Piece Off-White Drape Pant Set with Handbag": [ 'top', 'bottom', 'accessory' ]
Found components for "Beige Coord Set with Necklace": [ 'top', 'bottom', 'accessory', 'dress' ]
Found components for "Beige Kaftan Set": [ 'bottom', 'dress', 'kaftan' ]
Found components for "(Kajol) Tie Dye Green Drape Sari Kurta Set": [ 'top', 'bottom', 'dupatta', 'dress', 'saree' ]
Found components for "A line White Suit Set": [ 'top', 'bottom', 'dupatta', 'dress' ]
Found components for "Beige Maroon Shirt Lehenga Set": [ 'top', 'lehenga', 'dress' ]
Found components for "Alia Bhatt (limited edition) Red Blue Coord Set": [ 'jacket', 'accessory', 'dress', 'saree' ]
Product Beige Maroon Shirt Lehenga Set already processed (component Lehenga exists)
Found components for "Beige Mirror Work Coord Set": [ 'top', 'bottom' ]
Found components for "All White Blazer Set": [ 'top', 'bottom', 'jacket' ]
Found components for "Beige Waistcoat Set": [ 'top', 'bottom', 'jacket' ]
Found components for "Antique Silver Polish Choker Necklace Set": [ 'accessory' ]
Found components for "Black 3 Piece Coord Set - Neckpiece included": [ 'top', 'bottom', 'dress' ]
Found components for "Bandhini Pathani Set": [ 'top', 'dress' ]
Found components for "Black And Red Coord Set": [ 'jacket', 'dress' ]
Found components for "Beadwork White Black Suit Set": [ 'top', 'bottom', 'dupatta', 'dress' ]
Product Black And Red Coord Set already processed (component Jacket exists)
Found components for "Black and Red Kaftan Dhoti Set": [ 'bottom', 'kaftan' ]
Found components for "Beige Coord Set with Necklace": [ 'top', 'bottom', 'accessory', 'dress' ]
Product Black and Red Kaftan Dhoti Set already processed (component Kaftan exists)
Found components for "Black and Red Three Piece Dhoti Set": [ 'top', 'bottom', 'jacket' ]
Found components for "Beige Kaftan Set": [ 'bottom', 'dress', 'kaftan' ]
Found components for "Beige Maroon Shirt Lehenga Set": [ 'top', 'lehenga', 'dress' ]
Product Black and Red Three Piece Dhoti Set already processed (component Jacket exists)
Found components for "Black and White Elephant Four Piece Set": [ 'top', 'bottom', 'jacket', 'dupatta', 'accessory' ]
Product Beige Maroon Shirt Lehenga Set already processed (component Lehenga exists)
Found components for "Beige Mirror Work Coord Set": [ 'top', 'bottom' ]
Product Black and White Elephant Four Piece Set already processed (component Jacket exists)
Found components for "Black and Yellow Coord Set": [ 'top', 'bottom' ]
Found components for "Beige Waistcoat Set": [ 'top', 'bottom', 'jacket' ]
Found components for "Black Banarasi Suit Set": [ 'top', 'bottom', 'dupatta', 'dress' ]
Found components for "Black 3 Piece Coord Set - Neckpiece included": [ 'top', 'bottom', 'dress' ]
Found components for "Black Brown Pathani Set": [ 'top' ]
Found components for "Black And Red Coord Set": [ 'jacket', 'dress' ]
Found components for "Black Coord Set With Hanging Tassels": [ 'top', 'bottom', 'kaftan' ]
Product Black And Red Coord Set already processed (component Jacket exists)
Found components for "Black and Red Kaftan Dhoti Set": [ 'bottom', 'kaftan' ]
Product Black and Red Kaftan Dhoti Set already processed (component Kaftan exists)
Found components for "Black and Red Three Piece Dhoti Set": [ 'top', 'bottom', 'jacket' ]
Found components for "Black Floral Dhoti Set": [ 'top', 'bottom', 'dress' ]
Product Black and Red Three Piece Dhoti Set already processed (component Jacket exists)
Found components for "Black and White Elephant Four Piece Set": [ 'top', 'bottom', 'jacket', 'dupatta', 'accessory' ]
Found components for "Black Grey Off Shoulder Coord Set": [ 'top', 'bottom', 'dress' ]
Product Black and White Elephant Four Piece Set already processed (component Jacket exists)
Found components for "Black and Yellow Coord Set": [ 'top', 'bottom' ]
Found components for "Black Motif Banarasi Kurta Set": [ 'top', 'bottom', 'dupatta', 'dress' ]
Found components for "Black Pakistani Suit Set": [ 'top', 'bottom', 'dupatta', 'dress' ]
Found components for "Black Banarasi Suit Set": [ 'top', 'bottom', 'dupatta', 'dress' ]
Found components for "Black Pathani Dhoti Banjara Potli Set": [ 'top', 'bottom', 'accessory' ]
Found components for "Black Brown Pathani Set": [ 'top' ]
Found components for "Black Pathani Set - Best Pathani Suit for Women": [ 'top', 'bottom' ]
Found components for "Black Coord Set With Hanging Tassels": [ 'top', 'bottom', 'kaftan' ]
Found components for "Black Peach Waist Coat Set": [ 'top', 'bottom', 'jacket' ]
Found components for "Black Sharara Set": [ 'top', 'bottom', 'dupatta' ]
Found components for "Black Floral Dhoti Set": [ 'top', 'bottom', 'dress' ]
Found components for "Black Shell Skirt Sari - Two Piece Set": [ 'top', 'bottom', 'saree' ]
Found components for "Black Grey Off Shoulder Coord Set": [ 'top', 'bottom', 'dress' ]
Found components for "Black Slit Dress And Jacket Set": [ 'jacket', 'dress' ]
Found components for "Black Motif Banarasi Kurta Set": [ 'top', 'bottom', 'dupatta', 'dress' ]
Product Black Slit Dress And Jacket Set already processed (component Jacket exists)
Found components for "Black Spaghetti Dhoti Set": [ 'top', 'bottom', 'dupatta' ]
Found components for "Black White Embroidery Coord Set - Two Piece": [ 'top', 'bottom', 'accessory', 'dress' ]
Found components for "Black Pakistani Suit Set": [ 'top', 'bottom', 'dupatta', 'dress' ]
Found components for "Black White Half Jumpsuit Jacket Set": [ 'jacket', 'accessory', 'dress', 'jumpsuit' ]
Product Black White Half Jumpsuit Jacket Set already processed (component Jacket exists)
Found components for "Black White Spaghetti Sharara Set": [ 'top', 'bottom', 'dupatta', 'dress' ]
Found components for "Black Pathani Dhoti Banjara Potli Set": [ 'top', 'bottom', 'accessory' ]
Found components for "Black White Zipper Coord Set": [ 'top', 'bottom', 'kaftan' ]
Found components for "Black Pathani Set - Best Pathani Suit for Women": [ 'top', 'bottom' ]
Found components for "Blue Abstract Waist Coat Set": [ 'top', 'bottom', 'jacket' ]
Found components for "Black Peach Waist Coat Set": [ 'top', 'bottom', 'jacket' ]
Found components for "Black Sharara Set": [ 'top', 'bottom', 'dupatta' ]
Found components for "Blue Bandhani Banarasi  Kurta Set": [ 'top', 'bottom', 'dupatta', 'dress' ]
Found components for "Blue Blazer Set": [ 'bottom', 'jacket' ]
Found components for "Blue Bralette Kurta Set": [ 'top', 'bottom' ]
Found components for "Black Shell Skirt Sari - Two Piece Set": [ 'top', 'bottom', 'saree' ]
Found components for "Blue Card Print Coord Set with Handbag": [ 'top', 'bottom', 'accessory' ]
Found components for "Black Slit Dress And Jacket Set": [ 'jacket', 'dress' ]
Found components for "Blue Evil Eye Shubh Labh Set - Accessory": [ 'accessory' ]
Product Blue Evil Eye Shubh Labh Set - Accessory already processed (component Accessory exists)
Found components for "Blue Flared Pants With Patchwork Corset Top": [ 'top', 'bottom' ]
Product Black Slit Dress And Jacket Set already processed (component Jacket exists)
Found components for "Black Spaghetti Dhoti Set": [ 'top', 'bottom', 'dupatta' ]
Product Blue Flared Pants With Patchwork Corset Top already processed (component Top exists)
Found components for "Blue Flower Off White Coord Set": [ 'top', 'bottom', 'dress' ]
Found components for "Blue Flower Suit Set": [ 'dress' ]
Found components for "Black White Embroidery Coord Set - Two Piece": [ 'top', 'bottom', 'accessory', 'dress' ]
Found components for "Black White Half Jumpsuit Jacket Set": [ 'jacket', 'accessory', 'dress', 'jumpsuit' ]
Found components for "Blue Gold Jumpsuit Jacket Set": [ 'jacket', 'jumpsuit' ]
Product Black White Half Jumpsuit Jacket Set already processed (component Jacket exists)
Found components for "Black White Spaghetti Sharara Set": [ 'top', 'bottom', 'dupatta', 'dress' ]
Product Blue Gold Jumpsuit Jacket Set already processed (component Jacket exists)
Found components for "Blue Green Farshi Set": [ 'top', 'bottom' ]
Found components for "Black White Zipper Coord Set": [ 'top', 'bottom', 'kaftan' ]
Found components for "Blue Half Kaftan Coord Set": [ 'top', 'bottom', 'kaftan' ]
Found components for "Blue Abstract Waist Coat Set": [ 'top', 'bottom', 'jacket' ]
Found components for "Blue Kurta Jacket Set": [ 'top', 'bottom', 'jacket', 'dress' ]
Product Blue Kurta Jacket Set already processed (component Jacket exists)
Found components for "Blue Kurta Pallazo Set": [ 'top', 'bottom', 'dress' ]
Found components for "Blue Bandhani Banarasi  Kurta Set": [ 'top', 'bottom', 'dupatta', 'dress' ]
Found components for "Blue Blazer Set": [ 'bottom', 'jacket' ]
Found components for "Blue Lotus Coord Set": [ 'top', 'bottom', 'dress', 'kaftan' ]
Found components for "Blue Bralette Kurta Set": [ 'top', 'bottom' ]
Found components for "Blue Organza Anarkali Kurta Set": [ 'top', 'bottom', 'dupatta', 'dress' ]
Found components for "Blue Card Print Coord Set with Handbag": [ 'top', 'bottom', 'accessory' ]
Found components for "Blue Pink Embroidery 3 Piece Set- Pant, Jacket, Blouse": [ 'top', 'bottom', 'jacket', 'dress', 'cape' ]
Found components for "Blue Evil Eye Shubh Labh Set - Accessory": [ 'accessory' ]
Product Blue Pink Embroidery 3 Piece Set- Pant, Jacket, Blouse already processed (component Jacket exists)
Found components for "Blue Pink Sharara Set": [ 'top', 'bottom', 'dupatta', 'dress' ]
Product Blue Evil Eye Shubh Labh Set - Accessory already processed (component Accessory exists)
Found components for "Blue Flared Pants With Patchwork Corset Top": [ 'top', 'bottom' ]
Product Blue Flared Pants With Patchwork Corset Top already processed (component Top exists)
Found components for "Blue Flower Off White Coord Set": [ 'top', 'bottom', 'dress' ]
Found components for "Blue Polka Off Shoulder Coord Set": [ 'top', 'bottom', 'dress', 'kaftan' ]
Found components for "Blue Flower Suit Set": [ 'dress' ]
Found components for "Blue Red Suit Set": [ 'top', 'bottom', 'dupatta', 'dress' ]
Found components for "Blue Gold Jumpsuit Jacket Set": [ 'jacket', 'jumpsuit' ]
Found components for "Blue Shell Skirt Sari - Two Piece Set": [ 'top', 'bottom', 'saree' ]
